iteration,gradient_descent_normalized_gradient_norm,conjugate_gradient_normalized_gradient_norm
0,1.0,1.0
1,0.8322688407705493,0.2930736170917967
2,0.8241542172241478,0.1316605610070968
3,0.820732024560142,0.05118793584364873
4,0.8186360692014252,0.06490243330129503
5,0.8171173866200877,0.03216307208083231
6,0.8158672497233218,0.024187468749799552
7,0.814751427651557,0.020236886727664275
8,0.8137087460373744,0.016385862630759668
9,0.8127095957997251,0.010188059310842648
10,0.8117385778639852,0.0073446340455742805
11,0.8107870354400032,0.008058225728155845
12,0.8098497200664033,0.005196895353178826
13,0.8089232319389401,0.005340207458531919
14,0.8080052478469847,0.0036851826022717797
15,0.8070941137844183,0.010307009200453734
16,0.8061886152264957,0.0029138281651554703
17,0.8052878391423286,0.0025015262361647223
18,0.8043910863907408,0.003929812285498615
19,0.8034978135154899,0.0019973389852147054
20,0.8026075926638979,0.004648733081569382
21,0.8017200832103707,0.0018309382465454373
22,0.8008350112292247,0.0010837181461071596
23,0.7999521543892028,0.001023474891355302
24,0.7990713306803826,0.0006956669013193406
25,0.7981923898999908,0.0005650039390183567
26,0.7973152071539832,0.0005989450017907962
27,0.7964396778498302,0.0007166049102538221
28,0.7955657138044021,0.0005385214303850438
29,0.794693240193776,0.000413978157871425
30,0.7938221931443398,0.0002916751799851384
31,0.7929525178164113,0.0005893166403267096
32,0.7920841668690454,0.0007774565092171333
33,0.7912170992220507,0.00016578680471970593
34,0.7903512790513648,0.0002511882310355986
35,0.7894866749688884,0.00021281825102702597
36,0.7886232593490593,0.00023916014395162046
37,0.7877610077728799,9.834346834207254e-05
38,0.7868998985665047,8.319479845454179e-05
39,0.7860399124163843,0.0001258948957303224
40,0.7851810320467274,5.732665655551579e-05
41,0.7843232419479433,3.7263261704518e-05
42,0.7834665281470032,5.052350686857522e-05
43,0.7826108780124282,3.387196423108156e-05
44,0.7817562800880131,2.3143804540036607e-05
45,0.7809027239504974,2.968503215155735e-05
46,0.7800502000872853,1.7076567030690404e-05
47,0.7791986997910093,2.7851951132899676e-05
48,0.778348215068309,4.474847299869824e-05
49,0.7774987385606454,8.47185615334411e-06
50,0.7766502634753499,2.6173817970990185e-05
51,0.7758027835253993,2.532778734350223e-05
52,0.7749562928766611,7.213698156792725e-06
53,0.7741107861015573,5.648334329382313e-06
54,0.7732662581382508,6.8356798542788445e-06
55,0.7724227042546127,8.337809105145682e-06
56,0.771580120016325,3.1891868244078484e-06
57,0.7707385012585839,1.9698685483233775e-06
58,0.7698978440609361,1.1002029063904916e-05
59,0.7690581447248579,1.7877519156208644e-06
60,0.7682193997537328,1.940793150124775e-06
61,0.767381605834938,1.9498261255067643e-06
62,0.7665447598237858,1.679106806267758e-06
63,0.7657088587291023,1.1126296756758227e-06
64,0.7648738997002541,3.747784402742737e-06
65,0.7640398800154544,1.2648856142581558e-06
66,0.7632067970712121,4.74766662275871e-07
67,0.7623746483727878,4.6640931429537935e-07
68,0.7615434315255566,5.29621692975003e-07
69,0.7607131442271728,2.0254442576262293e-07
70,0.7598837842604566,8.313309397751703e-07
71,0.7590553494869241,2.2253863638101136e-07
72,0.7582278378408978,2.3104085770601509e-07
73,0.7574012473241352,3.2936255385106136e-07
74,0.7565755760009245,1.9948262047601786e-07
75,0.7557508219936048,8.807510844077768e-08
76,0.7549269834784634,2.809620172783193e-07
77,0.7541040586819785,6.805201502394691e-08
78,0.7532820458773711,1.817551276500174e-07
79,0.7524609433814415,7.074360457828526e-08
80,0.7516407495516586,3.588748924816796e-08
81,0.7508214627834819,5.0891592431967353e-08
82,0.7500030815078959,2.0186203198752914e-08
83,0.7491856041891335,6.434825340204291e-08
84,0.7483690293225793,3.996268030518314e-08
85,0.7475533554328264,1.734203936964241e-08
86,0.7467385810718852,2.0994479924312607e-08
87,0.745924704817521,4.626880188062693e-08
88,0.7451117252717158,7.906002427695888e-09
89,0.744299641059242,
90,0.7434884508263374,
91,0.7426781532394757,
92,0.7418687469842223,
93,0.7410602307641712,
94,0.7402526032999526,
95,0.7394458633283116,
96,0.7386400096012452,
97,0.7378350408851997,
98,0.7370309559603194,
99,0.7362277536197458,
100,0.7354254326689603,
101,0.7346239919251704,
102,0.7338234302167345,
103,0.7330237463826228,
104,0.7322249392719113,
105,0.7314270077433075,
106,0.7306299506647037,
107,0.7298337669127604,
108,0.7290384553725104,
109,0.7282440149369902,
110,0.7274504445068894,
111,0.7266577429902248,
112,0.7258659093020289,
113,0.7250749423640588,
114,0.7242848411045216,
115,0.7234956044578141,
116,0.7227072313642767,
117,0.7219197207699632,
118,0.7211330716264202,
119,0.7203472828904801,
120,0.7195623535240658,
121,0.718778282494004,
122,0.7179950687718494,
123,0.7172127113337187,
124,0.7164312091601314,
125,0.7156505612358612,
126,0.7148707665497928,
127,0.7140918240947866,
128,0.7133137328675517,
129,0.7125364918685229,
130,0.7117601001017447,
131,0.7109845565747621,
132,0.7102098602985153,
133,0.7094360102872395,
134,0.7086630055583701,
135,0.7078908451324528,
136,0.7071195280330567,
137,0.7063490532866924,
138,0.7055794199227335,
139,0.7048106269733418,
140,0.7040426734733961,
141,0.703275558460424,
142,0.7025092809745365,
143,0.7017438400583667,
144,0.7009792347570095,
145,0.7002154641179646,
146,0.699452527191084,
147,0.6986904230285175,
148,0.6979291506846645,
149,0.6971687092161265,
150,0.6964090976816607,
151,0.6956503151421367,
152,0.6948923606604946,
153,0.6941352333017051,
154,0.6933789321327302,
155,0.6926234562224876,
156,0.6918688046418137,
157,0.6911149764634311,
158,0.690361970761915,
159,0.6896097866136618,
160,0.6888584230968596,
161,0.6881078792914592,
162,0.6873581542791449,
163,0.68660924714331,
164,0.6858611569690288,
165,0.6851138828430338,
166,0.68436742385369,
167,0.6836217790909732,
168,0.6828769476464481,
169,0.6821329286132455,
170,0.6813897210860432,
171,0.6806473241610456,
172,0.6799057369359647,
173,0.6791649585100014,
174,0.6784249879838286,
175,0.6776858244595734,
176,0.6769474670408003,
177,0.6762099148324964,
178,0.6754731669410541,
179,0.6747372224742582,
180,0.6740020805412702,
181,0.6732677402526152,
182,0.6725342007201675,
183,0.6718014610571382,
184,0.671069520378063,
185,0.6703383777987891,
186,0.6696080324364643,
187,0.6688784834095243,
188,0.6681497298376833,
189,0.667421770841922,
190,0.6666946055444781,
191,0.6659682330688356,
192,0.665242652539715,
193,0.6645178630830646,
194,0.6637938638260508,
195,0.6630706538970488,
196,0.6623482324256347,
197,0.6616265985425771,
198,0.6609057513798282,
199,0.6601856900705164,
200,0.6594664137489389,
201,0.658747921550554,
202,0.6580302126119728,
203,0.6573132860709543,
204,0.6565971410663968,
205,0.6558817767383316,
206,0.655167192227917,
207,0.6544533866774314,
208,0.6537403592302671,
209,0.653028109030925,
210,0.6523166352250086,
211,0.6516059369592173,
212,0.650896013381342,
213,0.6501868636402593,
214,0.6494784868859265,
215,0.6487708822693752,
216,0.6480640489427084,
217,0.647357986059094,
218,0.6466526927727602,
219,0.6459481682389915,
220,0.6452444116141237,
221,0.6445414220555398,
222,0.6438391987216646,
223,0.6431377407719622,
224,0.6424370473669302,
225,0.6417371176680968,
226,0.6410379508380158,
227,0.6403395460402639,
228,0.6396419024394355,
229,0.6389450192011408,
230,0.6382488954920001,
231,0.637553530479642,
232,0.6368589233326988,
233,0.6361650732208035,
234,0.6354719793145864,
235,0.6347796407856717,
236,0.6340880568066748,
237,0.6333972265511982,
238,0.6327071491938293,
239,0.6320178239101369,
240,0.631329249876668,
241,0.630641426270946,
242,0.6299543522714662,
243,0.6292680270576942,
244,0.6285824498100627,
245,0.6278976197099689,
246,0.6272135359397712,
247,0.6265301976827881,
248,0.6258476041232938,
249,0.6251657544465167,
250,0.6244846478386369,
251,0.6238042834867834,
252,0.6231246605790318,
253,0.622445778304402,
254,0.6217676358528555,
255,0.6210902324152944,
256,0.6204135671835568,
257,0.6197376393504168,
258,0.6190624481095808,
259,0.6183879926556868,
260,0.6177142721843004,
261,0.6170412858919142,
262,0.6163690329759449,
263,0.6156975126347324,
264,0.6150267240675358,
265,0.6143566664745332,
266,0.6136873390568189,
267,0.613018741016402,
268,0.6123508715562033,
269,0.6116837298800549,
270,0.6110173151926976,
271,0.6103516266997789,
272,0.6096866636078517,
273,0.6090224251243719,
274,0.608358910457697,
275,0.6076961188170843,
276,0.6070340494126892,
277,0.6063727014555634,
278,0.6057120741576529,
279,0.6050521667317974,
280,0.6043929783917269,
281,0.6037345083520618,
282,0.6030767558283101,
283,0.6024197200368666,
284,0.6017634001950103,
285,0.601107795520904,
286,0.6004529052335918,
287,0.5997987285529983,
288,0.5991452646999266,
289,0.5984925128960565,
290,0.5978404723639439,
291,0.5971891423270187,
292,0.5965385220095831,
293,0.5958886106368109,
294,0.5952394074347453,
295,0.594590911630298,
296,0.5939431224512476,
297,0.5932960391262381,
298,0.5926496608847776,
299,0.5920039869572365,
300,0.5913590165748472,
301,0.5907147489697017,
302,0.5900711833747502,
303,0.589428319023801,
304,0.5887861551515176,
305,0.5881446909934184,
306,0.587503925785875,
307,0.5868638587661111,
308,0.5862244891722008,
309,0.5855858162430682,
310,0.5849478392184847,
311,0.5843105573390692,
312,0.5836739698462862,
313,0.5830380759824441,
314,0.5824028749906945,
315,0.5817683661150317,
316,0.5811345486002893,
317,0.5805014216921416,
318,0.5798689846371003,
319,0.5792372366825146,
320,0.5786061770765693,
321,0.5779758050682836,
322,0.577346119907511,
323,0.5767171208449364,
324,0.5760888071320763,
325,0.575461178021277,
326,0.5748342327657138,
327,0.5742079706193894,
328,0.573582390837133,
329,0.5729574926745996,
330,0.5723332753882681,
331,0.5717097382354405,
332,0.5710868804742408,
333,0.5704647013636143,
334,0.5698432001633257,
335,0.5692223761339583,
336,0.5686022285369133,
337,0.5679827566344083,
338,0.5673639596894765,
339,0.5667458369659648,
340,0.5661283877285341,
341,0.5655116112426569,
342,0.5648955067746174,
343,0.5642800735915093,
344,0.5636653109612357,
345,0.5630512181525074,
346,0.5624377944348421,
347,0.5618250390785636,
348,0.5612129513548002,
349,0.5606015305354842,
350,0.5599907758933504,
351,0.5593806867019359,
352,0.5587712622355776,
353,0.5581625017694128,
354,0.5575544045793772,
355,0.556946969942204,
356,0.5563401971354235,
357,0.555734085437361,
358,0.5551286341271371,
359,0.5545238424846654,
360,0.5539197097906523,
361,0.5533162353265965,
362,0.5527134183747864,
363,0.5521112582183006,
364,0.5515097541410064,
365,0.5509089054275588,
366,0.5503087113633994,
367,0.5497091712347557,
368,0.5491102843286398,
369,0.5485120499328482,
370,0.5479144673359595,
371,0.5473175358273348,
372,0.5467212546971161,
373,0.5461256232362252,
374,0.5455306407363628,
375,0.5449363064900085,
376,0.5443426197904181,
377,0.5437495799316243,
378,0.5431571862084349,
379,0.5425654379164319,
380,0.541974334351971,
381,0.5413838748121802,
382,0.540794058594959,
383,0.5402048849989777,
384,0.5396163533236763,
385,0.5390284628692633,
386,0.5384412129367155,
387,0.5378546028277766,
388,0.537268631844956,
389,0.5366832992915285,
390,0.5360986044715329,
391,0.5355145466897717,
392,0.5349311252518092,
393,0.5343483394639721,
394,0.5337661886333467,
395,0.5331846720677796,
396,0.5326037890758762,
397,0.5320235389669996,
398,0.5314439210512701,
399,0.5308649346395641,
400,0.530286579043513,
401,0.5297088535755027,
402,0.5291317575486727,
403,0.5285552902769153,
404,0.5279794510748739,
405,0.5274042392579432,
406,0.5268296541422678,
407,0.5262556950447411,
408,0.525682361283005,
409,0.5251096521754489,
410,0.5245375670412081,
411,0.523966105200164,
412,0.5233952659729426,
413,0.5228250486809137,
414,0.5222554526461901,
415,0.5216864771916271,
416,0.5211181216408208,
417,0.5205503853181082,
418,0.5199832675485654,
419,0.5194167676580076,
420,0.5188508849729879,
421,0.5182856188207963,
422,0.5177209685294588,
423,0.5171569334277372,
424,0.5165935128451273,
425,0.516030706111859,
426,0.5154685125588948,
427,0.5149069315179292,
428,0.5143459623213876,
429,0.5137856043024259,
430,0.5132258567949299,
431,0.5126667191335134,
432,0.5121081906535179,
433,0.5115502706910124,
434,0.5109929585827918,
435,0.5104362536663765,
436,0.5098801552800107,
437,0.5093246627626632,
438,0.5087697754540249,
439,0.5082154926945093,
440,0.5076618138252503,
441,0.5071087381881031,
442,0.5065562651256418,
443,0.5060043939811594,
444,0.5054531240986669,
445,0.5049024548228925,
446,0.5043523854992805,
447,0.5038029154739907,
448,0.5032540440938976,
449,0.5027057707065897,
450,0.5021580946603684,
451,0.5016110153042476,
452,0.5010645319879522,
453,0.5005186440619183,
454,0.4999733508772911,
455,0.4994286517859257,
456,0.4988845461403849,
457,0.4983410332939392,
458,0.49779811260056567,
459,0.4972557834149471,
460,0.4967140450924714,
461,0.49617289698923106,
462,0.4956323384620216,
463,0.49509236886834135,
464,0.4945529875663908,
465,0.49401419391507134,
466,0.49347598727398473,
467,0.492938367003432,
468,0.49240133246441337,
469,0.4918648830186267,
470,0.4913290180284673,
471,0.4907937368570266,
472,0.49025903886809197,
473,0.4897249234261454,
474,0.48919138989636285,
475,0.48865843764461386,
476,0.48812606603746034,
477,0.487594274442156,
478,0.48706306222664536,
479,0.48653242875956326,
480,0.48600237341023406,
481,0.4854728955486706,
482,0.4849439945455737,
483,0.48441566977233114,
484,0.48388792060101754,
485,0.48336074640439236,
486,0.4828341465559005,
487,0.48230812042967064,
488,0.48178266740051495,
489,0.4812577868439278,
490,0.48073347813608563,
491,0.48020974065384586,
492,0.4796865737747461,
493,0.4791639768770033,
494,0.4786419493395136,
495,0.4781204905418506,
496,0.4775995998642657,
497,0.47707927668768635,
498,0.4765595203937157,
499,0.4760403303646324,
500,0.4755217059833888,
501,0.4750036466336109,
502,0.47448615169959735,
503,0.47396922056631924,
504,0.47345285261941816,
505,0.47293704724520685,
506,0.4724218038306675,
507,0.47190712176345123,
508,0.4713930004318777,
509,0.47087943922493397,
510,0.47036643753227375,
511,0.46985399474421696,
512,0.46934211025174893,
513,0.4688307834465192,
514,0.4683200137208416,
515,0.46780980046769266,
516,0.4673001430807116,
517,0.4667910409541991,
518,0.4662824934831168,
519,0.4657745000630864,
520,0.4652670600903893,
521,0.4647601729619653,
522,0.46425383807541243,
523,0.46374805482898585,
524,0.46324282262159727,
525,0.46273814085281423,
526,0.46223400892285943,
527,0.4617304262326097,
528,0.46122739218359565,
529,0.4607249061780008,
530,0.4602229676186609,
531,0.4597215759090631,
532,0.45922073045334527,
533,0.4587204306562954,
534,0.4582206759233508,
535,0.4577214656605973,
536,0.4572227992747686,
537,0.4567246761732456,
538,0.45622709576405573,
539,0.45573005745587214,
540,0.45523356065801285,
541,0.4547376047804404,
542,0.45424218923376075,
543,0.45374731342922303,
544,0.45325297677871823,
545,0.45275917869477894,
546,0.4522659185905788,
547,0.45177319587993103,
548,0.45128100997728854,
549,0.4507893602977429,
550,0.45029824625702347,
551,0.44980766727149707,
552,0.4493176227581668,
553,0.4488281121346719,
554,0.4483391348192865,
555,0.4478506902309193,
556,0.44736277778911276,
557,0.4468753969140425,
558,0.44638854702651626,
559,0.44590222754797365,
560,0.44541643790048513,
561,0.4449311775067516,
562,0.4444464457901033,
563,0.4439622421744994,
564,0.44347856608452735,
565,0.44299541694540223,
566,0.4425127941829658,
567,0.4420306972236858,
568,0.44154912549465564,
569,0.4410680784235934,
570,0.4405875554388412,
571,0.4401075559693645,
572,0.43962807944475163,
573,0.4391491252952127,
574,0.4386706929515794,
575,0.43819278184530386,
576,0.43771539140845805,
577,0.4372385210737336,
578,0.43676217027444053,
579,0.43628633844450676,
580,0.4358110250184775,
581,0.4353362294315144,
582,0.43486195111939524,
583,0.4343881895185129,
584,0.4339149440658747,
585,0.43344221419910195,
586,0.43296999935642894,
587,0.4324982989767029,
588,0.43202711249938247,
589,0.43155643936453764,
590,0.43108627901284896,
591,0.4306166308856066,
592,0.4301474944247101,
593,0.4296788690726676,
594,0.4292107542725947,
595,0.4287431494682142,
596,0.42827605410385583,
597,0.4278094676244548,
598,0.4273433894755515,
599,0.42687781910329087,
600,0.42641275595442163,
601,0.42594819947629586,
602,0.4254841491168679,
603,0.42502060432469413,
604,0.42455756454893206,
605,0.42409502923933984,
606,0.4236329978462752,
607,0.4231714698206954,
608,0.42271044461415624,
609,0.4222499216788111,
610,0.42178990046741094,
611,0.42133038043330323,
612,0.42087136103043155,
613,0.4204128417133344,
614,0.4199548219371452,
615,0.4194973011575911,
616,0.419040278830993,
617,0.4185837544142641,
618,0.4181277273649099,
619,0.41767219714102705,
620,0.41721716320130303,
621,0.4167626250050155,
622,0.4163085820120315,
623,0.415855033682807,
624,0.41540197947838586,
625,0.41494941886039977,
626,0.41449735129106696,
627,0.4140457762331921,
628,0.41359469315016545,
629,0.4131441015059621,
630,0.4126940007651416,
631,0.412244390392847,
632,0.41179526985480436,
633,0.41134663861732246,
634,0.41089849614729146,
635,0.41045084191218273,
636,0.4100036753800481,
637,0.40955699601951945,
638,0.4091108032998075,
639,0.40866509669070195,
640,0.4082198756625701,
641,0.40777513968635687,
642,0.4073308882335836,
643,0.40688712077634764,
644,0.40644383678732215,
645,0.4060010357397547,
646,0.405558717107467,
647,0.4051168803648545,
648,0.40467552498688547,
649,0.4042346504491005,
650,0.4037942562276118,
651,0.4033543417991025,
652,0.40291490664082624,
653,0.40247595023060645,
654,0.4020374720468356,
655,0.40159947156847486,
656,0.40116194827505314,
657,0.40072490164666685,
658,0.4002883311639788,
659,0.399852236308218,
660,0.3994166165611789,
661,0.3989814714052207,
662,0.3985468003232668,
663,0.3981126027988043,
664,0.39767887831588306,
665,0.3972456263591153,
666,0.39681284641367526,
667,0.39638053796529793,
668,0.395948700500279,
669,0.3955173335054741,
670,0.395086436468298,
671,0.39465600887672403,
672,0.394226050219284,
673,0.39379655998506663,
674,0.3933675376637179,
675,0.39293898274543987,
676,0.39251089472099016,
677,0.39208327308168145,
678,0.3916561173193809,
679,0.3912294269265094,
680,0.3908032013960409,
681,0.39037744022150217,
682,0.3899521428969718,
683,0.38952730891707993,
684,0.3891029377770074,
685,0.3886790289724852,
686,0.3882555819997938,
687,0.3878325963557629,
688,0.3874100715377704,
689,0.3869880070437421,
690,0.38656640237215084,
691,0.3861452570220161,
692,0.3857245704929033,
693,0.3853043422849234,
694,0.38488457189873204,
695,0.384465258835529,
696,0.38404640259705797,
697,0.3836280026856051,
698,0.3832100586039994,
699,0.3827925698556117,
700,0.3823755359443538,
701,0.3819589563746783,
702,0.38154283065157796,
703,0.38112715828058485,
704,0.3807119387677699,
705,0.38029717161974225,
706,0.379882856343649,
707,0.3794689924471741,
708,0.37905557943853824,
709,0.37864261682649797,
710,0.3782301041203451,
711,0.3778180408299062,
712,0.3774064264655423,
713,0.3769952605381476,
714,0.3765845425591496,
715,0.3761742720405081,
716,0.37576444849471496,
717,0.3753550714347932,
718,0.37494614037429636,
719,0.37453765482730844,
720,0.3741296143084426,
721,0.3737220183328412,
722,0.37331486641617495,
723,0.3729081580746422,
724,0.3725018928249688,
725,0.37209607018440694,
726,0.37169068967073526,
727,0.37128575080225745,
728,0.3708812530978026,
729,0.37047719607672375,
730,0.37007357925889794,
731,0.36967040216472524,
732,0.36926766431512875,
733,0.3688653652315532,
734,0.3684635044359651,
735,0.3680620814508517,
736,0.36766109579922074,
737,0.3672605470045996,
738,0.366860434591035,
739,0.3664607580830927,
740,0.3660615170058556,
741,0.36566271088492497,
742,0.36526433924641877,
743,0.36486640161697137,
744,0.36446889752373285,
745,0.3640718264943688,
746,0.36367518805705923,
747,0.36327898174049855,
748,0.3628832070738947,
749,0.36248786358696855,
750,0.36209295080995346,
751,0.36169846827359486,
752,0.3613044155091493,
753,0.3609107920483842,
754,0.3605175974235773,
755,0.3601248311675159,
756,0.35973249281349645,
757,0.35934058189532403,
758,0.35894909794731167,
759,0.35855804050427986,
760,0.3581674091015559,
761,0.35777720327497375,
762,0.35738742256087275,
763,0.35699806649609783,
764,0.35660913461799837,
765,0.356220626464428,
766,0.355832541573744,
767,0.3554448794848065,
768,0.3550576397369784,
769,0.3546708218701244,
770,0.35428442542461036,
771,0.35389844994130343,
772,0.35351289496157073,
773,0.3531277600272794,
774,0.35274304468079565,
775,0.3523587484649842,
776,0.3519748709232082,
777,0.35159141159932816,
778,0.3512083700377018,
779,0.35082574578318315,
780,0.35044353838112235,
781,0.3500617473773649,
782,0.3496803723182511,
783,0.34929941275061577,
784,0.3489188682217873,
785,0.3485387382795875,
786,0.3481590224723308,
787,0.34777972034882376,
788,0.3474008314583649,
789,0.3470223553507435,
790,0.3466442915762395,
791,0.34626663968562277,
792,0.34588939923015305,
793,0.3455125697615786,
794,0.3451361508321365,
795,0.34476014199455157,
796,0.34438454280203584,
797,0.3440093528082883,
798,0.34363457156749444,
799,0.3432601986343252,
800,0.342886233563937,
801,0.3425126759119709,
802,0.3421395252345521,
803,0.34176678108828956,
804,0.3413944430302752,
805,0.34102251061808386,
806,0.340650983409772,
807,0.3402798609638781,
808,0.3399091428394214,
809,0.3395388285959018,
810,0.33916891779329894,
811,0.3387994099920721,
812,0.33843030475315955,
813,0.33806160163797777,
814,0.3376933002084212,
815,0.33732540002686184,
816,0.33695790065614833,
817,0.3365908016596056,
818,0.3362241026010345,
819,0.3358578030447113,
820,0.33549190255538663,
821,0.33512640069828586,
822,0.3347612970391078,
823,0.3343965911440245,
824,0.33403228257968076,
825,0.3336683709131936,
826,0.3333048557121518,
827,0.3329417365446149,
828,0.33257901297911346,
829,0.33221668458464826,
830,0.3318547509306893,
831,0.33149321158717593,
832,0.33113206612451623,
833,0.330771314113586,
834,0.3304109551257289,
835,0.33005098873275557,
836,0.32969141450694317,
837,0.32933223202103495,
838,0.3289734408482397,
839,0.3286150405622312,
840,0.3282570307371477,
841,0.3278994109475917,
842,0.32754218076862895,
843,0.32718533977578834,
844,0.3268288875450612,
845,0.32647282365290103,
846,0.3261171476762224,
847,0.3257618591924014,
848,0.3254069577792742,
849,0.3250524430151372,
850,0.3246983144787462,
851,0.32434457174931586,
852,0.3239912144065195,
853,0.32363824203048847,
854,0.3232856542018112,
855,0.3229334505015337,
856,0.32258163051115796,
857,0.3222301938126421,
858,0.32187913998840006,
859,0.32152846862130025,
860,0.3211781792946659,
861,0.3208282715922741,
862,0.3204787450983556,
863,0.3201295993975941,
864,0.31978083407512575,
865,0.3194324487165388,
866,0.3190844429078729,
867,0.318736816235619,
868,0.31838956828671827,
869,0.31804269864856227,
870,0.31769620690899186,
871,0.3173500926562971,
872,0.3170043554792166,
873,0.3166589949669372,
874,0.31631401070909315,
875,0.31596940229576587,
876,0.31562516931748347,
877,0.3152813113652203,
878,0.3149378280303961,
879,0.31459471890487606,
880,0.3142519835809699,
881,0.31390962165143155,
882,0.3135676327094588,
883,0.3132260163486925,
884,0.3128847721632163,
885,0.3125438997475563,
886,0.3122033986966801,
887,0.3118632686059968,
888,0.31152350907135623,
889,0.31118411968904863,
890,0.3108451000558042,
891,0.3105064497687922,
892,0.3101681684256211,
893,0.3098302556243378,
894,0.30949271096342695,
895,0.3091555340418109,
896,0.30881872445884867,
897,0.3084822818143361,
898,0.30814620570850504,
899,0.30781049574202285,
900,0.3074751515159919,
901,0.3071401726319493,
902,0.3068055586918663,
903,0.30647130929814775,
904,0.30613742405363176,
905,0.3058039025615892,
906,0.30547074442572303,
907,0.3051379492501682,
908,0.30480551663949085,
909,0.3044734461986881,
910,0.30414173753318713,
911,0.30381039024884543,
912,0.3034794039519496,
913,0.30314877824921554,
914,0.30281851274778726,
915,0.30248860705523706,
916,0.30215906077956484,
917,0.30182987352919743,
918,0.30150104491298835,
919,0.30117257454021734,
920,0.3008444620205898,
921,0.3005167069642365,
922,0.30018930898171264,
923,0.2998622676839983,
924,0.2995355826824968,
925,0.2992092535890354,
926,0.2988832800158638,
927,0.29855766157565455,
928,0.2982323978815019,
929,0.297907488546922,
930,0.2975829331858518,
931,0.29725873141264897,
932,0.2969348828420914,
933,0.2966113870893767,
934,0.2962882437701216,
935,0.2959654525003616,
936,0.2956430128965509,
937,0.29532092457556125,
938,0.2949991871546819,
939,0.29467780025161905,
940,0.29435676348449563,
941,0.29403607647185037,
942,0.29371573883263774,
943,0.29339575018622743,
944,0.29307611015240365,
945,0.29275681835136497,
946,0.292437874403724,
947,0.2921192779305062,
948,0.2918010285531504,
949,0.29148312589350756,
950,0.2911655695738409,
951,0.29084835921682506,
952,0.29053149444554577,
953,0.2902149748834995,
954,0.2898988001545928,
955,0.2895829698831422,
956,0.2892674836938733,
957,0.28895234121192076,
958,0.2886375420628275,
959,0.28832308587254457,
960,0.28800897226743055,
961,0.28769520087425093,
962,0.2873817713201781,
963,0.2870686832327905,
964,0.2867559362400723,
965,0.2864435299704131,
966,0.2861314640526074,
967,0.2858197381158539,
968,0.2855083517897556,
969,0.28519730470431887,
970,0.2848865964899532,
971,0.28457622677747085,
972,0.2842661951980863,
973,0.2839565013834158,
974,0.28364714496547694,
975,0.2833381255766882,
976,0.2830294428498687,
977,0.2827210964182374,
978,0.28241308591541303,
979,0.2821054109754135,
980,0.2817980712326553,
981,0.28149106632195353,
982,0.2811843958785208,
983,0.2808780595379674,
984,0.28057205693630066,
985,0.2802663877099243,
986,0.27996105149563827,
987,0.2796560479306383,
988,0.2793513766525153,
989,0.2790470372992552,
990,0.27874302950923807,
991,0.27843935292123817,
992,0.2781360071744233,
993,0.2778329919083544,
994,0.277530306762985,
995,0.277227951378661,
996,0.2769259253961202,
997,0.27662422845649165,
998,0.27632286020129554,
999,0.27602182027244254,
1000,0.2757211083122336,
1001,0.2754207239633592,
1002,0.2751206668688993,
1003,0.2748209366723226,
1004,0.2745215330174863,
1005,0.27422245554863556,
1006,0.2739237039104031,
1007,0.27362527774780904,
1008,0.27332717670626,
1009,0.27302940043154916,
1010,0.2727319485698554,
1011,0.2724348207677431,
1012,0.272138016672162,
1013,0.271841535930446,
1014,0.27154537819031377,
1015,0.27124954309986743,
1016,0.27095403030759263,
1017,0.27065883946235797,
1018,0.27036397021341463,
1019,0.2700694222103958,
1020,0.26977519510331666,
1021,0.26948128854257336,
1022,0.2691877021789434,
1023,0.26889443566358423,
1024,0.26860148864803385,
1025,0.2683088607842095,
1026,0.26801655172440797,
1027,0.26772456112130477,
1028,0.26743288862795367,
1029,0.2671415338977866,
1030,0.26685049658461313,
1031,0.2665597763426199,
1032,0.2662693728263703,
1033,0.2659792856908042,
1034,0.2656895145912372,
1035,0.2654000591833607,
1036,0.2651109191232409,
1037,0.26482209406731905,
1038,0.2645335836724105,
1039,0.26424538759570454,
1040,0.26395750549476404,
1041,0.2636699370275249,
1042,0.2633826818522955,
1043,0.2630957396277569,
1044,0.2628091100129617,
1045,0.26252279266733414,
1046,0.2622367872506693,
1047,0.2619510934231331,
1048,0.26166571084526175,
1049,0.26138063917796117,
1050,0.2610958780825068,
1051,0.26081142722054296,
1052,0.2605272862540829,
1053,0.26024345484550787,
1054,0.2599599326575671,
1055,0.2596767193533771,
1056,0.2593938145964214,
1057,0.25911121805055054,
1058,0.25882892937998075,
1059,0.2585469482492945,
1060,0.2582652743234395,
1061,0.2579839072677285,
1062,0.25770284674783916,
1063,0.25742209242981295,
1064,0.25714164398005546,
1065,0.25686150106533573,
1066,0.25658166335278565,
1067,0.25630213050990003,
1068,0.25602290220453583,
1069,0.2557439781049118,
1070,0.25546535787960833,
1071,0.2551870411975667,
1072,0.254909027728089,
1073,0.25463131714083753,
1074,0.25435390910583466,
1075,0.2540768032934621,
1076,0.2537999993744606,
1077,0.2535234970199301,
1078,0.2532472959013283,
1079,0.25297139569047106,
1080,0.25269579605953185,
1081,0.2524204966810414,
1082,0.25214549722788693,
1083,0.25187079737331225,
1084,0.2515963967909171,
1085,0.25132229515465687,
1086,0.2510484921388422,
1087,0.2507749874181385,
1088,0.2505017806675655,
1089,0.25022887156249735,
1090,0.24995625977866157,
1091,0.2496839449921391,
1092,0.24941192687936373,
1093,0.2491402051171218,
1094,0.24886877938255172,
1095,0.24859764935314388,
1096,0.24832681470673973,
1097,0.24805627512153194,
1098,0.2477860302760637,
1099,0.24751607984922838,
1100,0.24724642352026924,
1101,0.246977060968779,
1102,0.24670799187469947,
1103,0.24643921591832119,
1104,0.2461707327802829,
1105,0.24590254214157148,
1106,0.2456346436835211,
1107,0.24536703708781338,
1108,0.24509972203647648,
1109,0.24483269821188527,
1110,0.2445659652967605,
1111,0.24429952297416851,
1112,0.24403337092752114,
1113,0.24376750884057513,
1114,0.24350193639743162,
1115,0.24323665328253588,
1116,0.24297165918067729,
1117,0.24270695377698814,
1118,0.2424425367569443,
1119,0.24217840780636396,
1120,0.2419145666114077,
1121,0.2416510128585781,
1122,0.24138774623471923,
1123,0.24112476642701625,
1124,0.2408620731229953,
1125,0.2405996660105227,
1126,0.2403375447778052,
1127,0.24007570911338896,
1128,0.23981415870615955,
1129,0.23955289324534149,
1130,0.23929191242049794,
1131,0.23903121592153012,
1132,0.2387708034386773,
1133,0.23851067466251608,
1134,0.23825082928396024,
1135,0.2379912669942602,
1136,0.2377319874850029,
1137,0.23747299044811132,
1138,0.2372142755758439,
1139,0.23695584256079452,
1140,0.23669769109589173,
1141,0.23643982087439905,
1142,0.2361822315899138,
1143,0.23592492293636733,
1144,0.23566789460802431,
1145,0.23541114629948262,
1146,0.2351546777056728,
1147,0.2348984885218578,
1148,0.23464257844363254,
1149,0.2343869471669236,
1150,0.23413159438798883,
1151,0.23387651980341698,
1152,0.23362172311012744,
1153,0.23336720400536973,
1154,0.23311296218672323,
1155,0.23285899735209678,
1156,0.23260530919972838,
1157,0.2323518974281849,
1158,0.23209876173636135,
1159,0.231845901823481,
1160,0.2315933173890947,
1161,0.23134100813308064,
1162,0.2310889737556441,
1163,0.23083721395731685,
1164,0.230585728438957,
1165,0.2303345169017485,
1166,0.23008357904720098,
1167,0.229832914577149,
1168,0.22958252319375239,
1169,0.22933240459949508,
1170,0.22908255849718534,
1171,0.22883298458995516,
1172,0.22858368258126,
1173,0.2283346521748784,
1174,0.2280858930749115,
1175,0.227837404985783,
1176,0.22758918761223848,
1177,0.22734124065934525,
1178,0.22709356383249202,
1179,0.22684615683738832,
1180,0.22659901938006438,
1181,0.2263521511668708,
1182,0.2261055519044779,
1183,0.22585922129987568,
1184,0.22561315906037338,
1185,0.22536736489359915,
1186,0.22512183850749962,
1187,0.22487657961033963,
1188,0.22463158791070179,
1189,0.22438686311748623,
1190,0.2241424049399104,
1191,0.22389821308750832,
1192,0.22365428727013054,
1193,0.22341062719794363,
1194,0.2231672325814302,
1195,0.222924103131388,
1196,0.22268123855893,
1197,0.22243863857548385,
1198,0.22219630289279166,
1199,0.2219542312229095,
1200,0.22171242327820723,
1201,0.22147087877136806,
1202,0.2212295974153881,
1203,0.22098857892357637,
1204,0.22074782300955406,
1205,0.22050732938725437,
1206,0.2202670977709223,
1207,0.22002712787511386,
1208,0.21978741941469646,
1209,0.21954797210484792,
1210,0.2193087856610563,
1211,0.2190698597991199,
1212,0.21883119423514633,
1213,0.21859278868555274,
1214,0.218354642867065,
1215,0.21811675649671786,
1216,0.21787912929185418,
1217,0.21764176097012486,
1218,0.21740465124948838,
1219,0.21716779984821036,
1220,0.2169312064848636,
1221,0.21669487087832737,
1222,0.21645879274778723,
1223,0.21622297181273475,
1224,0.21598740779296693,
1225,0.21575210040858625,
1226,0.21551704938,
1227,0.2152822544279201,
1228,0.21504771527336275,
1229,0.21481343163764818,
1230,0.21457940324240013,
1231,0.21434562980954563,
1232,0.21411211106131478,
1233,0.21387884672024002,
1234,0.2136458365091565,
1235,0.21341308015120097,
1236,0.213180577369812,
1237,0.21294832788872936,
1238,0.2127163314319939,
1239,0.21248458772394704,
1240,0.21225309648923055,
1241,0.21202185745278626,
1242,0.21179087033985555,
1243,0.21156013487597927,
1244,0.21132965078699717,
1245,0.21109941779904776,
1246,0.2108694356385678,
1247,0.21063970403229226,
1248,0.2104102227072537,
1249,0.21018099139078214,
1250,0.20995200981050463,
1251,0.20972327769434504,
1252,0.2094947947705235,
1253,0.20926656076755631,
1254,0.20903857541425563,
1255,0.20881083843972895,
1256,0.2085833495733789,
1257,0.20835610854490308,
1258,0.2081291150842933,
1259,0.20790236892183583,
1260,0.2076758697881106,
1261,0.20744961741399104,
1262,0.2072236115306439,
1263,0.20699785186952877,
1264,0.2067723381623978,
1265,0.2065470701412954,
1266,0.20632204753855787,
1267,0.20609727008681325,
1268,0.20587273751898066,
1269,0.2056484495682703,
1270,0.20542440596818315,
1271,0.2052006064525104,
1272,0.20497705075533323,
1273,0.20475373861102258,
1274,0.20453066975423895,
1275,0.20430784391993156,
1276,0.2040852608433387,
1277,0.20386292025998698,
1278,0.20364082190569124,
1279,0.20341896551655403,
1280,0.20319735082896542,
1281,0.20297597757960273,
1282,0.20275484550543008,
1283,0.2025339543436983,
1284,0.20231330383194443,
1285,0.20209289370799133,
1286,0.2018727237099476,
1287,0.20165279357620716,
1288,0.201433103045449,
1289,0.2012136518566366,
1290,0.20099443974901804,
1291,0.20077546646212538,
1292,0.2005567317357745,
1293,0.20033823531006467,
1294,0.20011997692537842,
1295,0.19990195632238109,
1296,0.1996841732420205,
1297,0.19946662742552676,
1298,0.1992493186144118,
1299,0.1990322465504693,
1300,0.19881541097577426,
1301,0.19859881163268253,
1302,0.19838244826383067,
1303,0.1981663206121358,
1304,0.19795042842079497,
1305,0.197734771433285,
1306,0.1975193493933623,
1307,0.19730416204506232,
1308,0.1970892091326996,
1309,0.19687449040086688,
1310,0.1966600055944355,
1311,0.1964457544585545,
1312,0.19623173673865077,
1313,0.19601795218042842,
1314,0.19580440052986872,
1315,0.19559108153322952,
1316,0.19537799493704527,
1317,0.19516514048812644,
1318,0.19495251793355942,
1319,0.1947401270207062,
1320,0.1945279674972038,
1321,0.19431603911096434,
1322,0.19410434161017462,
1323,0.19389287474329567,
1324,0.1936816382590626,
1325,0.1934706319064843,
1326,0.1932598554348431,
1327,0.19304930859369437,
1328,0.19283899113286648,
1329,0.19262890280246026,
1330,0.1924190433528488,
1331,0.19220941253467727,
1332,0.1920000100988623,
1333,0.1917908357965921,
1334,0.19158188937932571,
1335,0.1913731705987932,
1336,0.19116467920699504,
1337,0.19095641495620172,
1338,0.1907483775989538,
1339,0.19054056688806145,
1340,0.19033298257660408,
1341,0.19012562441793004,
1342,0.18991849216565657,
1343,0.18971158557366918,
1344,0.18950490439612164,
1345,0.1892984483874354,
1346,0.18909221730229964,
1347,0.1888862108956706,
1348,0.18868042892277173,
1349,0.18847487113909295,
1350,0.18826953730039067,
1351,0.18806442716268731,
1352,0.18785954048227127,
1353,0.18765487701569616,
1354,0.1874504365197812,
1355,0.18724621875161013,
1356,0.1870422234685317,
1357,0.18683845042815883,
1358,0.18663489938836858,
1359,0.18643157010730171,
1360,0.18622846234336263,
1361,0.18602557585521878,
1362,0.18582291040180066,
1363,0.1856204657423013,
1364,0.1854182416361762,
1365,0.18521623784314278,
1366,0.18501445412318038,
1367,0.18481289023652975,
1368,0.18461154594369292,
1369,0.1844104210054327,
1370,0.18420951518277268,
1371,0.1840088282369968,
1372,0.18380835992964897,
1373,0.183608110022533,
1374,0.18340807827771205,
1375,0.18320826445750876,
1376,0.18300866832450446,
1377,0.18280928964153934,
1378,0.18261012817171177,
1379,0.18241118367837836,
1380,0.18221245592515342,
1381,0.18201394467590892,
1382,0.181815649694774,
1383,0.1816175707461349,
1384,0.1814197075946343,
1385,0.18122206000517146,
1386,0.18102462774290182,
1387,0.18082741057323656,
1388,0.18063040826184248,
1389,0.18043362057464174,
1390,0.18023704727781137,
1391,0.1800406881377833,
1392,0.17984454292124377,
1393,0.17964861139513344,
1394,0.1794528933266466,
1395,0.17925738848323133,
1396,0.179062096632589,
1397,0.17886701754267417,
1398,0.1786721509816941,
1399,0.17847749671810859,
1400,0.1782830545206297,
1401,0.17808882415822164,
1402,0.17789480540009997,
1403,0.17770099801573208,
1404,0.17750740177483615,
1405,0.17731401644738148,
1406,0.17712084180358792,
1407,0.1769278776139256,
1408,0.17673512364911478,
1409,0.17654257968012557,
1410,0.17635024547817738,
1411,0.1761581208147391,
1412,0.17596620546152852,
1413,0.17577449919051208,
1414,0.17558300177390468,
1415,0.17539171298416942,
1416,0.17520063259401722,
1417,0.17500976037640673,
1418,0.17481909610454385,
1419,0.17462863955188165,
1420,0.17443839049211995,
1421,0.17424834869920516,
1422,0.17405851394732988,
1423,0.1738688860109328,
1424,0.17367946466469836,
1425,0.17349024968355642,
1426,0.17330124084268209,
1427,0.1731124379174954,
1428,0.17292384068366096,
1429,0.17273544891708797,
1430,0.1725472623939297,
1431,0.17235928089058314,
1432,0.17217150418368907,
1433,0.1719839320501316,
1434,0.17179656426703777,
1435,0.17160940061177754,
1436,0.17142244086196354,
1437,0.17123568479545032,
1438,0.17104913219033485,
1439,0.17086278282495557,
1440,0.17067663647789263,
1441,0.17049069292796715,
1442,0.1703049519542415,
1443,0.17011941333601854,
1444,0.16993407685284156,
1445,0.1697489422844944,
1446,0.16956400941100025,
1447,0.16937927801262231,
1448,0.1691947478698632,
1449,0.16901041876346448,
1450,0.16882629047440662,
1451,0.16864236278390884,
1452,0.16845863547342865,
1453,0.1682751083246617,
1454,0.16809178111954132,
1455,0.16790865364023844,
1456,0.1677257256691615,
1457,0.1675429969889558,
1458,0.16736046738250354,
1459,0.16717813663292344,
1460,0.16699600452357044,
1461,0.1668140708380356,
1462,0.16663233536014568,
1463,0.16645079787396297,
1464,0.16626945816378502,
1465,0.16608831601414442,
1466,0.1659073712098085,
1467,0.1657266235357789,
1468,0.16554607277729178,
1469,0.1653657187198171,
1470,0.16518556114905852,
1471,0.16500559985095328,
1472,0.16482583461167172,
1473,0.16464626521761722,
1474,0.1644668914554258,
1475,0.16428771311196602,
1476,0.1641087299743386,
1477,0.16392994182987614,
1478,0.16375134846614295,
1479,0.1635729496709349,
1480,0.16339474523227887,
1481,0.16321673493843286,
1482,0.1630389185778854,
1483,0.16286129593935555,
1484,0.16268386681179248,
1485,0.16250663098437532,
1486,0.16232958824651292,
1487,0.16215273838784344,
1488,0.16197608119823445,
1489,0.16179961646778218,
1490,0.16162334398681175,
1491,0.16144726354587655,
1492,0.16127137493575833,
1493,0.16109567794746657,
1494,0.16092017237223868,
1495,0.16074485800153934,
1496,0.16056973462706037,
1497,0.1603948020407206,
1498,0.16022006003466574,
1499,0.1600455084012676,
1500,0.1598711469331245,
1501,0.1596969754230605,
1502,0.15952299366412553,
1503,0.15934920144959483,
1504,0.15917559857296906,
1505,0.15900218482797365,
1506,0.15882896000855887,
1507,0.1586559239088994,
1508,0.15848307632339423,
1509,0.15831041704666632,
1510,0.15813794587356234,
1511,0.15796566259915254,
1512,0.15779356701873037,
1513,0.15762165892781227,
1514,0.15744993812213756,
1515,0.15727840439766808,
1516,0.15710705755058788,
1517,0.15693589737730307,
1518,0.15676492367444161,
1519,0.15659413623885302,
1520,0.15642353486760818,
1521,0.15625311935799893,
1522,0.1560828895075381,
1523,0.15591284511395903,
1524,0.1557429859752154,
1525,0.15557331188948112,
1526,0.15540382265514988,
1527,0.155234518070835,
1528,0.15506539793536933,
1529,0.15489646204780474,
1530,0.15472771020741213,
1531,0.15455914221368108,
1532,0.15439075786631948,
1533,0.15422255696525355,
1534,0.15405453931062743,
1535,0.1538867047028031,
1536,0.15371905294235993,
1537,0.15355158383009465,
1538,0.15338429716702087,
1539,0.15321719275436899,
1540,0.1530502703935861,
1541,0.15288352988633552,
1542,0.15271697103449675,
1543,0.15255059364016502,
1544,0.15238439750565114,
1545,0.15221838243348143,
1546,0.1520525482263972,
1547,0.15188689468735472,
1548,0.15172142161952507,
1549,0.15155612882629355,
1550,0.15139101611125977,
1551,0.15122608327823733,
1552,0.15106133013125353,
1553,0.15089675647454912,
1554,0.15073236211257823,
1555,0.15056814685000794,
1556,0.15040411049171826,
1557,0.15024025284280162,
1558,0.15007657370856287,
1559,0.14991307289451894,
1560,0.14974975020639866,
1561,0.1495866054501426,
1562,0.14942363843190262,
1563,0.1492608489580418,
1564,0.14909823683513415,
1565,0.1489358018699645,
1566,0.14877354386952815,
1567,0.14861146264103067,
1568,0.1484495579918876,
1569,0.14828782972972432,
1570,0.14812627766237585,
1571,0.14796490159788653,
1572,0.14780370134450987,
1573,0.14764267671070824,
1574,0.14748182750515262,
1575,0.14732115353672257,
1576,0.1471606546145057,
1577,0.14700033054779782,
1578,0.14684018114610234,
1579,0.14668020621913022,
1580,0.1465204055767998,
1581,0.14636077902923653,
1582,0.14620132638677252,
1583,0.1460420474599468,
1584,0.1458829420595046,
1585,0.1457240099963974,
1586,0.14556525108178264,
1587,0.14540666512702358,
1588,0.14524825194368882,
1589,0.14509001134355237,
1590,0.14493194313859328,
1591,0.14477404714099537,
1592,0.14461632316314724,
1593,0.1444587710176417,
1594,0.14430139051727586,
1595,0.14414418147505073,
1596,0.143987143704171,
1597,0.14383027701804502,
1598,0.14367358123028426,
1599,0.1435170561547033,
1600,0.14336070160531963,
1601,0.14320451739635318,
1602,0.1430485033422265,
1603,0.14289265925756425,
1604,0.14273698495719297,
1605,0.14258148025614104,
1606,0.14242614496963826,
1607,0.14227097891311574,
1608,0.14211598190220573,
1609,0.14196115375274132,
1610,0.1418064942807562,
1611,0.14165200330248456,
1612,0.14149768063436083,
1613,0.14134352609301923,
1614,0.14118953949529392,
1615,0.1410357206582186,
1616,0.14088206939902614,
1617,0.14072858553514875,
1618,0.14057526888421737,
1619,0.14042211926406178,
1620,0.1402691364927101,
1621,0.14011632038838878,
1622,0.13996367076952218,
1623,0.1398111874547326,
1624,0.13965887026283993,
1625,0.13950671901286138,
1626,0.13935473352401145,
1627,0.13920291361570147,
1628,0.13905125910753954,
1629,0.13889976981933036,
1630,0.13874844557107488,
1631,0.13859728618297018,
1632,0.1384462914754092,
1633,0.13829546126898057,
1634,0.1381447953844684,
1635,0.13799429364285207,
1636,0.13784395586530593,
1637,0.1376937818731991,
1638,0.13754377148809546,
1639,0.13739392453175323,
1640,0.13724424082612477,
1641,0.13709472019335645,
1642,0.1369453624557884,
1643,0.13679616743595427,
1644,0.13664713495658115,
1645,0.13649826484058922,
1646,0.1363495569110915,
1647,0.13620101099139373,
1648,0.1360526269049943,
1649,0.13590440447558372,
1650,0.13575634352704471,
1651,0.1356084438834517,
1652,0.13546070536907096,
1653,0.13531312780836013,
1654,0.13516571102596808,
1655,0.13501845484673475,
1656,0.13487135909569092,
1657,0.13472442359805792,
1658,0.13457764817924758,
1659,0.13443103266486192,
1660,0.13428457688069287,
1661,0.1341382806527223,
1662,0.13399214380712152,
1663,0.1338461661702513,
1664,0.13370034756866161,
1665,0.13355468782909127,
1666,0.13340918677846797,
1667,0.13326384424390791,
1668,0.13311866005271566,
1669,0.13297363403238394,
1670,0.13282876601059335,
1671,0.13268405581521223,
1672,0.13253950327429653,
1673,0.1323951082160894,
1674,0.13225087046902131,
1675,0.13210678986170948,
1676,0.13196286622295786,
1677,0.13181909938175693,
1678,0.13167548916728355,
1679,0.13153203540890052,
1680,0.13138873793615674,
1681,0.1312455965787867,
1682,0.1311026111667104,
1683,0.13095978153003304,
1684,0.13081710749904504,
1685,0.1306745889042217,
1686,0.13053222557622304,
1687,0.13039001734589342,
1688,0.13024796404426162,
1689,0.13010606550254047,
1690,0.12996432155212664,
1691,0.1298227320246005,
1692,0.12968129675172607,
1693,0.12954001556545042,
1694,0.1293988882979038,
1695,0.1292579147813994,
1696,0.129117094848433,
1697,0.12897642833168294,
1698,0.12883591506400988,
1699,0.12869555487845644,
1700,0.1285553476082472,
1701,0.12841529308678848,
1702,0.12827539114766803,
1703,0.1281356416246549,
1704,0.1279960443516994,
1705,0.12785659916293243,
1706,0.1277173058926659,
1707,0.12757816437539213,
1708,0.12743917444578357,
1709,0.12730033593869314,
1710,0.1271616486891534,
1711,0.12702311253237672,
1712,0.12688472730375497,
1713,0.12674649283885941,
1714,0.12660840897344047,
1715,0.1264704755434274,
1716,0.1263326923849282,
1717,0.12619505933422964,
1718,0.1260575762277966,
1719,0.12592024290227222,
1720,0.12578305919447758,
1721,0.12564602494141158,
1722,0.12550913998025073,
1723,0.12537240414834885,
1724,0.12523581728323696,
1725,0.12509937922262312,
1726,0.12496308980439229,
1727,0.12482694886660582,
1728,0.12469095624750161,
1729,0.1245551117854939,
1730,0.12441941531917279,
1731,0.12428386668730426,
1732,0.12414846572883004,
1733,0.12401321228286728,
1734,0.1238781061887084,
1735,0.1237431472858209,
1736,0.12360833541384715,
1737,0.12347367041260426,
1738,0.12333915212208388,
1739,0.12320478038245193,
1740,0.12307055503404837,
1741,0.12293647591738732,
1742,0.12280254287315653,
1743,0.12266875574221733,
1744,0.12253511436560431,
1745,0.12240161858452545,
1746,0.12226826824036152,
1747,0.12213506317466634,
1748,0.12200200322916607,
1749,0.12186908824575966,
1750,0.12173631806651791,
1751,0.12160369253368392,
1752,0.12147121148967258,
1753,0.12133887477707046,
1754,0.12120668223863568,
1755,0.12107463371729756,
1756,0.1209427290561567,
1757,0.12081096809848448,
1758,0.12067935068772316,
1759,0.12054787666748547,
1760,0.12041654588155451,
1761,0.12028535817388362,
1762,0.12015431338859618,
1763,0.12002341136998525,
1764,0.11989265196251368,
1765,0.11976203501081367,
1766,0.11963156035968678,
1767,0.11950122785410354,
1768,0.11937103733920341,
1769,0.11924098866029463,
1770,0.11911108166285395,
1771,0.11898131619252637,
1772,0.11885169209512515,
1773,0.1187222092166315,
1774,0.11859286740319443,
1775,0.11846366650113063,
1776,0.11833460635692403,
1777,0.118205686817226,
1778,0.11807690772885486,
1779,0.11794826893879584,
1780,0.117819770294201,
1781,0.11769141164238875,
1782,0.1175631928308439,
1783,0.11743511370721745,
1784,0.1173071741193263,
1785,0.1171793739151532,
1786,0.11705171294284655,
1787,0.11692419105072013,
1788,0.116796808087253,
1789,0.11666956390108923,
1790,0.11654245834103795,
1791,0.11641549125607277,
1792,0.11628866249533207,
1793,0.11616197190811839,
1794,0.1160354193438986,
1795,0.1159090046523035,
1796,0.11578272768312768,
1797,0.11565658828632942,
1798,0.11553058631203048,
1799,0.11540472161051578,
1800,0.11527899403223359,
1801,0.11515340342779483,
1802,0.1150279496479734,
1803,0.1149026325437056,
1804,0.11477745196609025,
1805,0.11465240776638834,
1806,0.11452749979602288,
1807,0.11440272790657888,
1808,0.1142780919498029,
1809,0.11415359177760302,
1810,0.11402922724204867,
1811,0.11390499819537055,
1812,0.11378090448996024,
1813,0.11365694597837009,
1814,0.11353312251331324,
1815,0.11340943394766319,
1816,0.11328588013445376,
1817,0.11316246092687889,
1818,0.11303917617829232,
1819,0.11291602574220778,
1820,0.11279300947229845,
1821,0.11267012722239696,
1822,0.11254737884649513,
1823,0.11242476419874392,
1824,0.11230228313345318,
1825,0.11217993550509149,
1826,0.112057721168286,
1827,0.1119356399778221,
1828,0.11181369178864349,
1829,0.11169187645585191,
1830,0.11157019383470691,
1831,0.11144864378062583,
1832,0.1113272261491834,
1833,0.11120594079611176,
1834,0.11108478757730018,
1835,0.11096376634879507,
1836,0.1108428769667994,
1837,0.11072211928767313,
1838,0.1106014931679324,
1839,0.1104809984642499,
1840,0.11036063503345436,
1841,0.11024040273253047,
1842,0.11012030141861878,
1843,0.11000033094901548,
1844,0.10988049118117225,
1845,0.10976078197269597,
1846,0.10964120318134876,
1847,0.10952175466504761,
1848,0.1094024362818644,
1849,0.10928324789002554,
1850,0.10916418934791193,
1851,0.10904526051405883,
1852,0.10892646124715549,
1853,0.10880779140604516,
1854,0.10868925084972493,
1855,0.10857083943734545,
1856,0.10845255702821086,
1857,0.10833440348177852,
1858,0.10821637865765898,
1859,0.10809848241561569,
1860,0.10798071461556487,
1861,0.10786307511757534,
1862,0.10774556378186839,
1863,0.10762818046881767,
1864,0.10751092503894881,
1865,0.10739379735293958,
1866,0.1072767972716193,
1867,0.10715992465596907,
1868,0.10704317936712139,
1869,0.1069265612663601,
1870,0.10681007021512007,
1871,0.10669370607498714,
1872,0.10657746870769813,
1873,0.10646135797514024,
1874,0.10634537373935127,
1875,0.10622951586251926,
1876,0.1061137842069825,
1877,0.10599817863522919,
1878,0.10588269900989732,
1879,0.10576734519377455,
1880,0.10565211704979799,
1881,0.10553701444105415,
1882,0.1054220372307786,
1883,0.105307185282356,
1884,0.10519245845931983,
1885,0.10507785662535223,
1886,0.10496337964428383,
1887,0.10484902738009363,
1888,0.10473479969690883,
1889,0.10462069645900463,
1890,0.10450671753080412,
1891,0.10439286277687808,
1892,0.10427913206194483,
1893,0.10416552525087008,
1894,0.10405204220866675,
1895,0.10393868280049488,
1896,0.10382544689166126,
1897,0.10371233434761969,
1898,0.10359934503397031,
1899,0.10348647881645975,
1900,0.10337373556098091,
1901,0.10326111513357278,
1902,0.10314861740042038,
1903,0.10303624222785436,
1904,0.1029239894823512,
1905,0.10281185903053262,
1906,0.10269985073916582,
1907,0.10258796447516302,
1908,0.1024762001055816,
1909,0.10236455749762359,
1910,0.10225303651863585,
1911,0.10214163703610965,
1912,0.10203035891768074,
1913,0.10191920203112893,
1914,0.10180816624437819,
1915,0.1016972514254963,
1916,0.10158645744269483,
1917,0.10147578416432894,
1918,0.10136523145889714,
1919,0.10125479919504121,
1920,0.10114448724154614,
1921,0.10103429546733977,
1922,0.10092422374149283,
1923,0.10081427193321861,
1924,0.10070443991187288,
1925,0.10059472754695373,
1926,0.10048513470810151,
1927,0.10037566126509856,
1928,0.10026630708786902,
1929,0.10015707204647889,
1930,0.10004795601113559,
1931,0.09993895885218797,
1932,0.09983008044012619,
1933,0.09972132064558141,
1934,0.09961267933932573,
1935,0.09950415639227214,
1936,0.0993957516754742,
1937,0.09928746506012597,
1938,0.09917929641756179,
1939,0.09907124561925627,
1940,0.09896331253682397,
1941,0.09885549704201929,
1942,0.09874779900673646,
1943,0.09864021830300918,
1944,0.09853275480301057,
1945,0.09842540837905304,
1946,0.09831817890358813,
1947,0.09821106624920631,
1948,0.09810407028863675,
1949,0.09799719089474757,
1950,0.09789042794054509,
1951,0.09778378129917409,
1952,0.09767725084391758,
1953,0.09757083644819659,
1954,0.09746453798557003,
1955,0.09735835532973472,
1956,0.0972522883545249,
1957,0.09714633693391228,
1958,0.09704050094200593,
1959,0.09693478025305205,
1960,0.09682917474143381,
1961,0.09672368428167134,
1962,0.09661830874842142,
1963,0.09651304801647734,
1964,0.09640790196076879,
1965,0.09630287045636172,
1966,0.09619795337845831,
1967,0.0960931506023966,
1968,0.09598846200365045,
1969,0.09588388745782934,
1970,0.09577942684067839,
1971,0.095675080028078,
1972,0.09557084689604377,
1973,0.0954667273207265,
1974,0.09536272117841177,
1975,0.09525882834551998,
1976,0.09515504869860628,
1977,0.0950513821143602,
1978,0.09494782846960552,
1979,0.09484438764130043,
1980,0.094741059506537,
1981,0.09463784394254136,
1982,0.0945347408266732,
1983,0.09443175003642598,
1984,0.09432887144942649,
1985,0.09422610494343497,
1986,0.0941234503963448,
1987,0.09402090768618232,
1988,0.09391847669110683,
1989,0.0938161572894103,
1990,0.09371394935951739,
1991,0.09361185277998514,
1992,0.09350986742950293,
1993,0.09340799318689219,
1994,0.09330622993110656,
1995,0.0932045775412314,
1996,0.09310303589648393,
1997,0.09300160487621284,
1998,0.09290028435989828,
1999,0.09279907422715182,
2000,0.09269797435771604,
2001,0.0925969846314646,
2002,0.09249610492840202,
2003,0.09239533512866352,
2004,0.09229467511251499,
2005,0.09219412476035267,
2006,0.09209368395270315,
2007,0.09199335257022322,
2008,0.09189313049369958,
2009,0.09179301760404893,
2010,0.09169301378231763,
2011,0.09159311890968165,
2012,0.09149333286744643,
2013,0.0913936555370467,
2014,0.0912940868000463,
2015,0.09119462653813823,
2016,0.09109527463314436,
2017,0.09099603096701522,
2018,0.09089689542183002,
2019,0.09079786787979639,
2020,0.09069894822325031,
2021,0.09060013633465595,
2022,0.09050143209660552,
2023,0.09040283539181923,
2024,0.09030434610314494,
2025,0.09020596411355818,
2026,0.09010768930616198,
2027,0.0900095215641867,
2028,0.08991146077098998,
2029,0.08981350681005645,
2030,0.08971565956499777,
2031,0.08961791891955237,
2032,0.08952028475758524,
2033,0.089422756963088,
2034,0.08932533542017869,
2035,0.08922802001310141,
2036,0.08913081062622664,
2037,0.0890337071440506,
2038,0.08893670945119546,
2039,0.0888398174324091,
2040,0.0887430309725649,
2041,0.08864634995666168,
2042,0.08854977426982354,
2043,0.08845330379729978,
2044,0.08835693842446474,
2045,0.08826067803681752,
2046,0.08816452251998202,
2047,0.08806847175970675,
2048,0.08797252564186475,
2049,0.08787668405245332,
2050,0.08778094687759398,
2051,0.0876853140035324,
2052,0.08758978531663796,
2053,0.08749436070340402,
2054,0.08739904005044756,
2055,0.08730382324450911,
2056,0.08720871017245252,
2057,0.08711370072126498,
2058,0.08701879477805669,
2059,0.08692399223006103,
2060,0.086829292964634,
2061,0.08673469686925445,
2062,0.08664020383152382,
2063,0.08654581373916594,
2064,0.08645152648002698,
2065,0.08635734194207542,
2066,0.08626326001340158,
2067,0.08616928058221789,
2068,0.08607540353685843,
2069,0.08598162876577897,
2070,0.08588795615755683,
2071,0.08579438560089075,
2072,0.08570091698460067,
2073,0.08560755019762765,
2074,0.0855142851290338,
2075,0.08542112166800209,
2076,0.08532805970383617,
2077,0.08523509912596018,
2078,0.08514223982391898,
2079,0.08504948168737764,
2080,0.08495682460612143,
2081,0.0848642684700556,
2082,0.08477181316920553,
2083,0.08467945859371628,
2084,0.08458720463385266,
2085,0.084495051179999,
2086,0.08440299812265904,
2087,0.08431104535245583,
2088,0.0842191927601316,
2089,0.08412744023654752,
2090,0.08403578767268384,
2091,0.08394423495963939,
2092,0.08385278198863172,
2093,0.0837614286509969,
2094,0.08367017483818938,
2095,0.08357902044178188,
2096,0.08348796535346527,
2097,0.08339700946504826,
2098,0.08330615266845763,
2099,0.08321539485573784,
2100,0.08312473591905091,
2101,0.08303417575067641,
2102,0.08294371424301113,
2103,0.08285335128856929,
2104,0.08276308677998206,
2105,0.08267292060999766,
2106,0.08258285267148109,
2107,0.08249288285741413,
2108,0.08240301106089516,
2109,0.08231323717513903,
2110,0.08222356109347677,
2111,0.08213398270935579,
2112,0.08204450191633952,
2113,0.0819551186081074,
2114,0.08186583267845463,
2115,0.08177664402129216,
2116,0.08168755253064651,
2117,0.08159855810065962,
2118,0.08150966062558876,
2119,0.08142085999980649,
2120,0.08133215611780037,
2121,0.08124354887417293,
2122,0.08115503816364146,
2123,0.08106662388103805,
2124,0.08097830592130939,
2125,0.08089008417951643,
2126,0.08080195855083466,
2127,0.0807139289305536,
2128,0.08062599521407705,
2129,0.08053815729692258,
2130,0.08045041507472164,
2131,0.0803627684432194,
2132,0.08027521729827462,
2133,0.0801877615358595,
2134,0.08010040105205958,
2135,0.08001313574307353,
2136,0.07992596550521323,
2137,0.0798388902349035,
2138,0.07975190982868194,
2139,0.07966502418319892,
2140,0.07957823319521737,
2141,0.07949153676161273,
2142,0.07940493477937274,
2143,0.07931842714559745,
2144,0.07923201375749886,
2145,0.07914569451240114,
2146,0.0790594693077402,
2147,0.07897333804106371,
2148,0.07888730061003096,
2149,0.0788013569124128,
2150,0.0787155068460913,
2151,0.07862975030905993,
2152,0.07854408719942323,
2153,0.07845851741539682,
2154,0.07837304085530701,
2155,0.0782876574175911,
2156,0.07820236700079698,
2157,0.078117169503583,
2158,0.07803206482471796,
2159,0.07794705286308089,
2160,0.07786213351766107,
2161,0.07777730668755788,
2162,0.07769257227198045,
2163,0.07760793017024785,
2164,0.07752338028178879,
2165,0.07743892250614158,
2166,0.07735455674295393,
2167,0.07727028289198284,
2168,0.07718610085309466,
2169,0.07710201052626474,
2170,0.0770180118115774,
2171,0.07693410460922576,
2172,0.07685028881951181,
2173,0.0767665643428461,
2174,0.07668293107974762,
2175,0.07659938893084386,
2176,0.07651593779687041,
2177,0.07643257757867108,
2178,0.07634930817719776,
2179,0.0762661294935102,
2180,0.07618304142877594,
2181,0.07610004388427023,
2182,0.07601713676137575,
2183,0.07593431996158279,
2184,0.07585159338648888,
2185,0.07576895693779875,
2186,0.07568641051732414,
2187,0.07560395402698397,
2188,0.07552158736880385,
2189,0.07543931044491614,
2190,0.07535712315755987,
2191,0.07527502540908054,
2192,0.07519301710193009,
2193,0.07511109813866668,
2194,0.07502926842195468,
2195,0.0749475278545644,
2196,0.0748658763393722,
2197,0.07478431377936015,
2198,0.07470284007761611,
2199,0.0746214551373335,
2200,0.0745401588618111,
2201,0.0744589511544532,
2202,0.07437783191876922,
2203,0.07429680105837373,
2204,0.07421585847698633,
2205,0.07413500407843143,
2206,0.0740542377666384,
2207,0.07397355944564109,
2208,0.07389296901957791,
2209,0.07381246639269175,
2210,0.07373205146932989,
2211,0.07365172415394382,
2212,0.07357148435108896,
2213,0.07349133196542487,
2214,0.07341126690171491,
2215,0.07333128906482624,
2216,0.07325139835972963,
2217,0.07317159469149936,
2218,0.07309187796531315,
2219,0.07301224808645207,
2220,0.07293270496030033,
2221,0.0728532484923452,
2222,0.072773878588177,
2223,0.07269459515348878,
2224,0.07261539809407644,
2225,0.07253628731583847,
2226,0.07245726272477591,
2227,0.0723783242269921,
2228,0.07229947172869282,
2229,0.07222070513618596,
2230,0.0721420243558815,
2231,0.07206342929429134,
2232,0.0719849198580293,
2233,0.07190649595381086,
2234,0.07182815748845318,
2235,0.07174990436887498,
2236,0.07167173650209632,
2237,0.07159365379523859,
2238,0.0715156561555243,
2239,0.07143774349027712,
2240,0.07135991570692166,
2241,0.07128217271298334,
2242,0.07120451441608844,
2243,0.07112694072396374,
2244,0.07104945154443668,
2245,0.07097204678543496,
2246,0.07089472635498673,
2247,0.07081749016122027,
2248,0.07074033811236398,
2249,0.07066327011674624,
2250,0.0705862860827953,
2251,0.07050938591903907,
2252,0.07043256953410525,
2253,0.07035583683672106,
2254,0.07027918773571315,
2255,0.07020262214000748,
2256,0.07012613995862924,
2257,0.07004974110070271,
2258,0.06997342547545121,
2259,0.06989719299219689,
2260,0.06982104356036081,
2261,0.06974497708946258,
2262,0.06966899348912046,
2263,0.06959309266905121,
2264,0.06951727453906992,
2265,0.06944153900908978,
2266,0.06936588598912237,
2267,0.06929031538927719,
2268,0.0692148271197617,
2269,0.06913942109088105,
2270,0.06906409721303833,
2271,0.06898885539673406,
2272,0.06891369555256635,
2273,0.06883861759123071,
2274,0.06876362142351994,
2275,0.06868870696032398,
2276,0.06861387411262988,
2277,0.06853912279152176,
2278,0.06846445290818039,
2279,0.06838986437388353,
2280,0.06831535710000547,
2281,0.06824093099801708,
2282,0.06816658597948566,
2283,0.068092321956075,
2284,0.06801813883954488,
2285,0.0679440365417514,
2286,0.06787001497464658,
2287,0.06779607405027845,
2288,0.06772221368079082,
2289,0.0676484337784232,
2290,0.06757473425551075,
2291,0.06750111502448405,
2292,0.0674275759978692,
2293,0.06735411708828755,
2294,0.0672807382084556,
2295,0.06720743927118503,
2296,0.06713422018938241,
2297,0.06706108087604921,
2298,0.06698802124428174,
2299,0.06691504120727106,
2300,0.06684214067830259,
2301,0.06676931957075628,
2302,0.06669657779810663,
2303,0.06662391527392225,
2304,0.06655133191186594,
2305,0.06647882762569453,
2306,0.06640640232925885,
2307,0.06633405593650356,
2308,0.06626178836146708,
2309,0.06618959951828149,
2310,0.06611748932117244,
2311,0.06604545768445899,
2312,0.06597350452255354,
2313,0.06590162974996179,
2314,0.06582983328128256,
2315,0.0657581150312076,
2316,0.06568647491452176,
2317,0.06561491284610264,
2318,0.06554342874092053,
2319,0.06547202251403857,
2320,0.0654006940806122,
2321,0.06532944335588943,
2322,0.06525827025521048,
2323,0.06518717469400795,
2324,0.06511615658780645,
2325,0.06504521585222266,
2326,0.06497435240296524,
2327,0.0649035661558346,
2328,0.06483285702672298,
2329,0.06476222493161413,
2330,0.06469166978658343,
2331,0.06462119150779765,
2332,0.06455079001151484,
2333,0.06448046521408446,
2334,0.06441021703194696,
2335,0.06434004538163385,
2336,0.06426995017976754,
2337,0.06419993134306133,
2338,0.06412998878831921,
2339,0.06406012243243588,
2340,0.06399033219239644,
2341,0.06392061798527662,
2342,0.06385097972824237,
2343,0.06378141733854989,
2344,0.06371193073354554,
2345,0.06364251983066578,
2346,0.06357318454743696,
2347,0.06350392480147526,
2348,0.06343474051048673,
2349,0.06336563159226687,
2350,0.06329659796470094,
2351,0.06322763954576359,
2352,0.06315875625351872,
2353,0.0630899480061197,
2354,0.06302121472180895,
2355,0.06295255631891793,
2356,0.06288397271586711,
2357,0.06281546383116592,
2358,0.06274702958341238,
2359,0.0626786698912934,
2360,0.06261038467358439,
2361,0.0625421738491492,
2362,0.06247403733694013,
2363,0.06240597505599777,
2364,0.06233798692545095,
2365,0.062270072864516565,
2366,0.062202232792499444,
2367,0.06213446662879246,
2368,0.06206677429287617,
2369,0.061999155704318985,
2370,0.06193161078277691,
2371,0.06186413944799343,
2372,0.06179674161979949,
2373,0.06172941721811338,
2374,0.061662166162940624,
2375,0.06159498837437395,
2376,0.06152788377259305,
2377,0.06146085227786461,
2378,0.061393893810542235,
2379,0.06132700829106619,
2380,0.061260195639963544,
2381,0.06119345577784788,
2382,0.061126788625419246,
2383,0.061060194103464166,
2384,0.06099367213285537,
2385,0.060927222634551886,
2386,0.06086084552959875,
2387,0.0607945407391271,
2388,0.060728308184353944,
2389,0.060662147786582125,
2390,0.0605960594672003,
2391,0.06053004314768266,
2392,0.06046409874958902,
2393,0.06039822619456463,
2394,0.060332425404340105,
2395,0.06026669630073125,
2396,0.06020103880563921,
2397,0.06013545284105012,
2398,0.060069938329035094,
2399,0.06000449519175015,
2400,0.05993912335143615,
2401,0.05987382273041865,
2402,0.05980859325110784,
2403,0.059743434835998414,
2404,0.05967834740766948,
2405,0.059613330888784614,
2406,0.059548385202091506,
2407,0.059483510270422126,
2408,0.05941870601669241,
2409,0.05935397236390231,
2410,0.05928930923513568,
2411,0.059224716553560125,
2412,0.05916019424242707,
2413,0.05909574222507144,
2414,0.059031360424911715,
2415,0.05896704876544982,
2416,0.058902807170271056,
2417,0.05883863556304389,
2418,0.05877453386751993,
2419,0.05871050200753405,
2420,0.05864653990700387,
2421,0.058582647489930036,
2422,0.058518824680395896,
2423,0.058455071402567636,
2424,0.058391387580693954,
2425,0.05832777313910601,
2426,0.058264228002217595,
2427,0.05820075209452473,
2428,0.05813734534060569,
2429,0.058074007665120886,
2430,0.05801073899281293,
2431,0.05794753924850637,
2432,0.05788440835710759,
2433,0.057821346243604875,
2434,0.05775835283306819,
2435,0.05769542805064908,
2436,0.05763257182158066,
2437,0.057569784071177535,
2438,0.057507064724835744,
2439,0.057444413708032493,
2440,0.057381830946326165,
2441,0.05731931636535636,
2442,0.05725686989084355,
2443,0.057194491448589194,
2444,0.05713218096447561,
2445,0.05706993836446589,
2446,0.057007763574603666,
2447,0.056945656521013265,
2448,0.05688361712989943,
2449,0.056821645327547333,
2450,0.05675974104032241,
2451,0.05669790419467034,
2452,0.056636134717116995,
2453,0.05657443253426817,
2454,0.056512797572809734,
2455,0.05645122975950741,
2456,0.05638972902120666,
2457,0.056328295284832616,
2458,0.056266928477390135,
2459,0.05620562852596355,
2460,0.056144395357716516,
2461,0.05608322889989219,
2462,0.056022129079812966,
2463,0.05596109582488041,
2464,0.055900129062575146,
2465,0.05583922872045677,
2466,0.05577839472616389,
2467,0.055717627007413936,
2468,0.055656925492003045,
2469,0.05559629010780604,
2470,0.055535720782776306,
2471,0.05547521744494571,
2472,0.055414780022424524,
2473,0.05535440844340137,
2474,0.05529410263614314,
2475,0.05523386252899476,
2476,0.05517368805037934,
2477,0.05511357912879787,
2478,0.055053535692829315,
2479,0.05499355767113036,
2480,0.05493364499243552,
2481,0.0548737975855569,
2482,0.054814015379384115,
2483,0.05475429830288433,
2484,0.05469464628510209,
2485,0.05463505925515921,
2486,0.0545755371422547,
2487,0.054516079875664786,
2488,0.05445668738474265,
2489,0.05439735959891845,
2490,0.05433809644769928,
2491,0.05427889786066908,
2492,0.05421976376748834,
2493,0.054160694097894355,
2494,0.05410168878170083,
2495,0.05404274774879804,
2496,0.053983870929152536,
2497,0.05392505825280732,
2498,0.05386630964988144,
2499,0.053807625050570164,
2500,0.05374900438514481,
2501,0.05369044758395263,
2502,0.053631954577416784,
2503,0.05357352529603622,
2504,0.05351515967038567,
2505,0.053456857631115386,
2506,0.05339861910895123,
2507,0.05334044403469453,
2508,0.05328233233922197,
2509,0.053224283953485656,
2510,0.05316629880851276,
2511,0.053108376835405736,
2512,0.053050517965341985,
2513,0.05299272212957398,
2514,0.052934989259428994,
2515,0.052877319286309225,
2516,0.05281971214169153,
2517,0.052762167757127464,
2518,0.052704686064243146,
2519,0.052647266994739095,
2520,0.052589910480390314,
2521,0.05253261645304618,
2522,0.052475384844630255,
2523,0.05241821558714026,
2524,0.052361108612648,
2525,0.05230406385329931,
2526,0.05224708124131402,
2527,0.05219016070898562,
2528,0.05213330218868152,
2529,0.0520765056128428,
2530,0.052019770913984055,
2531,0.05196309802469345,
2532,0.0519064868776326,
2533,0.05184993740553649,
2534,0.05179344954121337,
2535,0.05173702321754468,
2536,0.051680658367484984,
2537,0.05162435492406193,
2538,0.05156811282037609,
2539,0.051511931989600905,
2540,0.05145581236498265,
2541,0.051399753879840325,
2542,0.051343756467565574,
2543,0.05128782006162262,
2544,0.05123194459554811,
2545,0.051176130002951174,
2546,0.051120376217513246,
2547,0.05106468317298797,
2548,0.051009050803201256,
2549,0.05095347904205103,
2550,0.05089796782350724,
2551,0.050842517081611784,
2552,0.050787126750478445,
2553,0.050731796764292764,
2554,0.050676527057311946,
2555,0.050621317563864836,
2556,0.050566168218351866,
2557,0.05051107895524493,
2558,0.05045604970908724,
2559,0.050401080414493434,
2560,0.050346171006149305,
2561,0.05029132141881185,
2562,0.050236531587309084,
2563,0.050181801446539984,
2564,0.05012713093147461,
2565,0.05007251997715369,
2566,0.05001796851868888,
2567,0.049963476491262496,
2568,0.04990904383012737,
2569,0.04985467047060696,
2570,0.049800356348095154,
2571,0.049746101398056214,
2572,0.04969190555602478,
2573,0.04963776875760565,
2574,0.049583690938473764,
2575,0.04952967203437422,
2576,0.04947571198112208,
2577,0.04942181071460232,
2578,0.04936796817076977,
2579,0.04931418428564906,
2580,0.04926045899533449,
2581,0.04920679223598997,
2582,0.04915318394384899,
2583,0.0490996340552145,
2584,0.04904614250645882,
2585,0.048992709234023615,
2586,0.048939334174419806,
2587,0.04888601726422745,
2588,0.048832758440095735,
2589,0.0487795576387428,
2590,0.04872641479695578,
2591,0.0486733298515907,
2592,0.04862030273957231,
2593,0.048567333397894104,
2594,0.048514421763618226,
2595,0.048461567773875426,
2596,0.04840877136586489,
2597,0.04835603247685425,
2598,0.04830335104417945,
2599,0.04825072700524474,
2600,0.04819816029752255,
2601,0.04814565085855341,
2602,0.048093198625945945,
2603,0.04804080353737671,
2604,0.04798846553059013,
2605,0.04793618454339851,
2606,0.04788396051368198,
2607,0.047831793379388234,
2608,0.047779683078532476,
2609,0.0477276295491977,
2610,0.04767563272953415,
2611,0.047623692557759556,
2612,0.04757180897215884,
2613,0.047519981911084246,
2614,0.047468211312955214,
2615,0.047416497116258206,
2616,0.04736483925954676,
2617,0.04731323768144128,
2618,0.04726169232062907,
2619,0.04721020311586426,
2620,0.04715877000596766,
2621,0.047107392929826776,
2622,0.04705607182639566,
2623,0.04700480663469489,
2624,0.04695359729381151,
2625,0.046902443742898856,
2626,0.04685134592117658,
2627,0.04680030376793053,
2628,0.04674931722251277,
2629,0.046698386224341394,
2630,0.04664751071290046,
2631,0.046596690627739995,
2632,0.046545925908475866,
2633,0.04649521649478978,
2634,0.04644456232642906,
2635,0.046393963343206786,
2636,0.046343419485001536,
2637,0.04629293069175739,
2638,0.04624249690348386,
2639,0.04619211806025576,
2640,0.04614179410221334,
2641,0.04609152496956195,
2642,0.04604131060257209,
2643,0.04599115094157932,
2644,0.045941045926984336,
2645,0.045890995499252595,
2646,0.04584099959891445,
2647,0.04579105816656509,
2648,0.04574117114286442,
2649,0.04569133846853697,
2650,0.04564156008437185,
2651,0.04559183593122266,
2652,0.0455421659500075,
2653,0.04549255008170877,
2654,0.045442988267373266,
2655,0.04539348044811189,
2656,0.04534402656509969,
2657,0.04529462655957592,
2658,0.04524528037284374,
2659,0.04519598794627039,
2660,0.04514674922128684,
2661,0.045097564139387925,
2662,0.04504843264213223,
2663,0.04499935467114205,
2664,0.04495033016810323,
2665,0.04490135907476513,
2666,0.04485244133294058,
2667,0.04480357688450577,
2668,0.04475476567140034,
2669,0.04470600763562702,
2670,0.044657302719251925,
2671,0.04460865086440405,
2672,0.04456005201327556,
2673,0.04451150610812165,
2674,0.04446301309126032,
2675,0.04441457290507257,
2676,0.044366185492001935,
2677,0.04431785079455476,
2678,0.044269568755300165,
2679,0.04422133931686967,
2680,0.04417316242195732,
2681,0.0441250380133196,
2682,0.04407696603377544,
2683,0.04402894642620598,
2684,0.04398097913355462,
2685,0.043933064098826864,
2686,0.04388520126509035,
2687,0.043837390575474824,
2688,0.04378963197317188,
2689,0.043741925401435046,
2690,0.043694270803579606,
2691,0.04364666812298267,
2692,0.043599117303083045,
2693,0.043551618287381126,
2694,0.043504171019438924,
2695,0.043456775442879805,
2696,0.043409431501388665,
2697,0.04336213913871173,
2698,0.04331489829865645,
2699,0.04326770892509154,
2700,0.043220570961946904,
2701,0.04317348435321356,
2702,0.04312644904294336,
2703,0.04307946497524928,
2704,0.043032532094305145,
2705,0.04298565034434559,
2706,0.04293881966966601,
2707,0.04289204001462245,
2708,0.04284531132363162,
2709,0.04279863354117078,
2710,0.04275200661177765,
2711,0.042705430480050384,
2712,0.042658905090647556,
2713,0.04261243038828796,
2714,0.04256600631775061,
2715,0.042519632823874706,
2716,0.042473309851559525,
2717,0.04242703734576449,
2718,0.042380815251508774,
2719,0.04233464351387162,
2720,0.04228852207799204,
2721,0.042242450889068854,
2722,0.0421964298923605,
2723,0.042150459033185095,
2724,0.04210453825692043,
2725,0.042058667509003625,
2726,0.0420128467349314,
2727,0.04196707588025972,
2728,0.04192135489060395,
2729,0.04187568371163874,
2730,0.04183006228909783,
2731,0.0417844905687741,
2732,0.041738968496519556,
2733,0.04169349601824514,
2734,0.04164807307992069,
2735,0.04160269962757496,
2736,0.04155737560729553,
2737,0.04151210096522862,
2738,0.04146687564757923,
2739,0.041421699600610824,
2740,0.041376572770645555,
2741,0.04133149510406398,
2742,0.041286466547305126,
2743,0.041241487046866365,
2744,0.04119655654930319,
2745,0.04115167500122948,
2746,0.041106842349317364,
2747,0.04106205854029689,
2748,0.0410173235209562,
2749,0.040972637238141416,
2750,0.040927999638756624,
2751,0.04088341066976364,
2752,0.04083887027818209,
2753,0.040794378411089384,
2754,0.04074993501562062,
2755,0.040705540038968355,
2756,0.040661193428382786,
2757,0.04061689513117148,
2758,0.04057264509469953,
2759,0.04052844326638926,
2760,0.04048428959372037,
2761,0.040440184024229706,
2762,0.04039612650551129,
2763,0.04035211698521627,
2764,0.040308155411052815,
2765,0.04026424173078606,
2766,0.04022037589223795,
2767,0.04017655784328736,
2768,0.040132787531870016,
2769,0.040089064905978335,
2770,0.04004538991366127,
2771,0.040001762503024514,
2772,0.03995818262223025,
2773,0.0399146502194971,
2774,0.039871165243100144,
2775,0.039827727641370776,
2776,0.039784337362696674,
2777,0.03974099435552184,
2778,0.03969769856834633,
2779,0.039654449949726354,
2780,0.03961124844827419,
2781,0.039568094012658095,
2782,0.03952498659160219,
2783,0.03948192613388651,
2784,0.039438912588346836,
2785,0.03939594590387479,
2786,0.039353026029417586,
2787,0.03931015291397813,
2788,0.039267326506614866,
2789,0.03922454675644169,
2790,0.0391818136126279,
2791,0.039139127024398264,
2792,0.03909648694103292,
2793,0.03905389331186709,
2794,0.03901134608629128,
2795,0.03896884521375121,
2796,0.038926390643747595,
2797,0.038883982325836106,
2798,0.038841620209627434,
2799,0.03879930424478725,
2800,0.03875703438103593,
2801,0.038714810568148635,
2802,0.038672632755955345,
2803,0.038630500894340634,
2804,0.038588414933243706,
2805,0.03854637482265824,
2806,0.038504380512632407,
2807,0.038462431953268886,
2808,0.03842052909472463,
2809,0.03837867188721092,
2810,0.03833686028099326,
2811,0.03829509422639135,
2812,0.03825337367377905,
2813,0.0382116985735842,
2814,0.03817006887628878,
2815,0.03812848453242859,
2816,0.03808694549259336,
2817,0.03804545170742666,
2818,0.03800400312762584,
2819,0.03796259970394191,
2820,0.03792124138717964,
2821,0.037879928128197314,
2822,0.037838659877906716,
2823,0.0377974365872732,
2824,0.03775625820731552,
2825,0.037715124689105727,
2826,0.03767403598376924,
2827,0.03763299204248476,
2828,0.03759199281648411,
2829,0.03755103825705222,
2830,0.03751012831552713,
2831,0.03746926294329997,
2832,0.03742844209181468,
2833,0.0373876657125682,
2834,0.03734693375711029,
2835,0.03730624617704346,
2836,0.03726560292402302,
2837,0.03722500394975693,
2838,0.03718444920600563,
2839,0.03714393864458229,
2840,0.03710347221735245,
2841,0.03706304987623424,
2842,0.03702267157319804,
2843,0.03698233726026661,
2844,0.03694204688951492,
2845,0.036901800413070215,
2846,0.036861597783111884,
2847,0.03682143895187141,
2848,0.036781323871632327,
2849,0.03674125249473015,
2850,0.036701224773552296,
2851,0.03666124066053803,
2852,0.03662130010817853,
2853,0.03658140306901664,
2854,0.03654154949564695,
2855,0.036501739340715704,
2856,0.03646197255692072,
2857,0.036422249097011354,
2858,0.03638256891378838,
2859,0.036342931960104186,
2860,0.03630333818886218,
2861,0.036263787553017436,
2862,0.0362242800055761,
2863,0.03618481549959552,
2864,0.0361453939881842,
2865,0.03610601542450177,
2866,0.0360666797617589,
2867,0.03602738695321712,
2868,0.035988136952188984,
2869,0.03594892971203789,
2870,0.03590976518617807,
2871,0.03587064332807446,
2872,0.03583156409124265,
2873,0.03579252742924895,
2874,0.035753533295710245,
2875,0.03571458164429395,
2876,0.03567567242871797,
2877,0.035636805602750544,
2878,0.035597981120210426,
2879,0.03555919893496656,
2880,0.03552045900093821,
2881,0.03548176127209481,
2882,0.035443105702455964,
2883,0.03540449224609137,
2884,0.035365920857120765,
2885,0.03532739148971382,
2886,0.035288904098090185,
2887,0.03525045863651942,
2888,0.03521205505932079,
2889,0.0351736933208635,
2890,0.035135373375566284,
2891,0.03509709517789764,
2892,0.03505885868237562,
2893,0.03502066384356786,
2894,0.034982510616091575,
2895,0.03494439895461327,
2896,0.034906328813848884,
2897,0.03486830014856373,
2898,0.034830312913572394,
2899,0.03479236706373862,
2900,0.03475446255397543,
2901,0.03471659933924495,
2902,0.03467877737455828,
2903,0.03464099661497561,
2904,0.034603257015606056,
2905,0.0345655585316077,
2906,0.03452790111818742,
2907,0.034490284730600916,
2908,0.03445270932415265,
2909,0.034415174854195645,
2910,0.03437768127613178,
2911,0.034340228545411404,
2912,0.03430281661753338,
2913,0.034265445448045065,
2914,0.0342281149925423,
2915,0.0341908252066693,
2916,0.03415357604611853,
2917,0.034116367466630805,
2918,0.03407919942399505,
2919,0.034042071874048424,
2920,0.03400498477267626,
2921,0.03396793807581189,
2922,0.03393093173943662,
2923,0.03389396571957974,
2924,0.03385703997231851,
2925,0.03382015445377797,
2926,0.03378330912013091,
2927,0.03374650392759803,
2928,0.03370973883244748,
2929,0.03367301379099534,
2930,0.03363632875960509,
2931,0.033599683694687785,
2932,0.03356307855270197,
2933,0.033526513290153694,
2934,0.03348998786359629,
2935,0.033453502229630505,
2936,0.03341705634490435,
2937,0.033380650166113,
2938,0.03334428364999889,
2939,0.033307956753351506,
2940,0.03327166943300753,
2941,0.033235421645850485,
2942,0.033199213348811075,
2943,0.0331630444988668,
2944,0.03312691505304198,
2945,0.03309082496840791,
2946,0.03305477420208256,
2947,0.03301876271123061,
2948,0.03298279045306348,
2949,0.0329468573848391,
2950,0.032910963463862,
2951,0.032875108647483345,
2952,0.03283929289310055,
2953,0.03280351615815759,
2954,0.03276777840014481,
2955,0.03273207957659878,
2956,0.03269641964510232,
2957,0.032660798563284646,
2958,0.032625216288820945,
2959,0.03258967277943259,
2960,0.03255416799288701,
2961,0.032518701886997625,
2962,0.03248327441962379,
2963,0.032447885548670875,
2964,0.032412535232090034,
2965,0.0323772234278782,
2966,0.032341950094078156,
2967,0.03230671518877824,
2968,0.03227151867011261,
2969,0.03223636049626104,
2970,0.032201240625448734,
2971,0.03216615901594654,
2972,0.032131115626070635,
2973,0.0320961104141827,
2974,0.03206114333868975,
2975,0.03202621435804419,
2976,0.03199132343074352,
2977,0.03195647051533058,
2978,0.03192165557039345,
2979,0.03188687855456513,
2980,0.0318521394265238,
2981,0.03181743814499267,
2982,0.03178277466873984,
2983,0.03174814895657844,
2984,0.03171356096736637,
2985,0.031679010660006376,
2986,0.031644497993446055,
2987,0.031610022926677646,
2988,0.03157558541873808,
2989,0.03154118542870894,
2990,0.03150682291571631,
2991,0.03147249783893092,
2992,0.031438210157567904,
2993,0.031403959830886875,
2994,0.03136974681819181,
2995,0.03133557107883098,
2996,0.031301432572196995,
2997,0.03126733125772672,
2998,0.031233267094901186,
2999,0.03119924004324555,
3000,0.03116525006232905,
3001,0.031131297111765058,
3002,0.031097381151210805,
3003,0.031063502140367637,
3004,0.031029660038980663,
3005,0.030995854806838936,
3006,0.030962086403775315,
3007,0.03092835478966635,
3008,0.030894659924432303,
3009,0.03086100176803725,
3010,0.03082738028048871,
3011,0.03079379542183787,
3012,0.030760247152179412,
3013,0.030726735431651442,
3014,0.030693260220435586,
3015,0.030659821478756812,
3016,0.03062641916688337,
3017,0.030593053245126872,
3018,0.030559723673842132,
3019,0.030526430413427137,
3020,0.030493173424323054,
3021,0.03045995266701415,
3022,0.030426768102027713,
3023,0.030393619689934,
3024,0.030360507391346343,
3025,0.03032743116692089,
3026,0.030294390977356693,
3027,0.030261386783395613,
3028,0.030228418545822228,
3029,0.030195486225463877,
3030,0.030162589783190603,
3031,0.030129729179915073,
3032,0.030096904376592515,
3033,0.030064115334220633,
3034,0.03003136201383974,
3035,0.029998644376532584,
3036,0.02996596238342425,
3037,0.0299333159956822,
3038,0.029900705174516182,
3039,0.029868129881178172,
3040,0.029835590076962466,
3041,0.029803085723205454,
3042,0.029770616781285692,
3043,0.02973818321262375,
3044,0.02970578497868233,
3045,0.02967342204096596,
3046,0.02964109436102121,
3047,0.02960880190043657,
3048,0.02957654462084233,
3049,0.02954432248391057,
3050,0.029512135451355174,
3051,0.029479983484931672,
3052,0.029447866546437357,
3053,0.029415784597711003,
3054,0.02938373760063309,
3055,0.029351725517125532,
3056,0.02931974830915184,
3057,0.02928780593871685,
3058,0.029255898367866823,
3059,0.029224025558689432,
3060,0.02919218747331353,
3061,0.029160384073909362,
3062,0.029128615322688293,
3063,0.029096881181902914,
3064,0.029065181613846892,
3065,0.02903351658085495,
3066,0.02900188604530302,
3067,0.028970289969607804,
3068,0.028938728316227038,
3069,0.028907201047659408,
3070,0.028875708126444397,
3071,0.02884424951516227,
3072,0.02881282517643413,
3073,0.02878143507292174,
3074,0.028750079167327643,
3075,0.028718757422394887,
3076,0.02868746980090722,
3077,0.028656216265688875,
3078,0.02862499677960456,
3079,0.028593811305559446,
3080,0.02856265980649925,
3081,0.028531542245409856,
3082,0.02850045858531763,
3083,0.02846940878928913,
3084,0.028438392820431174,
3085,0.02840741064189082,
3086,0.028376462216855254,
3087,0.028345547508551724,
3088,0.0283146664802475,
3089,0.028283819095249938,
3090,0.028253005316906468,
3091,0.028222225108604313,
3092,0.028191478433770564,
3093,0.028160765255872282,
3094,0.028130085538416214,
3095,0.028099439244948943,
3096,0.028068826339056736,
3097,0.028038246784365447,
3098,0.028007700544540746,
3099,0.027977187583287724,
3100,0.02794670786435109,
3101,0.027916261351515002,
3102,0.02788584800860311,
3103,0.02785546779947851,
3104,0.027825120688043582,
3105,0.027794806638240136,
3106,0.027764525614049126,
3107,0.027734277579490856,
3108,0.02770406249862478,
3109,0.027673880335549572,
3110,0.027643731054402966,
3111,0.027613614619361782,
3112,0.027583530994641822,
3113,0.027553480144497933,
3114,0.0275234620332239,
3115,0.027493476625152325,
3116,0.027463523884654808,
3117,0.02743360377614166,
3118,0.02740371626406201,
3119,0.02737386131290364,
3120,0.027344038887193115,
3121,0.027314248951495635,
3122,0.027284491470415,
3123,0.027254766408593492,
3124,0.02722507373071201,
3125,0.02719541340148989,
3126,0.027165785385684958,
3127,0.027136189648093344,
3128,0.027106626153549584,
3129,0.027077094866926544,
3130,0.027047595753135298,
3131,0.027018128777125193,
3132,0.026988693903883785,
3133,0.026959291098436693,
3134,0.026929920325847706,
3135,0.026900581551218675,
3136,0.02687127473968941,
3137,0.026841999856437745,
3138,0.026812756866679464,
3139,0.026783545735668227,
3140,0.026754366428695536,
3141,0.026725218911090774,
3142,0.026696103148220986,
3143,0.026667019105491005,
3144,0.026637966748343397,
3145,0.02660894604225831,
3146,0.026579956952753482,
3147,0.0265509994453843,
3148,0.026522073485743567,
3149,0.02649317903946171,
3150,0.02646431607220654,
3151,0.02643548454968324,
3152,0.026406684437634328,
3153,0.02637791570183975,
3154,0.026349178308116675,
3155,0.02632047222231945,
3156,0.026291797410339764,
3157,0.026263153838106307,
3158,0.026234541471584976,
3159,0.02620596027677876,
3160,0.026177410219727675,
3161,0.026148891266508736,
3162,0.02612040338323583,
3163,0.026091946536059906,
3164,0.026063520691168636,
3165,0.02603512581478664,
3166,0.02600676187317534,
3167,0.02597842883263285,
3168,0.025950126659494036,
3169,0.025921855320130395,
3170,0.025893614780950137,
3171,0.02586540500839803,
3172,0.02583722596895539,
3173,0.02580907762914005,
3174,0.025780959955506347,
3175,0.025752872914644984,
3176,0.025724816473183153,
3177,0.025696790597784402,
3178,0.02566879525514853,
3179,0.025640830412011626,
3180,0.025612896035146042,
3181,0.025584992091360358,
3182,0.02555711854749925,
3183,0.025529275370443562,
3184,0.02550146252711021,
3185,0.02547367998445212,
3186,0.025445927709458256,
3187,0.02541820566915354,
3188,0.025390513830598843,
3189,0.025362852160890872,
3190,0.0253352206271622,
3191,0.025307619196581234,
3192,0.025280047836352085,
3193,0.025252506513714697,
3194,0.0252249951959446,
3195,0.025197513850353015,
3196,0.025170062444286757,
3197,0.0251426409451283,
3198,0.025115249320295553,
3199,0.025087887537241976,
3200,0.02506055556345645,
3201,0.025033253366463275,
3202,0.025005980913822234,
3203,0.02497873817312827,
3204,0.024951525112011767,
3205,0.024924341698138352,
3206,0.024897187899208858,
3207,0.024870063682959305,
3208,0.024842969017160876,
3209,0.024815903869619873,
3210,0.024788868208177592,
3211,0.024761862000710465,
3212,0.024734885215129884,
3213,0.024707937819382172,
3214,0.024681019781448658,
3215,0.02465413106934546,
3216,0.024627271651123613,
3217,0.02460044149486891,
3218,0.02457364056870189,
3219,0.02454686884077791,
3220,0.024520126279286993,
3221,0.024493412852453728,
3222,0.02446672852853739,
3223,0.024440073275831854,
3224,0.024413447062665513,
3225,0.02438684985740129,
3226,0.02436028162843655,
3227,0.02433374234420307,
3228,0.024307231973167066,
3229,0.024280750483829047,
3230,0.024254297844723816,
3231,0.024227874024420587,
3232,0.024201478991522772,
3233,0.02417511271466791,
3234,0.024148775162527766,
3235,0.024122466303808248,
3236,0.0240961861072493,
3237,0.024069934541624944,
3238,0.024043711575743264,
3239,0.024017517178446312,
3240,0.02399135131861004,
3241,0.02396521396514432,
3242,0.023939105086992936,
3243,0.023913024653133507,
3244,0.023886972632577365,
3245,0.023860948994369673,
3246,0.023834953707589333,
3247,0.023808986741348948,
3248,0.023783048064794678,
3249,0.023757137647106352,
3250,0.023731255457497366,
3251,0.02370540146521475,
3252,0.023679575639538823,
3253,0.02365377794978356,
3254,0.02362800836529631,
3255,0.023602266855457837,
3256,0.023576553389682207,
3257,0.02355086793741687,
3258,0.023525210468142432,
3259,0.023499580951372938,
3260,0.023473979356655607,
3261,0.023448405653570672,
3262,0.023422859811731696,
3263,0.023397341800785235,
3264,0.023371851590410966,
3265,0.02334638915032155,
3266,0.02332095445026272,
3267,0.02329554746001311,
3268,0.023270168149384266,
3269,0.023244816488220653,
3270,0.023219492446399644,
3271,0.02319419599383133,
3272,0.023168927100458588,
3273,0.023143685736257094,
3274,0.023118471871235273,
3275,0.023093285475434103,
3276,0.023068126518927357,
3277,0.023042994971821218,
3278,0.0230178908042546,
3279,0.02299281398639882,
3280,0.022967764488457845,
3281,0.022942742280667998,
3282,0.022917747333297992,
3283,0.022892779616649067,
3284,0.02286783910105468,
3285,0.02284292575688068,
3286,0.022818039554525188,
3287,0.022793180464418594,
3288,0.022768348457023465,
3289,0.022743543502834564,
3290,0.022718765572378778,
3291,0.02269401463621516,
3292,0.022669290664934783,
3293,0.022644593629160808,
3294,0.022619923499548365,
3295,0.022595280246784557,
3296,0.022570663841588384,
3297,0.022546074254710866,
3298,0.02252151145693475,
3299,0.02249697541907468,
3300,0.022472466111977157,
3301,0.02244798350652032,
3302,0.022423527573614044,
3303,0.02239909828419998,
3304,0.022374695609251385,
3305,0.022350319519773225,
3306,0.022325969986801964,
3307,0.022301646981405562,
3308,0.022277350474683624,
3309,0.022253080437767213,
3310,0.022228836841818814,
3311,0.022204619658032346,
3312,0.02218042885763306,
3313,0.022156264411877638,
3314,0.022132126292054008,
3315,0.02210801446948146,
3316,0.022083928915510427,
3317,0.022059869601522623,
3318,0.02203583649893087,
3319,0.02201182957917924,
3320,0.021987848813742886,
3321,0.02196389417412797,
3322,0.021939965631871807,
3323,0.021916063158542564,
3324,0.021892186725739508,
3325,0.021868336305092807,
3326,0.021844511868263538,
3327,0.02182071338694367,
3328,0.021796940832856,
3329,0.021773194177754127,
3330,0.021749473393422435,
3331,0.02172577845167599,
3332,0.021702109324360647,
3333,0.021678465983352893,
3334,0.021654848400559826,
3335,0.02163125654791917,
3336,0.021607690397399324,
3337,0.021584149920999083,
3338,0.021560635090747814,
3339,0.021537145878705356,
3340,0.021513682256961947,
3341,0.02149024419763826,
3342,0.02146683167288532,
3343,0.021443444654884545,
3344,0.02142008311584764,
3345,0.02139674702801653,
3346,0.02137343636366344,
3347,0.021350151095090825,
3348,0.021326891194631225,
3349,0.02130365663464738,
3350,0.021280447387532132,
3351,0.02125726342570844,
3352,0.021234104721629215,
3353,0.0212109712477774,
3354,0.021187862976666014,
3355,0.021164779880837932,
3356,0.021141721932865957,
3357,0.02111868910535281,
3358,0.021095681370930982,
3359,0.021072698702262867,
3360,0.0210497410720406,
3361,0.021026808452986018,
3362,0.021003900817850783,
3363,0.020981018139416174,
3364,0.020958160390493145,
3365,0.020935327543922255,
3366,0.020912519572573646,
3367,0.02088973644934704,
3368,0.020866978147171703,
3369,0.02084424463900632,
3370,0.020821535897839104,
3371,0.020798851896687665,
3372,0.020776192608598993,
3373,0.02075355800664947,
3374,0.02073094806394484,
3375,0.020708362753620077,
3376,0.02068580204883948,
3377,0.020663265922796537,
3378,0.02064075434871398,
3379,0.02061826729984369,
3380,0.020595804749466717,
3381,0.020573366670893167,
3382,0.020550953037462308,
3383,0.020528563822542388,
3384,0.02050619899953061,
3385,0.02048385854185331,
3386,0.020461542422965696,
3387,0.020439250616351864,
3388,0.020416983095524855,
3389,0.020394739834026503,
3390,0.020372520805427508,
3391,0.02035032598332739,
3392,0.020328155341354404,
3393,0.020306008853165514,
3394,0.020283886492446376,
3395,0.02026178823291139,
3396,0.020239714048303565,
3397,0.020217663912394393,
3398,0.02019563779898415,
3399,0.02017363568190151,
3400,0.020151657535003642,
3401,0.020129703332176334,
3402,0.020107773047333667,
3403,0.020085866654418222,
3404,0.020063984127401006,
3405,0.02004212544028133,
3406,0.020020290567086815,
3407,0.01999847948187341,
3408,0.019976692158725298,
3409,0.01995492857175497,
3410,0.019933188695103042,
3411,0.01991147250293834,
3412,0.019889779969457802,
3413,0.019868111068886505,
3414,0.01984646577547762,
3415,0.019824844063512332,
3416,0.019803245907299816,
3417,0.01978167128117732,
3418,0.01976012015951004,
3419,0.019738592516691033,
3420,0.019717088327141273,
3421,0.019695607565309633,
3422,0.01967415020567277,
3423,0.019652716222735213,
3424,0.019631305591029286,
3425,0.01960991828511498,
3426,0.019588554279580037,
3427,0.01956721354903987,
3428,0.019545896068137555,
3429,0.0195246018115438,
3430,0.019503330753956893,
3431,0.019482082870102696,
3432,0.019460858134734596,
3433,0.019439656522633512,
3434,0.019418478008607874,
3435,0.019397322567493484,
3436,0.019376190174153516,
3437,0.019355080803478624,
3438,0.019333994430386813,
3439,0.019312931029823392,
3440,0.01929189057676093,
3441,0.01927087304619933,
3442,0.019249878413165653,
3443,0.019228906652714216,
3444,0.019207957739926514,
3445,0.01918703164991118,
3446,0.019166128357803947,
3447,0.01914524783876771,
3448,0.019124390067992304,
3449,0.019103555020694676,
3450,0.019082742672118746,
3451,0.019061952997535457,
3452,0.01904118597224262,
3453,0.019020441571564985,
3454,0.018999719770854167,
3455,0.018979020545488688,
3456,0.01895834387087384,
3457,0.018937689722441736,
3458,0.018917058075651243,
3459,0.018896448905988017,
3460,0.018875862188964324,
3461,0.018855297900119146,
3462,0.018834756015018123,
3463,0.018814236509253537,
3464,0.018793739358444222,
3465,0.01877326453823558,
3466,0.018752812024299556,
3467,0.01873238179233471,
3468,0.018711973818065886,
3469,0.018691588077244456,
3470,0.0186712245456482,
3471,0.018650883199081328,
3472,0.018630564013374373,
3473,0.018610266964384198,
3474,0.018589992027993985,
3475,0.018569739180113204,
3476,0.01854950839667749,
3477,0.018529299653648853,
3478,0.0185091129270153,
3479,0.018488948192791142,
3480,0.018468805427016677,
3481,0.018448684605758478,
3482,0.018428585705109097,
3483,0.018408508701187168,
3484,0.018388453570137294,
3485,0.018368420288130113,
3486,0.018348408831362188,
3487,0.01832841917605603,
3488,0.018308451298460086,
3489,0.01828850517484863,
3490,0.018268580781521795,
3491,0.018248678094805595,
3492,0.01822879709105169,
3493,0.018208937746637677,
3494,0.018189100037966772,
3495,0.018169283941467957,
3496,0.018149489433595845,
3497,0.018129716490830738,
3498,0.018109965089678534,
3499,0.018090235206670763,
3500,0.018070526818364498,
3501,0.018050839901342375,
3502,0.018031174432212506,
3503,0.018011530387608516,
3504,0.01799190774418947,
3505,0.01797230647863985,
3506,0.0179527265676696,
3507,0.01793316798801396,
3508,0.017913630716433496,
3509,0.01789411472971421,
3510,0.017874620004667316,
3511,0.01785514651812935,
3512,0.017835694246961985,
3513,0.017816263168052147,
3514,0.01779685325831196,
3515,0.017777464494678735,
3516,0.017758096854114835,
3517,0.017738750313607755,
3518,0.017719424850170005,
3519,0.017700120440839268,
3520,0.01768083706267818,
3521,0.017661574692774316,
3522,0.01764233330824021,
3523,0.017623112886213363,
3524,0.017603913403856288,
3525,0.017584734838356195,
3526,0.017565577166925292,
3527,0.01754644036680054,
3528,0.017527324415243697,
3529,0.017508229289541346,
3530,0.017489154967004754,
3531,0.017470101424969915,
3532,0.017451068640797537,
3533,0.017432056591872972,
3534,0.017413065255606267,
3535,0.017394094609432007,
3536,0.017375144630809393,
3537,0.01735621529722216,
3538,0.017337306586178675,
3539,0.017318418475211646,
3540,0.01729955094187836,
3541,0.017280703963760503,
3542,0.01726187751846427,
3543,0.0172430715836202,
3544,0.01722428613688319,
3545,0.017205521155932463,
3546,0.01718677661847159,
3547,0.01716805250222843,
3548,0.01714934878495516,
3549,0.017130665444428077,
3550,0.017112002458447784,
3551,0.017093359804839003,
3552,0.01707473746145069,
3553,0.017056135406155897,
3554,0.017037553616851792,
3555,0.017018992071459536,
3556,0.017000450747924487,
3557,0.016981929624215977,
3558,0.016963428678327255,
3559,0.016944947888275635,
3560,0.016926487232102407,
3561,0.01690804668787265,
3562,0.016889626233675507,
3563,0.016871225847623874,
3564,0.01685284550785457,
3565,0.01683448519252816,
3566,0.016816144879829003,
3567,0.01679782454796527,
3568,0.016779524175168918,
3569,0.01676124373969551,
3570,0.016742983219824373,
3571,0.016724742593858446,
3572,0.016706521840124344,
3573,0.016688320936972263,
3574,0.016670139862776063,
3575,0.016651978595933033,
3576,0.0166338371148641,
3577,0.016615715398013663,
3578,0.016597613423849633,
3579,0.016579531170863384,
3580,0.016561468617569602,
3581,0.01654342574250655,
3582,0.016525402524235754,
3583,0.01650739894134216,
3584,0.016489414972434085,
3585,0.016471450596143064,
3586,0.0164535057911239,
3587,0.016435580536054716,
3588,0.016417674809636823,
3589,0.01639978859059473,
3590,0.016381921857676177,
3591,0.016364074589651993,
3592,0.016346246765316205,
3593,0.016328438363485943,
3594,0.01631064936300131,
3595,0.016292879742725537,
3596,0.01627512948154489,
3597,0.016257398558368608,
3598,0.016239686952128886,
3599,0.016221994641780944,
3600,0.01620432160630293,
3601,0.0161866678246958,
3602,0.01616903327598349,
3603,0.016151417939212695,
3604,0.01613382179345299,
3605,0.01611624481779675,
3606,0.01609868699135908,
3607,0.01608114829327799,
3608,0.01606362870271402,
3609,0.01604612819885057,
3610,0.016028646760893623,
3611,0.016011184368071814,
3612,0.01599374099963646,
3613,0.015976316634861484,
3614,0.01595891125304334,
3615,0.01594152483350106,
3616,0.015924157355576247,
3617,0.01590680879863292,
3618,0.01588947914205765,
3619,0.015872168365259464,
3620,0.015854876447669797,
3621,0.01583760336874254,
3622,0.0158203491079539,
3623,0.015803113644802438,
3624,0.015785896958809126,
3625,0.015768699029517223,
3626,0.015751519836492228,
3627,0.015734359359321937,
3628,0.015717217577616408,
3629,0.015700094471007866,
3630,0.015682990019150706,
3631,0.015665904201721544,
3632,0.015648836998419163,
3633,0.015631788388964406,
3634,0.015614758353100206,
3635,0.015597746870591553,
3636,0.015580753921225541,
3637,0.015563779484811273,
3638,0.01554682354117982,
3639,0.015529886070184228,
3640,0.015512967051699533,
3641,0.015496066465622623,
3642,0.015479184291872358,
3643,0.015462320510389434,
3644,0.0154454751011364,
3645,0.015428648044097661,
3646,0.015411839319279433,
3647,0.015395048906709664,
3648,0.015378276786438102,
3649,0.015361522938536229,
3650,0.015344787343097252,
3651,0.015328069980235988,
3652,0.015311370830088978,
3653,0.015294689872814439,
3654,0.015278027088592105,
3655,0.01526138245762344,
3656,0.015244755960131348,
3657,0.01522814757636036,
3658,0.015211557286576409,
3659,0.015194985071067094,
3660,0.01517843091014143,
3661,0.015161894784129869,
3662,0.015145376673384295,
3663,0.015128876558277937,
3664,0.015112394419205503,
3665,0.015095930236583007,
3666,0.015079483990847867,
3667,0.015063055662458665,
3668,0.015046645231895358,
3669,0.015030252679659236,
3670,0.015013877986272779,
3671,0.014997521132279689,
3672,0.014981182098244786,
3673,0.014964860864754181,
3674,0.014948557412415164,
3675,0.014932271721855976,
3676,0.014916003773726056,
3677,0.014899753548695958,
3678,0.01488352102745728,
3679,0.014867306190722638,
3680,0.01485110901922566,
3681,0.014834929493720957,
3682,0.014818767594984142,
3683,0.014802623303811732,
3684,0.014786496601021182,
3685,0.014770387467450869,
3686,0.014754295883960001,
3687,0.014738221831428656,
3688,0.014722165290757741,
3689,0.01470612624286902,
3690,0.014690104668704993,
3691,0.014674100549228894,
3692,0.014658113865424743,
3693,0.014642144598297243,
3694,0.014626192728871886,
3695,0.014610258238194718,
3696,0.014594341107332424,
3697,0.014578441317372485,
3698,0.014562558849422803,
3699,0.014546693684611933,
3700,0.014530845804088914,
3701,0.014515015189023482,
3702,0.014499201820605772,
3703,0.014483405680046456,
3704,0.014467626748576686,
3705,0.014451865007447974,
3706,0.014436120437932392,
3707,0.014420393021322307,
3708,0.014404682738930506,
3709,0.01438898957209006,
3710,0.014373313502154556,
3711,0.014357654510497718,
3712,0.014342012578513643,
3713,0.014326387687616769,
3714,0.014310779819241611,
3715,0.014295188954843012,
3716,0.014279615075895978,
3717,0.014264058163895756,
3718,0.014248518200357746,
3719,0.014232995166817433,
3720,0.014217489044830448,
3721,0.014201999815972541,
3722,0.014186527461839491,
3723,0.014171071964047181,
3724,0.014155633304231375,
3725,0.014140211464048046,
3726,0.014124806425173034,
3727,0.01410941816930222,
3728,0.014094046678151324,
3729,0.01407869193345606,
3730,0.014063353916972032,
3731,0.014048032610474642,
3732,0.014032727995759298,
3733,0.014017440054641119,
3734,0.014002168768955058,
3735,0.01398691412055585,
3736,0.013971676091318072,
3737,0.013956454663135933,
3738,0.01394124981792347,
3739,0.013926061537614358,
3740,0.013910889804162007,
3741,0.013895734599539428,
3742,0.013880595905739338,
3743,0.013865473704774046,
3744,0.013850367978675445,
3745,0.013835278709494987,
3746,0.013820205879303715,
3747,0.01380514947019214,
3748,0.013790109464270381,
3749,0.01377508584366795,
3750,0.013760078590533895,
3751,0.013745087687036722,
3752,0.013730113115364335,
3753,0.013715154857723998,
3754,0.013700212896342474,
3755,0.013685287213465762,
3756,0.013670377791359281,
3757,0.013655484612307782,
3758,0.013640607658615208,
3759,0.013625746912604883,
3760,0.0136109023566194,
3761,0.01359607397302049,
3762,0.013581261744189204,
3763,0.013566465652525806,
3764,0.013551685680449628,
3765,0.013536921810399163,
3766,0.013522174024832148,
3767,0.013507442306225246,
3768,0.013492726637074397,
3769,0.013478026999894475,
3770,0.01346334337721955,
3771,0.013448675751602584,
3772,0.013434024105615592,
3773,0.013419388421849645,
3774,0.01340476868291464,
3775,0.013390164871439587,
3776,0.013375576970072274,
3777,0.013361004961479454,
3778,0.013346448828346763,
3779,0.013331908553378662,
3780,0.013317384119298545,
3781,0.013302875508848507,
3782,0.013288382704789586,
3783,0.013273905689901406,
3784,0.013259444446982592,
3785,0.013244998958850328,
3786,0.013230569208340573,
3787,0.013216155178307983,
3788,0.01320175685162603,
3789,0.013187374211186561,
3790,0.013173007239900227,
3791,0.01315865592069634,
3792,0.013144320236522705,
3793,0.013130000170345801,
3794,0.013115695705150598,
3795,0.013101406823940637,
3796,0.01308713350973791,
3797,0.013072875745582994,
3798,0.013058633514534937,
3799,0.013044406799671145,
3800,0.013030195584087585,
3801,0.013015999850898522,
3802,0.0130018195832367,
3803,0.012987654764253209,
3804,0.012973505377117524,
3805,0.012959371405017465,
3806,0.01294525283115908,
3807,0.012931149638766763,
3808,0.012917061811083203,
3809,0.012902989331369344,
3810,0.012888932182904354,
3811,0.01287489034898561,
3812,0.012860863812928735,
3813,0.012846852558067442,
3814,0.012832856567753658,
3815,0.012818875825357411,
3816,0.012804910314266922,
3817,0.012790960017888407,
3818,0.012777024919646234,
3819,0.012763105002982812,
3820,0.012749200251358606,
3821,0.01273531064825207,
3822,0.012721436177159677,
3823,0.012707576821595826,
3824,0.012693732565092937,
3825,0.012679903391201371,
3826,0.012666089283489343,
3827,0.01265229022554305,
3828,0.012638506200966588,
3829,0.012624737193381788,
3830,0.012610983186428486,
3831,0.012597244163764154,
3832,0.012583520109064255,
3833,0.012569811006021914,
3834,0.012556116838348076,
3835,0.012542437589771383,
3836,0.012528773244038314,
3837,0.012515123784912896,
3838,0.01250148919617699,
3839,0.012487869461630049,
3840,0.012474264565089212,
3841,0.012460674490389193,
3842,0.012447099221382369,
3843,0.012433538741938654,
3844,0.012419993035945634,
3845,0.012406462087308355,
3846,0.012392945879949442,
3847,0.012379444397808996,
3848,0.0123659576248447,
3849,0.012352485545031617,
3850,0.012339028142362308,
3851,0.012325585400846745,
3852,0.012312157304512393,
3853,0.012298743837404048,
3854,0.012285344983583947,
3855,0.012271960727131635,
3856,0.012258591052143995,
3857,0.012245235942735301,
3858,0.012231895383037074,
3859,0.012218569357198181,
3860,0.012205257849384704,
3861,0.012191960843779978,
3862,0.012178678324584614,
3863,0.012165410276016376,
3864,0.012152156682310247,
3865,0.012138917527718446,
3866,0.012125692796510249,
3867,0.012112482472972128,
3868,0.012099286541407675,
3869,0.012086104986137563,
3870,0.01207293779149954,
3871,0.01205978494184847,
3872,0.01204664642155616,
3873,0.012033522215011508,
3874,0.012020412306620475,
3875,0.012007316680805883,
3876,0.011994235322007636,
3877,0.011981168214682513,
3878,0.011968115343304261,
3879,0.011955076692363602,
3880,0.011942052246368035,
3881,0.011929041989842014,
3882,0.011916045907326823,
3883,0.011903063983380636,
3884,0.011890096202578424,
3885,0.011877142549511877,
3886,0.011864203008789598,
3887,0.011851277565036905,
3888,0.011838366202895816,
3889,0.011825468907025218,
3890,0.011812585662100566,
3891,0.011799716452814121,
3892,0.011786861263874734,
3893,0.01177402008000798,
3894,0.011761192885956012,
3895,0.011748379666477616,
3896,0.011735580406348265,
3897,0.01172279509035998,
3898,0.011710023703321285,
3899,0.01169726623005727,
3900,0.011684522655409615,
3901,0.011671792964236486,
3902,0.011659077141412568,
3903,0.011646375171828977,
3904,0.011633687040393309,
3905,0.011621012732029585,
3906,0.011608352231678333,
3907,0.011595705524296432,
3908,0.011583072594857056,
3909,0.011570453428349938,
3910,0.011557848009781003,
3911,0.011545256324172597,
3912,0.011532678356563365,
3913,0.01152011409200826,
3914,0.011507563515578466,
3915,0.011495026612361492,
3916,0.011482503367461034,
3917,0.0114699937659971,
3918,0.01145749779310579,
3919,0.011445015433939571,
3920,0.011432546673666898,
3921,0.011420091497472537,
3922,0.011407649890557287,
3923,0.011395221838138047,
3924,0.011382807325448005,
3925,0.011370406337736234,
3926,0.011358018860267986,
3927,0.011345644878324594,
3928,0.011333284377203304,
3929,0.011320937342217448,
3930,0.01130860375869637,
3931,0.011296283611985397,
3932,0.011283976887445766,
3933,0.011271683570454792,
3934,0.011259403646405554,
3935,0.011247137100707185,
3936,0.01123488391878461,
3937,0.011222644086078686,
3938,0.01121041758804609,
3939,0.011198204410159443,
3940,0.011186004537907123,
3941,0.011173817956793244,
3942,0.011161644652337821,
3943,0.011149484610076647,
3944,0.011137337815561232,
3945,0.011125204254358752,
3946,0.011113083912052287,
3947,0.011100976774240507,
3948,0.011088882826537744,
3949,0.011076802054574127,
3950,0.011064734443995274,
3951,0.011052679980462547,
3952,0.011040638649652922,
3953,0.01102861043725894,
3954,0.011016595328988776,
3955,0.011004593310566151,
3956,0.010992604367730372,
3957,0.010980628486236198,
3958,0.010968665651854004,
3959,0.010956715850369631,
3960,0.010944779067584403,
3961,0.010932855289315124,
3962,0.010920944501393982,
3963,0.010909046689668736,
3964,0.01089716184000238,
3965,0.010885289938273451,
3966,0.01087343097037581,
3967,0.010861584922218769,
3968,0.010849751779726908,
3969,0.010837931528840184,
3970,0.010826124155513796,
3971,0.010814329645718324,
3972,0.010802547985439595,
3973,0.010790779160678719,
3974,0.01077902315745207,
3975,0.010767279961791186,
3976,0.01075554955974295,
3977,0.01074383193736936,
3978,0.010732127080747616,
3979,0.010720434975970038,
3980,0.010708755609144163,
3981,0.010697088966392631,
3982,0.010685435033853226,
3983,0.010673793797678825,
3984,0.010662165244037373,
3985,0.010650549359111926,
3986,0.01063894612910057,
3987,0.01062735554021637,
3988,0.010615777578687499,
3989,0.01060421223075706,
3990,0.010592659482683184,
3991,0.010581119320739052,
3992,0.010569591731212644,
3993,0.01055807670040691,
3994,0.010546574214639826,
3995,0.010535084260244246,
3996,0.010523606823567818,
3997,0.010512141890973133,
3998,0.010500689448837674,
3999,0.010489249483553675,
4000,0.010477821981528255,
4001,0.010466406929183306,
4002,0.010455004312955578,
4003,0.010443614119296504,
4004,0.010432236334672412,
4005,0.010420870945564197,
4006,0.01040951793846766,
4007,0.010398177299893202,
4008,0.010386849016365923,
4009,0.01037553307442567,
4010,0.01036422946062692,
4011,0.010352938161538759,
4012,0.010341659163744906,
4013,0.01033039245384376,
4014,0.010319138018448276,
4015,0.01030789584418603,
4016,0.010296665917699123,
4017,0.010285448225644218,
4018,0.010274242754692567,
4019,0.010263049491529851,
4020,0.010251868422856369,
4021,0.010240699535386808,
4022,0.010229542815850347,
4023,0.01021839825099071,
4024,0.01020726582756594,
4025,0.010196145532348565,
4026,0.010185037352125509,
4027,0.010173941273698152,
4028,0.010162857283882202,
4029,0.010151785369507666,
4030,0.010140725517419026,
4031,0.010129677714475043,
4032,0.010118641947548768,
4033,0.010107618203527576,
4034,0.010096606469313088,
4035,0.010085606731821246,
4036,0.010074618977982277,
4037,0.010063643194740589,
4038,0.010052679369054794,
4039,0.01004172748789776,
4040,0.010030787538256583,
4041,0.010019859507132403,
4042,0.010008943381540666,
4043,0.009998039148510864,
4044,0.009987146795086641,
4045,0.009976266308325812,
4046,0.009965397675300237,
4047,0.009954540883095846,
4048,0.009943695918812693,
4049,0.009932862769564902,
4050,0.009922041422480586,
4051,0.009911231864701832,
4052,0.009900434083384844,
4053,0.009889648065699716,
4054,0.009878873798830637,
4055,0.009868111269975596,
4056,0.009857360466346724,
4057,0.009846621375169937,
4058,0.009835893983685118,
4059,0.009825178279146104,
4060,0.009814474248820466,
4061,0.009803781879989783,
4062,0.009793101159949512,
4063,0.009782432076008813,
4064,0.00977177461549077,
4065,0.009761128765732296,
4066,0.009750494514084022,
4067,0.009739871847910383,
4068,0.009729260754589613,
4069,0.009718661221513651,
4070,0.009708073236088221,
4071,0.009697496785732779,
4072,0.009686931857880434,
4073,0.00967637843997798,
4074,0.009665836519485958,
4075,0.009655306083878516,
4076,0.00964478712064347,
4077,0.009634279617282195,
4078,0.009623783561309768,
4079,0.009613298940254873,
4080,0.009602825741659694,
4081,0.00959236395308005,
4082,0.009581913562085355,
4083,0.00957147455625849,
4084,0.009561046923195957,
4085,0.009550630650507675,
4086,0.009540225725817083,
4087,0.00952983213676114,
4088,0.009519449870990238,
4089,0.00950907891616819,
4090,0.009498719259972305,
4091,0.009488370890093328,
4092,0.009478033794235443,
4093,0.009467707960116105,
4094,0.009457393375466227,
4095,0.009447090028030125,
4096,0.009436797905565394,
4097,0.009426516995843048,
4098,0.009416247286647316,
4099,0.009405988765775808,
4100,0.009395741421039477,
4101,0.009385505240262434,
4102,0.009375280211282084,
4103,0.009365066321949191,
4104,0.009354863560127618,
4105,0.009344671913694546,
4106,0.009334491370540307,
4107,0.009324321918568423,
4108,0.00931416354569564,
4109,0.009304016239851866,
4110,0.009293879988980153,
4111,0.009283754781036675,
4112,0.009273640603990656,
4113,0.00926353744582456,
4114,0.009253445294533797,
4115,0.009243364138126988,
4116,0.009233293964625765,
4117,0.00922323476206484,
4118,0.00921318651849191,
4119,0.009203149221967669,
4120,0.00919312286056595,
4121,0.009183107422373476,
4122,0.009173102895489935,
4123,0.009163109268027998,
4124,0.00915312652811336,
4125,0.009143154663884536,
4126,0.009133193663493045,
4127,0.009123243515103314,
4128,0.009113304206892592,
4129,0.009103375727051057,
4130,0.00909345806378183,
4131,0.009083551205300735,
4132,0.009073655139836502,
4133,0.009063769855630722,
4134,0.009053895340937767,
4135,0.009044031584024788,
4136,0.009034178573171743,
4137,0.00902433629667133,
4138,0.009014504742829072,
4139,0.009004683899963046,
4140,0.008994873756404306,
4141,0.008985074300496523,
4142,0.008975285520595996,
4143,0.008965507405071736,
4144,0.008955739942305495,
4145,0.008945983120691567,
4146,0.008936236928637025,
4147,0.008926501354561505,
4148,0.00891677638689725,
4149,0.008907062014089116,
4150,0.00889735822459454,
4151,0.008887665006883509,
4152,0.008877982349438667,
4153,0.008868310240755123,
4154,0.008858648669340547,
4155,0.008848997623715079,
4156,0.008839357092411458,
4157,0.008829727063974795,
4158,0.008820107526962846,
4159,0.008810498469945657,
4160,0.008800899881505876,
4161,0.008791311750238472,
4162,0.008781734064750918,
4163,0.008772166813663034,
4164,0.008762609985607092,
4165,0.008753063569227748,
4166,0.008743527553182038,
4167,0.008734001926139259,
4168,0.008724486676781181,
4169,0.00871498179380181,
4170,0.008705487265907499,
4171,0.008696003081816908,
4172,0.008686529230261003,
4173,0.008677065699982998,
4174,0.008667612479738417,
4175,0.008658169558295025,
4176,0.00864873692443273,
4177,0.008639314566943836,
4178,0.008629902474632663,
4179,0.008620500636315883,
4180,0.008611109040822296,
4181,0.008601727676992793,
4182,0.008592356533680576,
4183,0.008582995599750915,
4184,0.008573644864081137,
4185,0.008564304315560793,
4186,0.008554973943091536,
4187,0.008545653735587057,
4188,0.008536343681973112,
4189,0.008527043771187605,
4190,0.008517753992180426,
4191,0.008508474333913479,
4192,0.008499204785360762,
4193,0.008489945335508262,
4194,0.008480695973353982,
4195,0.00847145668790783,
4196,0.008462227468191795,
4197,0.008453008303239749,
4198,0.008443799182097575,
4199,0.008434600093823078,
4200,0.008425411027485898,
4201,0.008416231972167667,
4202,0.008407062916961855,
4203,0.008397903850973939,
4204,0.0083887547633211,
4205,0.008379615643132443,
4206,0.008370486479548923,
4207,0.00836136726172338,
4208,0.008352257978820386,
4209,0.008343158620016373,
4210,0.008334069174499548,
4211,0.008324989631469817,
4212,0.008315919980138987,
4213,0.008306860209730559,
4214,0.008297810309479715,
4215,0.008288770268633495,
4216,0.008279740076450505,
4217,0.008270719722201177,
4218,0.00826170919516761,
4219,0.00825270848464351,
4220,0.008243717579934303,
4221,0.008234736470357069,
4222,0.008225765145240468,
4223,0.00821680359392488,
4224,0.008207851805762226,
4225,0.008198909770116048,
4226,0.00818997747636146,
4227,0.008181054913885176,
4228,0.008172142072085501,
4229,0.008163238940372205,
4230,0.008154345508166707,
4231,0.008145461764901812,
4232,0.008136587700021937,
4233,0.008127723302982984,
4234,0.008118868563252347,
4235,0.008110023470308906,
4236,0.008101188013642941,
4237,0.008092362182756134,
4238,0.008083545967161815,
4239,0.008074739356384565,
4240,0.008065942339960412,
4241,0.008057154907436838,
4242,0.008048377048372666,
4243,0.008039608752338064,
4244,0.008030850008914635,
4245,0.008022100807695278,
4246,0.008013361138284256,
4247,0.008004630990297136,
4248,0.007995910353360822,
4249,0.007987199217113506,
4250,0.007978497571204696,
4251,0.0079698054052951,
4252,0.007961122709056797,
4253,0.007952449472173016,
4254,0.007943785684338303,
4255,0.00793513133525843,
4256,0.007926486414650316,
4257,0.007917850912242131,
4258,0.00790922481777323,
4259,0.007900608120994081,
4260,0.007892000811666425,
4261,0.007883402879563139,
4262,0.007874814314468214,
4263,0.00786623510617674,
4264,0.007857665244494948,
4265,0.007849104719240243,
4266,0.00784055352024102,
4267,0.007832011637336812,
4268,0.007823479060378198,
4269,0.007814955779226801,
4270,0.007806441783755357,
4271,0.007797937063847584,
4272,0.007789441609398204,
4273,0.007780955410313038,
4274,0.007772478456508715,
4275,0.007764010737913075,
4276,0.00775555224446476,
4277,0.00774710296611352,
4278,0.007738662892820001,
4279,0.007730232014555667,
4280,0.007721810321303022,
4281,0.007713397803055481,
4282,0.007704994449817345,
4283,0.007696600251603804,
4284,0.007688215198440903,
4285,0.00767983928036562,
4286,0.007671472487425711,
4287,0.007663114809679799,
4288,0.0076547662371973645,
4289,0.007646426760058724,
4290,0.007638096368354872,
4291,0.007629775052187709,
4292,0.007621462801669982,
4293,0.007613159606925066,
4294,0.007604865458087189,
4295,0.007596580345301292,
4296,0.007588304258723023,
4297,0.00758003718851882,
4298,0.007571779124865782,
4299,0.007563530057951811,
4300,0.007555289977975315,
4301,0.007547058875145499,
4302,0.00753883673968225,
4303,0.007530623561816075,
4304,0.0075224193317881384,
4305,0.007514224039850196,
4306,0.007506037676264686,
4307,0.00749786023130458,
4308,0.007489691695253478,
4309,0.00748153205840564,
4310,0.0074733813110658374,
4311,0.007465239443549389,
4312,0.007457106446182203,
4313,0.0074489823093006596,
4314,0.007440867023251687,
4315,0.007432760578392813,
4316,0.0074246629650919745,
4317,0.0074165741737276785,
4318,0.00740849419468886,
4319,0.007400423018374901,
4320,0.007392360635195749,
4321,0.007384307035571694,
4322,0.007376262209933511,
4323,0.0073682261487223845,
4324,0.007360198842389901,
4325,0.007352180281398112,
4326,0.007344170456219388,
4327,0.0073361693573365415,
4328,0.007328176975242622,
4329,0.007320193300441178,
4330,0.007312218323446092,
4331,0.007304252034781544,
4332,0.007296294424982003,
4333,0.007288345484592288,
4334,0.007280405204167552,
4335,0.007272473574273215,
4336,0.007264550585484933,
4337,0.007256636228388642,
4338,0.007248730493580586,
4339,0.007240833371667279,
4340,0.0072329448532653835,
4341,0.007225064929001735,
4342,0.007217193589513521,
4343,0.007209330825448042,
4344,0.007201476627462818,
4345,0.007193630986225545,
4346,0.007185793892414071,
4347,0.00717796533671646,
4348,0.007170145309830866,
4349,0.00716233380246545,
4350,0.007154530805338758,
4351,0.0071467363091792715,
4352,0.007138950304725701,
4353,0.007131172782726706,
4354,0.007123403733941092,
4355,0.007115643149137694,
4356,0.0071078910190954395,
4357,0.007100147334603345,
4358,0.007092412086460339,
4359,0.007084685265475523,
4360,0.0070769668624679075,
4361,0.007069256868266552,
4362,0.007061555273710499,
4363,0.007053862069648712,
4364,0.0070461772469402155,
4365,0.0070385007964539415,
4366,0.007030832709068802,
4367,0.007023172975673617,
4368,0.00701552158716713,
4369,0.007007878534457985,
4370,0.007000243808464808,
4371,0.006992617400116034,
4372,0.006984999300349996,
4373,0.0069773895001149526,
4374,0.006969787990368984,
4375,0.006962194762079993,
4376,0.006954609806225756,
4377,0.006947033113793948,
4378,0.006939464675781964,
4379,0.006931904483197002,
4380,0.006924352527056048,
4381,0.006916808798385994,
4382,0.006909273288223412,
4383,0.0069017459876146645,
4384,0.006894226887615839,
4385,0.006886715979292805,
4386,0.006879213253721099,
4387,0.006871718701986136,
4388,0.006864232315182828,
4389,0.006856754084415961,
4390,0.006849284000799973,
4391,0.006841822055458868,
4392,0.006834368239526472,
4393,0.006826922544146201,
4394,0.006819484960471154,
4395,0.006812055479663992,
4396,0.006804634092897112,
4397,0.00679722079135239,
4398,0.006789815566221444,
4399,0.006782418408705443,
4400,0.006775029310015088,
4401,0.006767648261370727,
4402,0.00676027525400221,
4403,0.006752910279149041,
4404,0.006745553328060156,
4405,0.006738204391994078,
4406,0.006730863462218873,
4407,0.006723530530012083,
4408,0.006716205586660763,
4409,0.006708888623461499,
4410,0.006701579631720276,
4411,0.0066942786027525975,
4412,0.006686985527883431,
4413,0.00667970039844721,
4414,0.006672423205787758,
4415,0.006665153941258403,
4416,0.006657892596221844,
4417,0.006650639162050175,
4418,0.006643393630124931,
4419,0.006636155991837002,
4420,0.006628926238586659,
4421,0.006621704361783615,
4422,0.006614490352846852,
4423,0.006607284203204723,
4424,0.006600085904294886,
4425,0.006592895447564392,
4426,0.006585712824469634,
4427,0.006578538026476215,
4428,0.006571371045059135,
4429,0.0065642118717025525,
4430,0.006557060497900039,
4431,0.006549916915154424,
4432,0.006542781114977647,
4433,0.006535653088891072,
4434,0.006528532828425212,
4435,0.006521420325119797,
4436,0.006514315570523844,
4437,0.006507218556195471,
4438,0.006500129273702039,
4439,0.006493047714620145,
4440,0.006485973870535555,
4441,0.006478907733043088,
4442,0.006471849293746908,
4443,0.0064647985442602,
4444,0.0064577554762052895,
4445,0.0064507200812135915,
4446,0.006443692350925757,
4447,0.006436672276991481,
4448,0.006429659851069517,
4449,0.006422655064827786,
4450,0.006415657909943221,
4451,0.006408668378101876,
4452,0.006401686460998817,
4453,0.006394712150338181,
4454,0.006387745437833116,
4455,0.006380786315205841,
4456,0.00637383477418753,
4457,0.006366890806518477,
4458,0.0063599544039478935,
4459,0.006353025558233992,
4460,0.0063461042611438765,
4461,0.006339190504453773,
4462,0.006332284279948808,
4463,0.006325385579423031,
4464,0.006318494394679473,
4465,0.006311610717530019,
4466,0.0063047345397955435,
4467,0.006297865853305848,
4468,0.006291004649899604,
4469,0.006284150921424356,
4470,0.006277304659736561,
4471,0.006270465856701521,
4472,0.006263634504193469,
4473,0.006256810594095362,
4474,0.006249994118299091,
4475,0.006243185068705389,
4476,0.006236383437223779,
4477,0.006229589215772576,
4478,0.00622280239627898,
4479,0.006216022970678899,
4480,0.006209250930917053,
4481,0.006202486268946973,
4482,0.006195728976730904,
4483,0.006188979046239935,
4484,0.006182236469453803,
4485,0.006175501238361037,
4486,0.0061687733449588495,
4487,0.006162052781253215,
4488,0.0061553395392588165,
4489,0.006148633610998981,
4490,0.00614193498850583,
4491,0.006135243663820021,
4492,0.006128559628990996,
4493,0.006121882876076854,
4494,0.006115213397144345,
4495,0.006108551184268793,
4496,0.006101896229534181,
4497,0.006095248525033212,
4498,0.006088608062867097,
4499,0.006081974835145624,
4500,0.006075348833987292,
4501,0.006068730051519069,
4502,0.00606211847987664,
4503,0.00605551411120415,
4504,0.006048916937654302,
4505,0.006042326951388372,
4506,0.006035744144576205,
4507,0.006029168509396125,
4508,0.006022600038035076,
4509,0.006016038722688429,
4510,0.006009484555559983,
4511,0.006002937528862214,
4512,0.005996397634815924,
4513,0.005989864865650502,
4514,0.005983339213603703,
4515,0.0059768206709218475,
4516,0.005970309229859607,
4517,0.005963804882680131,
4518,0.00595730762165498,
4519,0.00595081743906417,
4520,0.0059443343271961616,
4521,0.005937858278347687,
4522,0.005931389284823953,
4523,0.005924927338938532,
4524,0.005918472433013421,
4525,0.0059120245593789695,
4526,0.005905583710373793,
4527,0.00589914987834491,
4528,0.0058927230556477545,
4529,0.005886303234645963,
4530,0.005879890407711576,
4531,0.0058734845672248955,
4532,0.005867085705574509,
4533,0.00586069381515742,
4534,0.005854308888378799,
4535,0.005847930917652013,
4536,0.0058415598953989074,
4537,0.005835195814049402,
4538,0.005828838666041814,
4539,0.00582248844382258,
4540,0.005816145139846397,
4541,0.005809808746576201,
4542,0.0058034792564831475,
4543,0.005797156662046562,
4544,0.005790840955753967,
4545,0.005784532130101065,
4546,0.005778230177591781,
4547,0.005771935090738214,
4548,0.005765646862060559,
4549,0.005759365484087164,
4550,0.005753090949354505,
4551,0.005746823250407339,
4552,0.0057405623797982955,
4553,0.005734308330088253,
4554,0.005728061093846245,
4555,0.005721820663649312,
4556,0.005715587032082603,
4557,0.005709360191739436,
4558,0.005703140135221077,
4559,0.0056969268551368855,
4560,0.00569072034410427,
4561,0.005684520594748709,
4562,0.005678327599703741,
4563,0.005672141351610826,
4564,0.005665961843119512,
4565,0.005659789066887375,
4566,0.005653623015579952,
4567,0.0056474636818707605,
4568,0.005641311058441396,
4569,0.005635165137981303,
4570,0.005629025913187913,
4571,0.00562289337676665,
4572,0.005616767521430844,
4573,0.005610648339901827,
4574,0.005604535824908845,
4575,0.005598429969188998,
4576,0.005592330765487392,
4577,0.005586238206557006,
4578,0.005580152285158644,
4579,0.00557407299406106,
4580,0.005568000326040919,
4581,0.005561934273882681,
4582,0.005555874830378735,
4583,0.005549821988329258,
4584,0.005543775740542369,
4585,0.005537736079833859,
4586,0.005531702999027512,
4587,0.005525676490954799,
4588,0.0055196565484551124,
4589,0.005513643164375564,
4590,0.00550763633157114,
4591,0.0055016360429045496,
4592,0.005495642291246279,
4593,0.005489655069474555,
4594,0.005483674370475406,
4595,0.005477700187142632,
4596,0.005471732512377763,
4597,0.005465771339090015,
4598,0.005459816660196338,
4599,0.005453868468621407,
4600,0.00544792675729768,
4601,0.005441991519165284,
4602,0.005436062747171936,
4603,0.005430140434273111,
4604,0.005424224573431961,
4605,0.005418315157619343,
4606,0.005412412179813703,
4607,0.005406515633001147,
4608,0.005400625510175436,
4609,0.005394741804337964,
4610,0.0053888645084977545,
4611,0.005382993615671467,
4612,0.005377129118883297,
4613,0.005371271011165118,
4614,0.0053654192855563405,
4615,0.005359573935104013,
4616,0.005353734952862693,
4617,0.005347902331894608,
4618,0.005342076065269403,
4619,0.005336256146064356,
4620,0.005330442567364293,
4621,0.005324635322261571,
4622,0.005318834403856011,
4623,0.005313039805255008,
4624,0.005307251519573494,
4625,0.005301469539933864,
4626,0.005295693859465988,
4627,0.005289924471307261,
4628,0.005284161368602531,
4629,0.005278404544504081,
4630,0.005272653992171716,
4631,0.005266909704772641,
4632,0.0052611716754815685,
4633,0.005255439897480579,
4634,0.005249714363959209,
4635,0.005243995068114462,
4636,0.005238282003150686,
4637,0.005232575162279614,
4638,0.005226874538720442,
4639,0.0052211801256997715,
4640,0.005215491916451455,
4641,0.005209809904216859,
4642,0.005204134082244633,
4643,0.005198464443790784,
4644,0.005192800982118682,
4645,0.005187143690499107,
4646,0.005181492562210056,
4647,0.00517584759053694,
4648,0.005170208768772363,
4649,0.0051645760902163515,
4650,0.005158949548176166,
4651,0.005153329135966372,
4652,0.005147714846908907,
4653,0.0051421066743328565,
4654,0.005136504611574608,
4655,0.005130908651977867,
4656,0.005125318788893523,
4657,0.00511973501567977,
4658,0.00511415732570197,
4659,0.005108585712332795,
4660,0.005103020168952065,
4661,0.005097460688946793,
4662,0.005091907265711307,
4663,0.005086359892647009,
4664,0.005080818563162599,
4665,0.005075283270673861,
4666,0.005069754008603777,
4667,0.005064230770382576,
4668,0.005058713549447548,
4669,0.005053202339243227,
4670,0.005047697133221175,
4671,0.005042197924840157,
4672,0.005036704707566048,
4673,0.005031217474871832,
4674,0.005025736220237577,
4675,0.00502026093715051,
4676,0.005014791619104944,
4677,0.00500932825960228,
4678,0.00500387085215105,
4679,0.00499841939026669,
4680,0.004992973867471839,
4681,0.004987534277296208,
4682,0.004982100613276494,
4683,0.004976672868956421,
4684,0.00497125103788682,
4685,0.004965835113625501,
4686,0.004960425089737239,
4687,0.0049550209597938885,
4688,0.004949622717374353,
4689,0.00494423035606448,
4690,0.004938843869457039,
4691,0.0049334632511518735,
4692,0.004928088494755752,
4693,0.00492271959388246,
4694,0.004917356542152697,
4695,0.004911999333194072,
4696,0.004906647960641228,
4697,0.004901302418135698,
4698,0.0048959626993259385,
4699,0.004890628797867347,
4700,0.004885300707422178,
4701,0.004879978421659651,
4702,0.004874661934255865,
4703,0.004869351238893783,
4704,0.004864046329263234,
4705,0.004858747199061039,
4706,0.004853453841990814,
4707,0.004848166251762976,
4708,0.0048428844220948205,
4709,0.004837608346710542,
4710,0.004832338019341152,
4711,0.004827073433724464,
4712,0.004821814583605158,
4713,0.004816561462734656,
4714,0.00481131406487126,
4715,0.0048060723837800995,
4716,0.00480083641323299,
4717,0.004795606147008601,
4718,0.004790381578892335,
4719,0.004785162702676375,
4720,0.004779949512159742,
4721,0.004774742001148116,
4722,0.004769540163454013,
4723,0.004764343992896617,
4724,0.0047591534833018685,
4725,0.0047539686285024115,
4726,0.00474878942233765,
4727,0.004743615858653705,
4728,0.004738447931303378,
4729,0.004733285634146166,
4730,0.0047281289610482625,
4731,0.004722977905882521,
4732,0.004717832462528518,
4733,0.004712692624872481,
4734,0.004707558386807252,
4735,0.004702429742232412,
4736,0.004697306685054121,
4737,0.004692189209185156,
4738,0.004687077308544979,
4739,0.004681970977059688,
4740,0.004676870208661956,
4741,0.0046717749972910875,
4742,0.004666685336892935,
4743,0.004661601221420099,
4744,0.004656522644831592,
4745,0.004651449601093138,
4746,0.004646382084176911,
4747,0.004641320088061744,
4748,0.004636263606733002,
4749,0.0046312126341826266,
4750,0.004626167164409111,
4751,0.004621127191417429,
4752,0.004616092709219141,
4753,0.004611063711832255,
4754,0.004606040193281367,
4755,0.00460102214759757,
4756,0.004596009568818463,
4757,0.004591002450988137,
4758,0.004586000788157151,
4759,0.004581004574382543,
4760,0.004576013803727873,
4761,0.00457102847026317,
4762,0.004566048568064841,
4763,0.0045610740912158205,
4764,0.0045561050338054744,
4765,0.00455114138992962,
4766,0.004546183153690412,
4767,0.004541230319196498,
4768,0.004536282880563058,
4769,0.004531340831911495,
4770,0.0045264041673697825,
4771,0.00452147288107217,
4772,0.004516546967159286,
4773,0.004511626419778223,
4774,0.004506711233082439,
4775,0.004501801401231692,
4776,0.0044968969183922,
4777,0.004491997778736462,
4778,0.0044871039764433195,
4779,0.0044822155056980575,
4780,0.004477332360692177,
4781,0.004472454535623577,
4782,0.004467582024696494,
4783,0.004462714822121372,
4784,0.0044578529221150865,
4785,0.004452996318900728,
4786,0.004448145006707727,
4787,0.004443298979771761,
4788,0.004438458232334868,
4789,0.004433622758645241,
4790,0.004428792552957423,
4791,0.0044239676095321956,
4792,0.004419147922636579,
4793,0.004414333486543888,
4794,0.00440952429553363,
4795,0.00440472034389156,
4796,0.0043999216259096256,
4797,0.004395128135886004,
4798,0.004390339868125203,
4799,0.004385556816937732,
4800,0.004380778976640413,
4801,0.004376006341556249,
4802,0.0043712389060144834,
4803,0.004366476664350403,
4804,0.004361719610905583,
4805,0.00435696774002773,
4806,0.004352221046070674,
4807,0.004347479523394473,
4808,0.004342743166365222,
4809,0.004338011969355231,
4810,0.004333285926742975,
4811,0.004328565032912903,
4812,0.004323849282255789,
4813,0.004319138669168304,
4814,0.0043144331880533935,
4815,0.004309732833320006,
4816,0.004305037599383214,
4817,0.00430034748066419,
4818,0.004295662471590139,
4819,0.004290982566594422,
4820,0.00428630776011633,
4821,0.004281638046601304,
4822,0.004276973420500838,
4823,0.004272313876272438,
4824,0.004267659408379707,
4825,0.004263010011292227,
4826,0.0042583656794855825,
4827,0.004253726407441446,
4828,0.004249092189647431,
4829,0.004244463020597229,
4830,0.004239838894790418,
4831,0.004235219806732695,
4832,0.00423060575093566,
4833,0.004225996721916937,
4834,0.004221392714200143,
4835,0.004216793722314782,
4836,0.00421219974079635,
4837,0.004207610764186317,
4838,0.004203026787032119,
4839,0.004198447803887111,
4840,0.004193873809310541,
4841,0.004189304797867626,
4842,0.004184740764129507,
4843,0.004180181702673216,
4844,0.0041756276080817355,
4845,0.004171078474943877,
4846,0.004166534297854418,
4847,0.004161995071413998,
4848,0.004157460790229073,
4849,0.0041529314489121005,
4850,0.004148407042081341,
4851,0.004143887564360969,
4852,0.00413937301038089,
4853,0.0041348633747769785,
4854,0.004130358652190894,
4855,0.00412585883727014,
4856,0.0041213639246681375,
4857,0.004116873909044006,
4858,0.0041123887850627065,
4859,0.00410790854739514,
4860,0.004103433190717873,
4861,0.004098962709713273,
4862,0.004094497099069595,
4863,0.004090036353480833,
4864,0.004085580467646726,
4865,0.00408112943627282,
4866,0.004076683254070416,
4867,0.004072241915756617,
4868,0.004067805416054243,
4869,0.004063373749691871,
4870,0.004058946911403874,
4871,0.004054524895930243,
4872,0.004050107698016814,
4873,0.0040456953124150576,
4874,0.0040412877338822355,
4875,0.004036884957181295,
4876,0.004032486977080844,
4877,0.004028093788355267,
4878,0.004023705385784601,
4879,0.00401932176415457,
4880,0.004014942918256594,
4881,0.004010568842887736,
4882,0.00400619953285077,
4883,0.004001834982954107,
4884,0.003997475188011826,
4885,0.003993120142843564,
4886,0.003988769842274758,
4887,0.0039844242811364295,
4888,0.003980083454265193,
4889,0.003975747356503268,
4890,0.003971415982698592,
4891,0.003967089327704627,
4892,0.003962767386380439,
4893,0.0039584501535907535,
4894,0.003954137624205869,
4895,0.003949829793101647,
4896,0.003945526655159569,
4897,0.0039412282052666454,
4898,0.003936934438315536,
4899,0.003932645349204405,
4900,0.003928360932836962,
4901,0.003924081184122465,
4902,0.003919806097975766,
4903,0.00391553566931724,
4904,0.0039112698930728,
4905,0.003907008764173887,
4906,0.003902752277557447,
4907,0.0038985004281659446,
4908,0.0038942532109473337,
4909,0.0038900106208551014,
4910,0.003885772652848251,
4911,0.0038815393018912727,
4912,0.003877310562954133,
4913,0.003873086431012266,
4914,0.0038688669010465302,
4915,0.0038646519680433197,
4916,0.0038604416269945093,
4917,0.0038562358728974296,
4918,0.003852034700754833,
4919,0.003847838105574845,
4920,0.003843646082371129,
4921,0.003839458626162693,
4922,0.00383527573197411,
4923,0.00383109739483526,
4924,0.0038269236097815064,
4925,0.0038227543718535686,
4926,0.003818589676097542,
4927,0.0038144295175649872,
4928,0.0038102738913128524,
4929,0.0038061227924034015,
4930,0.0038019762159043637,
4931,0.0037978341568888187,
4932,0.003793696610435187,
4933,0.0037895635716272205,
4934,0.0037854350355541323,
4935,0.0037813109973103645,
4936,0.003777191451995816,
4937,0.0037730763947156397,
4938,0.0037689658205803337,
4939,0.0037648597247057656,
4940,0.0037607581022130747,
4941,0.0037566609482287713,
4942,0.0037525682578846403,
4943,0.003748480026317747,
4944,0.003744396248670507,
4945,0.0037403169200906023,
4946,0.0037362420357310282,
4947,0.0037321715907499514,
4948,0.0037281055803109185,
4949,0.0037240439995827146,
4950,0.0037199868437394574,
4951,0.0037159341079604107,
4952,0.003711885787430158,
4953,0.0037078418773385385,
4954,0.003703802372880581,
4955,0.0036997672692565494,
4956,0.0036957365616719956,
4957,0.003691710245337659,
4958,0.0036876883154695066,
4959,0.0036836707672886124,
4960,0.0036796575960214403,
4961,0.003675648796899567,
4962,0.003671644365159734,
4963,0.0036676442960439145,
4964,0.0036636485847992084,
4965,0.0036596572266780073,
4966,0.003655670216937747,
4967,0.0036516875508411503,
4968,0.0036477092236559686,
4969,0.003643735230655235,
4970,0.0036397655671170444,
4971,0.0036358002283246745,
4972,0.0036318392095665273,
4973,0.0036278825061361645,
4974,0.0036239301133322716,
4975,0.00361998202645861,
4976,0.0036160382408240905,
4977,0.0036120987517427408,
4978,0.0036081635545336913,
4979,0.003604232644521165,
4980,0.003600306017034487,
4981,0.003596383667408011,
4982,0.0035924655909813246,
4983,0.003588551783098937,
4984,0.003584642239110477,
4985,0.003580736954370657,
4986,0.003576835924239247,
4987,0.0035729391440810507,
4988,0.0035690466092659946,
4989,0.003565158315168928,
4990,0.0035612742571698394,
4991,0.003557394430653688,
4992,0.003553518831010524,
4993,0.0035496474536353996,
4994,0.0035457802939283085,
4995,0.0035419173472943538,
4996,0.003538058609143611,
4997,0.00353420407489115,
4998,0.003530353739957027,
4999,0.003526507599766323,
5000,0.0035226656497490466,
5001,0.0035188278853402156,
5002,0.0035149943019798357,
5003,0.0035111648951129015,
5004,0.00350733966018931,
5005,0.003503518592663927,
5006,0.0034997016879966007,
5007,0.003495888941652124,
5008,0.0034920803491001987,
5009,0.0034882759058154494,
5010,0.0034844756072774682,
5011,0.0034806794489707716,
5012,0.003476887426384807,
5013,0.0034730995350139467,
5014,0.0034693157703574013,
5015,0.0034655361279193136,
5016,0.0034617606032087997,
5017,0.003457989191739788,
5018,0.003454221889031067,
5019,0.003450458690606381,
5020,0.003446699591994289,
5021,0.003442944588728273,
5022,0.0034391936763466854,
5023,0.0034354468503926972,
5024,0.0034317041064143685,
5025,0.003427965439964557,
5026,0.0034242308466010617,
5027,0.0034205003218864406,
5028,0.0034167738613881276,
5029,0.003413051460678278,
5030,0.003409333115334038,
5031,0.0034056188209372947,
5032,0.0034019085730747156,
5033,0.003398202367337804,
5034,0.0033945001993228936,
5035,0.0033908020646310553,
5036,0.003387107958868236,
5037,0.0033834178776450782,
5038,0.0033797318165771336,
5039,0.0033760497712845986,
5040,0.003372371737392452,
5041,0.0033686977105305367,
5042,0.0033650276863333517,
5043,0.0033613616604402613,
5044,0.00335769962849526,
5045,0.0033540415861471264,
5046,0.0033503875290494464,
5047,0.0033467374528604755,
5048,0.0033430913532432062,
5049,0.003339449225865378,
5050,0.0033358110663994447,
5051,0.003332176870522575,
5052,0.0033285466339166244,
5053,0.003324920352268198,
5054,0.0033212980212685545,
5055,0.0033176796366136533,
5056,0.0033140651940041913,
5057,0.003310454689145472,
5058,0.003306848117747476,
5059,0.003303245475524922,
5060,0.0032996467581972487,
5061,0.0032960519614883845,
5062,0.0032924610811270955,
5063,0.003288874112846685,
5064,0.0032852910523851237,
5065,0.003281711895485058,
5066,0.0032781366378937353,
5067,0.003274565275363135,
5068,0.003270997803649756,
5069,0.0032674342185147224,
5070,0.003263874515723794,
5071,0.003260318691047367,
5072,0.0032567667402604635,
5073,0.0032532186591426545,
5074,0.0032496744434781203,
5075,0.003246134089055655,
5076,0.0032425975916686323,
5077,0.003239064947115031,
5078,0.003235536151197358,
5079,0.0032320111997227383,
5080,0.00322849008850288,
5081,0.0032249728133539783,
5082,0.0032214593700968168,
5083,0.0032179497545567815,
5084,0.003214443962563726,
5085,0.003210941989952176,
5086,0.003207443832560997,
5087,0.0032039494862338,
5088,0.0032004589468185465,
5089,0.0031969722101678204,
5090,0.003193489272138722,
5091,0.003190010128592844,
5092,0.0031865347753963027,
5093,0.003183063208419641,
5094,0.003179595423538063,
5095,0.003176131416631099,
5096,0.0031726711835828626,
5097,0.003169214720281968,
5098,0.003165762022621443,
5099,0.0031623130864987556,
5100,0.0031588679078159124,
5101,0.003155426482479439,
5102,0.0031519888064002032,
5103,0.0031485548754936208,
5104,0.0031451246856794885,
5105,0.003141698232882111,
5106,0.003138275513030152,
5107,0.0031348565220567655,
5108,0.003131441255899519,
5109,0.003128029710500454,
5110,0.003124621881805984,
5111,0.0031212177657670157,
5112,0.0031178173583387104,
5113,0.003114420655480736,
5114,0.0031110276531571804,
5115,0.0031076383473363826,
5116,0.0031042527339913404,
5117,0.003100870809099269,
5118,0.003097492568641719,
5119,0.003094118008604756,
5120,0.0030907471249787045,
5121,0.0030873799137583016,
5122,0.003084016370942692,
5123,0.003080656492535299,
5124,0.0030773002745439148,
5125,0.0030739477129807583,
5126,0.0030705988038623438,
5127,0.003067253543209492,
5128,0.003063911927047405,
5129,0.0030605739514055303,
5130,0.003057239612317738,
5131,0.0030539089058222385,
5132,0.003050581827961461,
5133,0.0030472583747821764,
5134,0.0030439385423355393,
5135,0.0030406223266768485,
5136,0.0030373097238659006,
5137,0.0030340007299666503,
5138,0.003030695341047324,
5139,0.0030273935531805705,
5140,0.003024095362443179,
5141,0.0030208007649162325,
5142,0.0030175097566851857,
5143,0.0030142223338396135,
5144,0.0030109384924734413,
5145,0.0030076582286848227,
5146,0.003004381538576204,
5147,0.0030011084182541958,
5148,0.0029978388638297313,
5149,0.0029945728714179535,
5150,0.0029913104371381946,
5151,0.0029880515571140466,
5152,0.002984796227473376,
5153,0.002981544444348169,
5154,0.0029782962038747357,
5155,0.0029750515021935045,
5156,0.0029718103354491572,
5157,0.002968572699790538,
5158,0.0029653385913707073,
5159,0.0029621080063469665,
5160,0.002958880940880738,
5161,0.002955657391137603,
5162,0.0029524373532873738,
5163,0.002949220823504067,
5164,0.002946007797965742,
5165,0.0029427982728547175,
5166,0.0029395922443575316,
5167,0.0029363897086647616,
5168,0.002933190661971122,
5169,0.0029299951004756043,
5170,0.0029268030203812687,
5171,0.0029236144178952424,
5172,0.0029204292892288926,
5173,0.002917247630597632,
5174,0.0029140694382210927,
5175,0.0029108947083229344,
5176,0.0029077234371309574,
5177,0.0029045556208770738,
5178,0.0029013912557973157,
5179,0.0028982303381318037,
5180,0.0028950728641247685,
5181,0.002891918830024506,
5182,0.002888768232083434,
5183,0.0028856210665579997,
5184,0.0028824773297087673,
5185,0.002879337017800367,
5186,0.0028762001271015387,
5187,0.0028730666538850282,
5188,0.0028699365944276334,
5189,0.0028668099450102394,
5190,0.002863686701917771,
5191,0.0028605668614393063,
5192,0.002857450419867769,
5193,0.002854337373500299,
5194,0.0028512277186378996,
5195,0.002848121451585804,
5196,0.002845018568653109,
5197,0.0028419190661529902,
5198,0.002838822940402639,
5199,0.0028357301877232986,
5200,0.002832640804440147,
5201,0.0028295547868824045,
5202,0.0028264721313832593,
5203,0.0028233928342799378,
5204,0.002820316891913654,
5205,0.002817244300629541,
5206,0.0028141750567768297,
5207,0.0028111091567086847,
5208,0.002808046596782173,
5209,0.0028049873733583396,
5210,0.0028019314828022952,
5211,0.002798878921483034,
5212,0.0027958296857735795,
5213,0.0027927837720507316,
5214,0.0027897411766954197,
5215,0.002786701896092505,
5216,0.0027836659266306683,
5217,0.0027806332647026047,
5218,0.0027776039067049455,
5219,0.0027745778490382025,
5220,0.002771555088106833,
5221,0.002768535620319232,
5222,0.002765519442087656,
5223,0.0027625065498283093,
5224,0.0027594969399612856,
5225,0.0027564906089106228,
5226,0.0027534875531041872,
5227,0.0027504877689737495,
5228,0.0027474912529550223,
5229,0.0027444980014875455,
5230,0.002741508011014757,
5231,0.002738521277983981,
5232,0.0027355377988464236,
5233,0.002732557570057094,
5234,0.0027295805880749383,
5235,0.0027266068493626994,
5236,0.0027236363503870364,
5237,0.0027206690876183746,
5238,0.0027177050575310203,
5239,0.002714744256603165,
5240,0.0027117866813168193,
5241,0.0027088323281577913,
5242,0.0027058811936156836,
5243,0.0027029332741840776,
5244,0.002699988566360248,
5245,0.0026970470666452325,
5246,0.0026941087715440597,
5247,0.002691173677565409,
5248,0.0026882417812218464,
5249,0.0026853130790297154,
5250,0.002682387567509145,
5251,0.0026794652431840595,
5252,0.002676546102582155,
5253,0.002673630142234975,
5254,0.002670717358677728,
5255,0.0026678077484494846,
5256,0.0026649013080930805,
5257,0.0026619980341550937,
5258,0.0026590979231859123,
5259,0.0026562009717396,
5260,0.0026533071763740162,
5261,0.0026504165336507734,
5262,0.002647529040135255,
5263,0.00264464469239654,
5264,0.002641763487007476,
5265,0.0026388854205445524,
5266,0.0026360104895882014,
5267,0.0026331386907223675,
5268,0.0026302700205348114,
5269,0.0026274044756170287,
5270,0.0026245420525641545,
5271,0.0026216827479751013,
5272,0.002618826558452434,
5273,0.0026159734806025,
5274,0.0026131235110352794,
5275,0.002610276646364437,
5276,0.0026074328832073252,
5277,0.0026045922181850223,
5278,0.0026017546479222566,
5279,0.002598920169047507,
5280,0.002596088778192825,
5281,0.0025932604719939123,
5282,0.0025904352470902565,
5283,0.002587613100124951,
5284,0.002584794027744682,
5285,0.0025819780265999197,
5286,0.002579165093344663,
5287,0.00257635522463656,
5288,0.002573548417137028,
5289,0.0025707446675110124,
5290,0.0025679439724270617,
5291,0.002565146328557511,
5292,0.002562351732578155,
5293,0.0025595601811685136,
5294,0.0025567716710116063,
5295,0.0025539861987942045,
5296,0.002551203761206588,
5297,0.0025484243549427055,
5298,0.002545647976700063,
5299,0.0025428746231798485,
5300,0.0025401042910867502,
5301,0.0025373369771290594,
5302,0.002534572678018673,
5303,0.002531811390471105,
5304,0.0025290531112053625,
5305,0.0025262978369440534,
5306,0.0025235455644134395,
5307,0.002520796290343308,
5308,0.002518050011466934,
5309,0.0025153067245212253,
5310,0.0025125664262466143,
5311,0.002509829113387042,
5312,0.0025070947826901437,
5313,0.002504363430906986,
5314,0.0025016350547922006,
5315,0.002498909651103923,
5316,0.002496187216603817,
5317,0.002493467748057183,
5318,0.002490751242232707,
5319,0.002488037695902707,
5320,0.002485327105842903,
5321,0.002482619468832586,
5322,0.002479914781654644,
5323,0.0024772130410953275,
5324,0.0024745142439444386,
5325,0.002471818386995284,
5326,0.002469125467044677,
5327,0.002466435480892874,
5328,0.0024637484253437103,
5329,0.002461064297204413,
5330,0.002458383093285744,
5331,0.002455704810401899,
5332,0.0024530294453705206,
5333,0.0024503569950128125,
5334,0.002447687456153351,
5335,0.002445020825620214,
5336,0.0024423571002449456,
5337,0.002439696276862486,
5338,0.0024370383523112864,
5339,0.002434383323433249,
5340,0.0024317311870736408,
5341,0.002429081940081215,
5342,0.002426435579308162,
5343,0.0024237921016101085,
5344,0.0024211515038461123,
5345,0.0024185137828785746,
5346,0.0024158789355734098,
5347,0.0024132469587999027,
5348,0.002410617849430761,
5349,0.0024079916043420334,
5350,0.0024053682204132876,
5351,0.0024027476945274484,
5352,0.0024001300235707897,
5353,0.002397515204433043,
5354,0.0023949032340072683,
5355,0.002392294109189967,
5356,0.0023896878268809827,
5357,0.0023870843839834963,
5358,0.002384483777404203,
5359,0.002381886004053028,
5360,0.0023792910608433472,
5361,0.002376698944691831,
5362,0.002374109652518547,
5363,0.0023715231812469462,
5364,0.0023689395278037482,
5365,0.0023663586891190845,
5366,0.0023637806621264563,
5367,0.0023612054437626645,
5368,0.0023586330309678235,
5369,0.002356063420685404,
5370,0.0023534966098622584,
5371,0.0023509325954484996,
5372,0.002348371374397571,
5373,0.0023458129436662463,
5374,0.002343257300214617,
5375,0.0023407044410060423,
5376,0.0023381543630072916,
5377,0.0023356070631883686,
5378,0.0023330625385226253,
5379,0.0023305207859865918,
5380,0.002327981802560184,
5381,0.0023254455852266534,
5382,0.002322912130972448,
5383,0.002320381436787346,
5384,0.0023178534996643398,
5385,0.0023153283165998242,
5386,0.0023128058845933806,
5387,0.0023102862006478047,
5388,0.0023077692617693305,
5389,0.0023052550649672677,
5390,0.002302743607254299,
5391,0.0023002348856462932,
5392,0.002297728897162437,
5393,0.0022952256388251665,
5394,0.0022927251076600872,
5395,0.0022902273006960203,
5396,0.0022877322149651327,
5397,0.0022852398475028224,
5398,0.0022827501953476244,
5399,0.0022802632555413973,
5400,0.0022777790251291576,
5401,0.002275297501159218,
5402,0.0022728186806829477,
5403,0.002270342560755036,
5404,0.0022678691384333946,
5405,0.002265398410779152,
5406,0.0022629303748565887,
5407,0.002260465027733141,
5408,0.0022580023664795475,
5409,0.002255542388169688,
5410,0.0022530850898806482,
5411,0.002250630468692654,
5412,0.002248178521689166,
5413,0.002245729245956777,
5414,0.002243282638585286,
5415,0.0022408386966676214,
5416,0.002238397417299984,
5417,0.0022359587975815543,
5418,0.0022335228346148433,
5419,0.0022310895255054624,
5420,0.0022286588673621523,
5421,0.00222623085729682,
5422,0.002223805492424525,
5423,0.00222138276986346,
5424,0.0022189626867349494,
5425,0.0022165452401634676,
5426,0.002214130427276632,
5427,0.0022117182452052364,
5428,0.002209308691083084,
5429,0.0022069017620471292,
5430,0.00220449745523748,
5431,0.0022020957677973785,
5432,0.0021996966968731825,
5433,0.0021973002396142687,
5434,0.0021949063931732543,
5435,0.0021925151547057048,
5436,0.0021901265213704105,
5437,0.0021877404903292152,
5438,0.0021853570587470903,
5439,0.0021829762237919703,
5440,0.00218059798263504,
5441,0.002178222332450478,
5442,0.002175849270415473,
5443,0.0021734787937104554,
5444,0.002171110899518803,
5445,0.002168745585027022,
5446,0.0021663828474246635,
5447,0.002164022683904327,
5448,0.002161665091661693,
5449,0.002159310067895418,
5450,0.0021569576098073684,
5451,0.002154607714602277,
5452,0.002152260379488104,
5453,0.002149915601675765,
5454,0.0021475733783790905,
5455,0.00214523370681516,
5456,0.0021428965842039834,
5457,0.002140562007768614,
5458,0.0021382299747350914,
5459,0.0021359004823325333,
5460,0.0021335735277930546,
5461,0.0021312491083517503,
5462,0.0021289272212467575,
5463,0.0021266078637192645,
5464,0.0021242910330134235,
5465,0.0021219767263763556,
5466,0.0021196649410582607,
5467,0.0021173556743122493,
5468,0.0021150489233945093,
5469,0.0021127446855641325,
5470,0.0021104429580832535,
5471,0.0021081437382169995,
5472,0.0021058470232334417,
5473,0.002103552810403655,
5474,0.0021012610970016278,
5475,0.0020989718803043475,
5476,0.0020966851575918003,
5477,0.002094400926146963,
5478,0.0020921191832556567,
5479,0.0020898399262067936,
5480,0.0020875631522921092,
5481,0.0020852888588063965,
5482,0.0020830170430473503,
5483,0.002080747702315629,
5484,0.0020784808339148002,
5485,0.0020762164351513443,
5486,0.00207395450333476,
5487,0.0020716950357774536,
5488,0.0020694380297947585,
5489,0.0020671834827048325,
5490,0.0020649313918288926,
5491,0.002062681754491031,
5492,0.0020604345680182066,
5493,0.002058189829740326,
5494,0.0020559475369902234,
5495,0.002053707687103615,
5496,0.002051470277419177,
5497,0.002049235305278362,
5498,0.0020470027680255976,
5499,0.0020447726630081946,
5500,0.002042544987576404,
5501,0.0020403197390832938,
5502,0.0020380969148847913,
5503,0.0020358765123397998,
5504,0.002033658528810016,
5505,0.0020314429616601322,
5506,0.0020292298082575724,
5507,0.002027019065972682,
5508,0.002024810732178669,
5509,0.0020226048042515893,
5510,0.0020204012795703797,
5511,0.002018200155516799,
5512,0.002016001429475548,
5513,0.0020138050988340733,
5514,0.002011611160982718,
5515,0.002009419613314659,
5516,0.002007230453225901,
5517,0.002005043678115368,
5518,0.002002859285384736,
5519,0.002000677272438504,
5520,0.001998497636683921,
5521,0.0019963203755312643,
5522,0.0019941454863934807,
5523,0.001991972966686414,
5524,0.0019898028138286717,
5525,0.0019876350252416735,
5526,0.0019854695983497093,
5527,0.0019833065305798125,
5528,0.0019811458193618385,
5529,0.0019789874621284273,
5530,0.0019768314563150687,
5531,0.001974677799360009,
5532,0.0019725264887042746,
5533,0.0019703775217916586,
5534,0.00196823089606881,
5535,0.0019660866089851003,
5536,0.001963944657992726,
5537,0.0019618050405465896,
5538,0.0019596677541045245,
5539,0.001957532796126923,
5540,0.001955400164077071,
5541,0.001953269855420952,
5542,0.001951141867627403,
5543,0.0019490161981679144,
5544,0.001946892844516797,
5545,0.0019447718041510902,
5546,0.0019426530745506186,
5547,0.0019405366531978733,
5548,0.0019384225375781443,
5549,0.001936310725179517,
5550,0.0019342012134926769,
5551,0.0019320940000111756,
5552,0.0019299890822311492,
5553,0.0019278864576516123,
5554,0.0019257861237742058,
5555,0.0019236880781033996,
5556,0.0019215923181462446,
5557,0.0019194988414126305,
5558,0.0019174076454150097,
5559,0.0019153187276686927,
5560,0.0019132320856915937,
5561,0.0019111477170044586,
5562,0.0019090656191306133,
5563,0.0019069857895960877,
5564,0.0019049082259297327,
5565,0.001902832925662936,
5566,0.0019007598863298302,
5567,0.0018986891054672639,
5568,0.00189662058061475,
5569,0.0018945543093144676,
5570,0.0018924902891112776,
5571,0.0018904285175527656,
5572,0.0018883689921891547,
5573,0.0018863117105732481,
5574,0.0018842566702606397,
5575,0.0018822038688095745,
5576,0.0018801533037809024,
5577,0.0018781049727381607,
5578,0.0018760588732475365,
5579,0.0018740150028779055,
5580,0.0018719733592007424,
5581,0.001869933939790091,
5582,0.001867896742222763,
5583,0.0018658617640781722,
5584,0.0018638290029384414,
5585,0.0018617984563881918,
5586,0.0018597701220148012,
5587,0.0018577439974081374,
5588,0.0018557200801608542,
5589,0.0018536983678680665,
5590,0.001851678858127643,
5591,0.0018496615485400028,
5592,0.0018476464367081782,
5593,0.001845633520237835,
5594,0.0018436227967372272,
5595,0.0018416142638172331,
5596,0.0018396079190913343,
5597,0.0018376037601756062,
5598,0.0018356017846887145,
5599,0.0018336019902519655,
5600,0.0018316043744891284,
5601,0.0018296089350267105,
5602,0.0018276156694937583,
5603,0.0018256245755218425,
5604,0.0018236356507451807,
5605,0.0018216488928005333,
5606,0.0018196642993272658,
5607,0.0018176818679672628,
5608,0.0018157015963650206,
5609,0.0018137234821676248,
5610,0.0018117475230246581,
5611,0.0018097737165883063,
5612,0.0018078020605133594,
5613,0.0018058325524570704,
5614,0.0018038651900792416,
5615,0.0018018999710422922,
5616,0.0017999368930111646,
5617,0.0017979759536533681,
5618,0.0017960171506388885,
5619,0.0017940604816402924,
5620,0.0017921059443327292,
5621,0.0017901535363937873,
5622,0.001788203255503632,
5623,0.001786255099344942,
5624,0.0017843090656029718,
5625,0.0017823651519654174,
5626,0.0017804233561225424,
5627,0.0017784836757671124,
5628,0.0017765461085944235,
5629,0.0017746106523022756,
5630,0.0017726773045909706,
5631,0.001770746063163308,
5632,0.0017688169257246106,
5633,0.0017668898899826319,
5634,0.0017649649536477588,
5635,0.0017630421144327667,
5636,0.0017611213700529497,
5637,0.0017592027182261275,
5638,0.0017572861566724823,
5639,0.001755371683114833,
5640,0.0017534592952783933,
5641,0.0017515489908909267,
5642,0.001749640767682535,
5643,0.0017477346233859255,
5644,0.0017458305557362455,
5645,0.001743928562471093,
5646,0.0017420286413304795,
5647,0.0017401307900569896,
5648,0.001738235006395574,
5649,0.0017363412880936752,
5650,0.0017344496329012437,
5651,0.001732560038570573,
5652,0.0017306725028564361,
5653,0.0017287870235161537,
5654,0.0017269035983093568,
5655,0.001725022224998135,
5656,0.0017231429013471124,
5657,0.001721265625123246,
5658,0.00171939039409606,
5659,0.0017175172060373556,
5660,0.0017156460587214144,
5661,0.0017137769499249742,
5662,0.0017119098774271535,
5663,0.001710044839009491,
5664,0.0017081818324560132,
5665,0.0017063208555530727,
5666,0.0017044619060894658,
5667,0.0017026049818563913,
5668,0.0017007500806474815,
5669,0.0016988972002588017,
5670,0.0016970463384886672,
5671,0.0016951974931380225,
5672,0.0016933506620099904,
5673,0.0016915058429101974,
5674,0.0016896630336466348,
5675,0.001687822232029706,
5676,0.0016859834358721477,
5677,0.0016841466429891375,
5678,0.0016823118511982132,
5679,0.0016804790583192881,
5680,0.0016786482621746512,
5681,0.0016768194605889409,
5682,0.001674992651389269,
5683,0.0016731678324049416,
5684,0.0016713450014677687,
5685,0.0016695241564118025,
5686,0.0016677052950735908,
5687,0.0016658884152920372,
5688,0.0016640735149082004,
5689,0.0016622605917657335,
5690,0.0016604496437104582,
5691,0.0016586406685906575,
5692,0.001656833664256886,
5693,0.0016550286285621093,
5694,0.0016532255593615932,
5695,0.0016514244545129443,
5696,0.001649625311876075,
5697,0.0016478281293132236,
5698,0.0016460329046890853,
5699,0.001644239635870505,
5700,0.001642448320726801,
5701,0.001640658957129481,
5702,0.0016388715429524988,
5703,0.0016370860760720042,
5704,0.0016353025543665186,
5705,0.0016335209757168594,
5706,0.0016317413380062397,
5707,0.0016299636391200695,
5708,0.0016281878769460914,
5709,0.0016264140493743682,
5710,0.0016246421542972184,
5711,0.0016228721896093254,
5712,0.0016211041532076273,
5713,0.0016193380429913489,
5714,0.0016175738568619564,
5715,0.0016158115927232953,
5716,0.001614051248481429,
5717,0.001612292822044778,
5718,0.001610536311323986,
5719,0.001608781714231938,
5720,0.0016070290286838876,
5721,0.001605278252597219,
5722,0.0016035293838918031,
5723,0.0016017824204895613,
5724,0.001600037360314739,
5725,0.0015982942012938805,
5726,0.001596552941355784,
5727,0.0015948135784315425,
5728,0.0015930761104544344,
5729,0.0015913405353600036,
5730,0.0015896068510860496,
5731,0.0015878750555726015,
5732,0.0015861451467619595,
5733,0.0015844171225986462,
5734,0.0015826909810294685,
5735,0.001580966720003433,
5736,0.0015792443374717726,
5737,0.001577523831387933,
5738,0.0015758051997076638,
5739,0.0015740884403889093,
5740,0.0015723735513918002,
5741,0.001570660530678683,
5742,0.001568949376214183,
5743,0.001567240085965118,
5744,0.0015655326579005438,
5745,0.001563827089991681,
5746,0.0015621233802120328,
5747,0.001560421526537186,
5748,0.0015587215269450498,
5749,0.0015570233794156899,
5750,0.0015553270819313693,
5751,0.0015536326324765552,
5752,0.0015519400290379415,
5753,0.0015502492696044218,
5754,0.0015485603521669799,
5755,0.001546873274718859,
5756,0.001545188035255502,
5757,0.001543504631774534,
5758,0.001541823062275695,
5759,0.0015401433247610216,
5760,0.0015384654172346248,
5761,0.0015367893377028219,
5762,0.0015351150841740851,
5763,0.0015334426546591369,
5764,0.0015317720471707548,
5765,0.0015301032597239484,
5766,0.0015284362903359003,
5767,0.0015267711370259005,
5768,0.0015251077978154272,
5769,0.0015234462707280937,
5770,0.001521786553789683,
5771,0.0015201286450281784,
5772,0.0015184725424736104,
5773,0.001516818244158258,
5774,0.001515165748116489,
5775,0.0015135150523847938,
5776,0.0015118661550018568,
5777,0.0015102190540084565,
5778,0.0015085737474475132,
5779,0.0015069302333640983,
5780,0.0015052885098053186,
5781,0.0015036485748205766,
5782,0.0015020104264613279,
5783,0.0015003740627810617,
5784,0.0014987394818354986,
5785,0.001497106681682437,
5786,0.001495475660381809,
5787,0.0014938464159956091,
5788,0.0014922189465880146,
5789,0.001490593250225257,
5790,0.0014889693249757255,
5791,0.001487347168909833,
5792,0.0014857267801001762,
5793,0.001484108156621433,
5794,0.001482491296550291,
5795,0.0014808761979656648,
5796,0.0014792628589485111,
5797,0.0014776512775818843,
5798,0.0014760414519509259,
5799,0.0014744333801427814,
5800,0.0014728270602468252,
5801,0.0014712224903543696,
5802,0.0014696196685589106,
5803,0.0014680185929559738,
5804,0.0014664192616431608,
5805,0.0014648216727202053,
5806,0.0014632258242888109,
5807,0.001461631714452818,
5808,0.001460039341318115,
5809,0.0014584487029926858,
5810,0.0014568597975864797,
5811,0.00145527262321158,
5812,0.0014536871779821786,
5813,0.0014521034600144273,
5814,0.001450521467426546,
5815,0.001448941198338819,
5816,0.0014473626508736167,
5817,0.001445785823155321,
5818,0.0014442107133102939,
5819,0.0014426373194670824,
5820,0.0014410656397561275,
5821,0.0014394956723099723,
5822,0.0014379274152631926,
5823,0.0014363608667524218,
5824,0.0014347960249162788,
5825,0.0014332328878954952,
5826,0.0014316714538326486,
5827,0.0014301117208724878,
5828,0.0014285536871617888,
5829,0.0014269973508493166,
5830,0.0014254427100857704,
5831,0.0014238897630239847,
5832,0.00142233850781875,
5833,0.0014207889426268853,
5834,0.001419241065607219,
5835,0.0014176948749205578,
5836,0.001416150368729709,
5837,0.0014146075451995023,
5838,0.0014130664024968023,
5839,0.0014115269387903826,
5840,0.0014099891522510676,
5841,0.0014084530410516899,
5842,0.0014069186033670205,
5843,0.0014053858373739452,
5844,0.0014038547412511314,
5845,0.0014023253131794145,
5846,0.0014007975513415645,
5847,0.001399271453922231,
5848,0.001397747019108102,
5849,0.0013962242450878805,
5850,0.0013947031300522205,
5851,0.0013931836721937628,
5852,0.0013916658697070941,
5853,0.0013901497207887365,
5854,0.0013886352236372127,
5855,0.001387122376453058,
5856,0.0013856111774386312,
5857,0.0013841016247984025,
5858,0.0013825937167387366,
5859,0.0013810874514679045,
5860,0.0013795828271962267,
5861,0.0013780798421358382,
5862,0.0013765784945010062,
5863,0.0013750787825077648,
5864,0.0013735807043742092,
5865,0.0013720842583202953,
5866,0.0013705894425679438,
5867,0.0013690962553410688,
5868,0.001367604694865457,
5869,0.0013661147593688517,
5870,0.0013646264470808878,
5871,0.001363139756233179,
5872,0.0013616546850592826,
5873,0.0013601712317946153,
5874,0.0013586893946765256,
5875,0.0013572091719443666,
5876,0.0013557305618392946,
5877,0.0013542535626044764,
5878,0.0013527781724849098,
5879,0.0013513043897275627,
5880,0.001349832212581279,
5881,0.0013483616392968426,
5882,0.0013468926681269513,
5883,0.0013454252973261248,
5884,0.0013439595251509321,
5885,0.0013424953498597048,
5886,0.0013410327697126947,
5887,0.0013395717829721044,
5888,0.0013381123879019892,
5889,0.0013366545827682955,
5890,0.0013351983658388797,
5891,0.0013337437353835068,
5892,0.0013322906896737516,
5893,0.0013308392269831173,
5894,0.0013293893455869836,
5895,0.0013279410437625832,
5896,0.0013264943197891213,
5897,0.001325049171947539,
5898,0.0013236055985208156,
5899,0.0013221635977936329,
5900,0.001320723168052617,
5901,0.0013192843075862716,
5902,0.0013178470146849575,
5903,0.0013164112876409213,
5904,0.0013149771247482006,
5905,0.0013135445243027297,
5906,0.0013121134846023716,
5907,0.0013106840039466985,
5908,0.0013092560806371762,
5909,0.0013078297129772514,
5910,0.0013064048992720808,
5911,0.0013049816378286542,
5912,0.0013035599269559325,
5913,0.001302139764964634,
5914,0.001300721150167344,
5915,0.001299304080878429,
5916,0.0012978885554141908,
5917,0.0012964745720927167,
5918,0.0012950621292338786,
5919,0.0012936512251593766,
5920,0.0012922418581928787,
5921,0.0012908340266597825,
5922,0.0012894277288872345,
5923,0.0012880229632043418,
5924,0.0012866197279419928,
5925,0.001285218021432769,
5926,0.00128381784201122,
5927,0.0012824191880136996,
5928,0.0012810220577783023,
5929,0.0012796264496450285,
5930,0.0012782323619555636,
5931,0.0012768397930534056,
5932,0.0012754487412839968,
5933,0.0012740592049945198,
5934,0.0012726711825338717,
5935,0.0012712846722528225,
5936,0.0012698996725039589,
5937,0.0012685161816416266,
5938,0.0012671341980219995,
5939,0.0012657537200029701,
5940,0.0012643747459442326,
5941,0.0012629972742073637,
5942,0.0012616213031556454,
5943,0.0012602468311541238,
5944,0.001258873856569671,
5945,0.0012575023777709744,
5946,0.001256132393128436,
5947,0.0012547639010142104,
5948,0.0012533968998022704,
5949,0.0012520313878683804,
5950,0.0012506673635900563,
5951,0.0012493048253465042,
5952,0.0012479437715188428,
5953,0.0012465842004898316,
5954,0.0012452261106440626,
5955,0.0012438695003678698,
5956,0.0012425143680493504,
5957,0.0012411607120782874,
5958,0.0012398085308463103,
5959,0.0012384578227467417,
5960,0.001237108586174754,
5961,0.0012357608195271226,
5962,0.0012344145212024584,
5963,0.0012330696896010684,
5964,0.00123172632312502,
5965,0.0012303844201782062,
5966,0.0012290439791661691,
5967,0.00122770499849618,
5968,0.001226367476577275,
5969,0.0012250314118202221,
5970,0.0012236968026375448,
5971,0.0012223636474434012,
5972,0.0012210319446537632,
5973,0.0012197016926863591,
5974,0.0012183728899606064,
5975,0.0012170455348975283,
5976,0.001215719625920065,
5977,0.0012143951614527783,
5978,0.0012130721399218694,
5979,0.0012117505597553323,
5980,0.0012104304193829875,
5981,0.0012091117172362033,
5982,0.0012077944517480748,
5983,0.0012064786213534324,
5984,0.001205164224488845,
5985,0.0012038512595925425,
5986,0.0012025397251044965,
5987,0.0012012296194663416,
5988,0.0011999209411213913,
5989,0.0011986136885146687,
5990,0.0011973078600929239,
5991,0.001196003454304582,
5992,0.0011947004695997833,
5993,0.0011933989044302577,
5994,0.001192098757249545,
5995,0.0011908000265128443,
5996,0.0011895027106770056,
5997,0.0011882068082004994,
5998,0.0011869123175436052,
5999,0.001185619237168229,
6000,0.0011843275655379075,
6001,0.0011830373011178792,
6002,0.001181748442375062,
6003,0.0011804609877780468,
6004,0.0011791749357971018,
6005,0.0011778902849041285,
6006,0.0011766070335727564,
6007,0.0011753251802781668,
6008,0.0011740447234973334,
6009,0.0011727656617088363,
6010,0.001171487993392808,
6011,0.001170211717031192,
6012,0.0011689368311075413,
6013,0.0011676633341070031,
6014,0.0011663912245164763,
6015,0.0011651205008243674,
6016,0.0011638511615208633,
6017,0.0011625832050977307,
6018,0.0011613166300484111,
6019,0.0011600514348679193,
6020,0.0011587876180530101,
6021,0.0011575251781020205,
6022,0.0011562641135148947,
6023,0.001155004422793282,
6024,0.0011537461044403767,
6025,0.00115248915696111,
6026,0.0011512335788618955,
6027,0.0011499793686509485,
6028,0.0011487265248380178,
6029,0.0011474750459344958,
6030,0.0011462249304533035,
6031,0.0011449761769091332,
6032,0.0011437287838182136,
6033,0.0011424827496983934,
6034,0.0011412380730691297,
6035,0.0011399947524514886,
6036,0.0011387527863681894,
6037,0.0011375121733435446,
6038,0.0011362729119034792,
6039,0.001135035000575451,
6040,0.001133798437888646,
6041,0.0011325632223737878,
6042,0.0011313293525631455,
6043,0.0011300968269907026,
6044,0.0011288656441919354,
6045,0.0011276358027039796,
6046,0.0011264073010655148,
6047,0.001125180137816891,
6048,0.0011239543115000134,
6049,0.0011227298206583302,
6050,0.001121506663836899,
6051,0.0011202848395823668,
6052,0.0011190643464430332,
6053,0.0011178451829686532,
6054,0.0011166273477106364,
6055,0.0011154108392219483,
6056,0.0011141956560571768,
6057,0.0011129817967724168,
6058,0.0011117692599253758,
6059,0.0011105580440753525,
6060,0.0011093481477831672,
6061,0.0011081395696112078,
6062,0.0011069323081235147,
6063,0.0011057263618855424,
6064,0.001104521729464473,
6065,0.0011033184094289296,
6066,0.001102116400349121,
6067,0.0011009157007968898,
6068,0.001099716309345504,
6069,0.0010985182245698446,
6070,0.001097321445046405,
6071,0.0010961259693531443,
6072,0.0010949317960695835,
6073,0.0010937389237768913,
6074,0.0010925473510577093,
6075,0.0010913570764961842,
6076,0.0010901680986779951,
6077,0.0010889804161904773,
6078,0.0010877940276223848,
6079,0.001086608931564051,
6080,0.0010854251266073714,
6081,0.00108424261134581,
6082,0.0010830613843742039,
6083,0.0010818814442890984,
6084,0.0010807027896885316,
6085,0.0010795254191719075,
6086,0.0010783493313403917,
6087,0.0010771745247965595,
6088,0.0010760009981444188,
6089,0.001074828749989686,
6090,0.0010736577789394763,
6091,0.0010724880836024484,
6092,0.0010713196625887489,
6093,0.001070152514510112,
6094,0.0010689866379797331,
6095,0.0010678220316122948,
6096,0.0010666586940241071,
6097,0.0010654966238328293,
6098,0.001064335819657698,
6099,0.0010631762801194345,
6100,0.001062018003840308,
6101,0.0010608609894440736,
6102,0.00105970523555592,
6103,0.0010585507408026823,
6104,0.0010573975038125445,
6105,0.001056245523215216,
6106,0.0010550947976419025,
6107,0.0010539453257253516,
6108,0.0010527971060998243,
6109,0.0010516501374009278,
6110,0.0010505044182658877,
6111,0.0010493599473333764,
6112,0.0010482167232435072,
6113,0.0010470747446379666,
6114,0.0010459340101598121,
6115,0.0010447945184535918,
6116,0.0010436562681654226,
6117,0.001042519257942854,
6118,0.0010413834864348805,
6119,0.0010402489522919574,
6120,0.0010391156541660956,
6121,0.0010379835907106585,
6122,0.0010368527605806132,
6123,0.0010357231624322464,
6124,0.0010345947949233758,
6125,0.0010334676567133089,
6126,0.0010323417464627887,
6127,0.0010312170628340345,
6128,0.0010300936044906558,
6129,0.0010289713700978077,
6130,0.001027850358322053,
6131,0.0010267305678313791,
6132,0.0010256119972953082,
6133,0.0010244946453847484,
6134,0.0010233785107720153,
6135,0.00102226359213097,
6136,0.0010211498881368963,
6137,0.001020037397466464,
6138,0.0010189261187978128,
6139,0.001017816050810509,
6140,0.001016707192185618,
6141,0.0010155995416056265,
6142,0.0010144930977544204,
6143,0.0010133878593172924,
6144,0.0010122838249810135,
6145,0.0010111809934337489,
6146,0.00101007936336518,
6147,0.0010089789334663173,
6148,0.0010078797024296732,
6149,0.0010067816689491495,
6150,0.0010056848317200168,
6151,0.0010045891894390313,
6152,0.001003494740804421,
6153,0.0010024014845157146,
6154,0.0010013094192738996,
6155,0.0010002185437814673,
6156,0.0009991288567421284,
6157,0.0009980403568612389,
6158,0.0009969530428454198,
6159,0.000995866913402673,
6160,0.0009947819672425165,
6161,0.0009936982030758035,
6162,0.0009926156196148248,
6163,0.0009915342155732614,
6164,0.000990453989666178,
6165,0.000989374940610119,
6166,0.0009882970671228645,
6167,0.000987220367923759,
6168,0.0009861448417335123,
6169,0.0009850704872741585,
6170,0.0009839973032691083,
6171,0.0009829252884432957,
6172,0.0009818544415228774,
6173,0.0009807847612355602,
6174,0.0009797162463102812,
6175,0.000978648895477456,
6176,0.0009775827074688594,
6177,0.0009765176810176867,
6178,0.0009754538148585205,
6179,0.0009743911077272219,
6180,0.0009733295583610308,
6181,0.0009722691654986768,
6182,0.0009712099278802155,
6183,0.0009701518442470579,
6184,0.0009690949133420278,
6185,0.0009680391339092791,
6186,0.0009669845046942981,
6187,0.0009659310244440481,
6188,0.0009648786919067483,
6189,0.0009638275058319741,
6190,0.0009627774649707979,
6191,0.0009617285680755716,
6192,0.0009606808138999326,
6193,0.0009596342011989723,
6194,0.0009585887287291163,
6195,0.0009575443952481411,
6196,0.0009565011995151862,
6197,0.0009554591402907305,
6198,0.0009544182163366163,
6199,0.0009533784264159968,
6200,0.000952339769293424,
6201,0.00095130224373475,
6202,0.0009502658485072294,
6203,0.0009492305823793941,
6204,0.000948196444121154,
6205,0.0009471634325037649,
6206,0.0009461315462998026,
6207,0.0009451007842831941,
6208,0.0009440711452291401,
6209,0.0009430426279142931,
6210,0.0009420152311165452,
6211,0.000940988953615156,
6212,0.0009399637941906989,
6213,0.0009389397516251346,
6214,0.0009379168247016678,
6215,0.0009368950122048354,
6216,0.0009358743129205569,
6217,0.0009348547256360665,
6218,0.0009338362491398718,
6219,0.0009328188822218129,
6220,0.0009318026236731024,
6221,0.000930787472286186,
6222,0.0009297734268548668,
6223,0.000928760486174277,
6224,0.0009277486490408808,
6225,0.0009267379142523908,
6226,0.0009257282806078223,
6227,0.0009247197469075977,
6228,0.0009237123119533559,
6229,0.0009227059745480756,
6230,0.0009217007334960233,
6231,0.0009206965876027691,
6232,0.000919693535675221,
6233,0.0009186915765215226,
6234,0.0009176907089511783,
6235,0.0009166909317749348,
6236,0.0009156922438049065,
6237,0.0009146946438544461,
6238,0.0009136981307382068,
6239,0.0009127027032721005,
6240,0.0009117083602734571,
6241,0.0009107151005607153,
6242,0.0009097229229537095,
6243,0.0009087318262735349,
6244,0.0009077418093426202,
6245,0.0009067528709846042,
6246,0.0009057650100244756,
6247,0.0009047782252884807,
6248,0.0009037925156040379,
6249,0.0009028078797999737,
6250,0.0009018243167063405,
6251,0.0009008418251544899,
6252,0.0008998604039770448,
6253,0.0008988800520078306,
6254,0.0008979007680820347,
6255,0.0008969225510360592,
6256,0.0008959453997076402,
6257,0.0008949693129357514,
6258,0.0008939942895605841,
6259,0.0008930203284235545,
6260,0.0008920474283674887,
6261,0.0008910755882363489,
6262,0.0008901048068754539,
6263,0.0008891350831312476,
6264,0.0008881664158515777,
6265,0.000887198803885469,
6266,0.0008862322460832347,
6267,0.000885266741296336,
6268,0.0008843022883776428,
6269,0.0008833388861811344,
6270,0.0008823765335621227,
6271,0.000881415229377178,
6272,0.0008804549724841133,
6273,0.000879495761741895,
6274,0.0008785375960108013,
6275,0.0008775804741523605,
6276,0.0008766243950293155,
6277,0.0008756693575056516,
6278,0.0008747153604466182,
6279,0.0008737624027186975,
6280,0.0008728104831895883,
6281,0.0008718596007281894,
6282,0.0008709097542047002,
6283,0.000869960942490525,
6284,0.0008690131644582237,
6285,0.0008680664189817184,
6286,0.0008671207049361344,
6287,0.0008661760211977373,
6288,0.0008652323666440158,
6289,0.0008642897401537303,
6290,0.0008633481406069025,
6291,0.0008624075668847169,
6292,0.0008614680178695922,
6293,0.0008605294924451558,
6294,0.0008595919894962554,
6295,0.0008586555079089442,
6296,0.0008577200465705513,
6297,0.0008567856043694709,
6298,0.0008558521801954655,
6299,0.0008549197729394659,
6300,0.0008539883814936232,
6301,0.0008530580047511824,
6302,0.0008521286416067014,
6303,0.000851200290955918,
6304,0.0008502729516957708,
6305,0.0008493466227244057,
6306,0.0008484213029411488,
6307,0.0008474969912465863,
6308,0.0008465736865424212,
6309,0.0008456513877315985,
6310,0.0008447300937182292,
6311,0.0008438098034076811,
6312,0.0008428905157064288,
6313,0.0008419722295221931,
6314,0.0008410549437638796,
6315,0.0008401386573415779,
6316,0.00083922336916658,
6317,0.0008383090781513247,
6318,0.0008373957832094446,
6319,0.0008364834832557693,
6320,0.0008355721772063152,
6321,0.0008346618639783077,
6322,0.0008337525424900642,
6323,0.0008328442116611466,
6324,0.0008319368704123171,
6325,0.000831030517665467,
6326,0.0008301251523436849,
6327,0.0008292207733711753,
6328,0.0008283173796733996,
6329,0.0008274149701769462,
6330,0.0008265135438095555,
6331,0.0008256130995001798,
6332,0.0008247136361788968,
6333,0.000823815152776963,
6334,0.0008229176482268328,
6335,0.0008220211214621624,
6336,0.0008211255714176524,
6337,0.0008202309970291223,
6338,0.000819337397233712,
6339,0.0008184447709696298,
6340,0.0008175531171763563,
6341,0.00081666243479433,
6342,0.0008157727227652888,
6343,0.0008148839800320959,
6344,0.0008139962055387766,
6345,0.0008131093982304356,
6346,0.0008122235570533902,
6347,0.0008113386809550784,
6348,0.0008104547688841027,
6349,0.0008095718197901563,
6350,0.0008086898326241798,
6351,0.0008078088063382453,
6352,0.0008069287398854519,
6353,0.0008060496322201308,
6354,0.0008051714822977361,
6355,0.0008042942890748578,
6356,0.0008034180515092081,
6357,0.0008025427685596628,
6358,0.0008016684391861983,
6359,0.0008007950623499871,
6360,0.0007999226370132434,
6361,0.0007990511621393429,
6362,0.000798180636692828,
6363,0.0007973110596393311,
6364,0.0007964424299456933,
6365,0.0007955747465797541,
6366,0.0007947080085104819,
6367,0.000793842214708125,
6368,0.0007929773641439469,
6369,0.0007921134557902794,
6370,0.0007912504886206369,
6371,0.0007903884616096685,
6372,0.0007895273737331138,
6373,0.0007886672239678329,
6374,0.0007878080112918546,
6375,0.0007869497346842029,
6376,0.0007860923931251054,
6377,0.000785235985595867,
6378,0.0007843805110789419,
6379,0.0007835259685578124,
6380,0.0007826723570171604,
6381,0.0007818196754426855,
6382,0.0007809679228212628,
6383,0.0007801170981408349,
6384,0.0007792672003904473,
6385,0.0007784182285602859,
6386,0.000777570181641577,
6387,0.0007767230586267344,
6388,0.0007758768585091438,
6389,0.0007750315802833808,
6390,0.00077418722294509,
6391,0.000773343785491037,
6392,0.0007725012669190114,
6393,0.0007716596662279488,
6394,0.0007708189824178775,
6395,0.0007699792144899151,
6396,0.0007691403614462353,
6397,0.0007683024222901015,
6398,0.0007674653960259155,
6399,0.0007666292816591204,
6400,0.0007657940781962054,
6401,0.0007649597846448726,
6402,0.000764126400013782,
6403,0.0007632939233126968,
6404,0.0007624623535524508,
6405,0.0007616316897449988,
6406,0.0007608019309034022,
6407,0.0007599730760417016,
6408,0.0007591451241750422,
6409,0.0007583180743196329,
6410,0.0007574919254928317,
6411,0.0007566666767130288,
6412,0.0007558423269996563,
6413,0.0007550188753732076,
6414,0.0007541963208552739,
6415,0.0007533746624684871,
6416,0.0007525538992365386,
6417,0.0007517340301842606,
6418,0.0007509150543374951,
6419,0.000750096970723046,
6420,0.0007492797783689327,
6421,0.0007484634763041588,
6422,0.0007476480635588322,
6423,0.0007468335391640712,
6424,0.0007460199021520648,
6425,0.0007452071515560468,
6426,0.0007443952864102914,
6427,0.0007435843057502114,
6428,0.0007427742086121264,
6429,0.0007419649940335241,
6430,0.0007411566610529184,
6431,0.0007403492087098088,
6432,0.0007395426360448007,
6433,0.0007387369420995234,
6434,0.0007379321259166602,
6435,0.0007371281865399627,
6436,0.0007363251230141801,
6437,0.0007355229343851386,
6438,0.0007347216196996102,
6439,0.0007339211780055477,
6440,0.0007331216083518462,
6441,0.0007323229097885016,
6442,0.000731525081366394,
6443,0.0007307281221376107,
6444,0.0007299320311552553,
6445,0.0007291368074734355,
6446,0.0007283424501471961,
6447,0.0007275489582326646,
6448,0.0007267563307870937,
6449,0.0007259645668686202,
6450,0.0007251736655365051,
6451,0.0007243836258510276,
6452,0.0007235944468734843,
6453,0.0007228061276661486,
6454,0.0007220186672923114,
6455,0.0007212320648163621,
6456,0.0007204463193036893,
6457,0.0007196614298206322,
6458,0.0007188773954346098,
6459,0.0007180942152140573,
6460,0.0007173118882283482,
6461,0.0007165304135479304,
6462,0.0007157497902442724,
6463,0.0007149700173898952,
6464,0.0007141910940581949,
6465,0.0007134130193237229,
6466,0.0007126357922619685,
6467,0.0007118594119494005,
6468,0.0007110838774635368,
6469,0.0007103091878828948,
6470,0.0007095353422870126,
6471,0.0007087623397563781,
6472,0.0007079901793725642,
6473,0.0007072188602180788,
6474,0.0007064483813764035,
6475,0.0007056787419321144,
6476,0.0007049099409707024,
6477,0.0007041419775786919,
6478,0.0007033748508435848,
6479,0.0007026085598539193,
6480,0.0007018431036991783,
6481,0.0007010784814698239,
6482,0.0007003146922573514,
6483,0.0006995517351542329,
6484,0.0006987896092539285,
6485,0.0006980283136508987,
6486,0.0006972678474405498,
6487,0.0006965082097193042,
6488,0.0006957493995845719,
6489,0.0006949914161347353,
6490,0.0006942342584691483,
6491,0.0006934779256882105,
6492,0.0006927224168932431,
6493,0.0006919677311865229,
6494,0.0006912138676713359,
6495,0.0006904608254519792,
6496,0.000689708603633677,
6497,0.0006889572013226662,
6498,0.0006882066176260915,
6499,0.0006874568516521418,
6500,0.0006867079025099656,
6501,0.0006859597693096441,
6502,0.0006852124511622148,
6503,0.0006844659471797618,
6504,0.0006837202564753123,
6505,0.0006829753781628203,
6506,0.000682231311357213,
6507,0.0006814880551744549,
6508,0.0006807456087313101,
6509,0.0006800039711456618,
6510,0.000679263141536319,
6511,0.0006785231190229467,
6512,0.0006777839027263862,
6513,0.0006770454917682394,
6514,0.0006763078852711462,
6515,0.0006755710823586553,
6516,0.0006748350821553213,
6517,0.0006740998837866391,
6518,0.0006733654863790216,
6519,0.0006726318890599392,
6520,0.000671899090957667,
6521,0.0006711670912015156,
6522,0.000670435888921687,
6523,0.0006697054832494426,
6524,0.0006689758733168661,
6525,0.0006682470582570725,
6526,0.0006675190372040984,
6527,0.0006667918092929059,
6528,0.0006660653736594068,
6529,0.000665339729440471,
6530,0.0006646148757738182,
6531,0.0006638908117982317,
6532,0.0006631675366533676,
6533,0.0006624450494798772,
6534,0.0006617233494192789,
6535,0.000661002435614005,
6536,0.0006602823072075652,
6537,0.000659562963344246,
6538,0.0006588444031693518,
6539,0.0006581266258290706,
6540,0.0006574096304705777,
6541,0.0006566934162419133,
6542,0.0006559779822920571,
6543,0.0006552633277709823,
6544,0.0006545494518295202,
6545,0.0006538363536194467,
6546,0.0006531240322934737,
6547,0.000652412487005281,
6548,0.0006517017169093323,
6549,0.0006509917211610796,
6550,0.0006502824989169845,
6551,0.0006495740493343171,
6552,0.0006488663715712677,
6553,0.0006481594647870363,
6554,0.0006474533281416207,
6555,0.0006467479607960363,
6556,0.0006460433619122055,
6557,0.0006453395306528901,
6558,0.0006446364661817855,
6559,0.0006439341676635336,
6560,0.0006432326342636499,
6561,0.0006425318651485949,
6562,0.0006418318594856883,
6563,0.000641132616443252,
6564,0.0006404341351904118,
6565,0.0006397364148972546,
6566,0.0006390394547347439,
6567,0.0006383432538747344,
6568,0.0006376478114900165,
6569,0.0006369531267542228,
6570,0.0006362591988420019,
6571,0.0006355660269288173,
6572,0.0006348736101910628,
6573,0.0006341819478059906,
6574,0.0006334910389518049,
6575,0.0006328008828075558,
6576,0.0006321114785531431,
6577,0.0006314228253694885,
6578,0.0006307349224383466,
6579,0.0006300477689422739,
6580,0.0006293613640648537,
6581,0.0006286757069905505,
6582,0.0006279907969046536,
6583,0.000627306632993323,
6584,0.0006266232144435944,
6585,0.0006259405404435231,
6586,0.0006252586101818906,
6587,0.0006245774228484785,
6588,0.0006238969776338949,
6589,0.000623217273729622,
6590,0.0006225383103280348,
6591,0.0006218600866224485,
6592,0.0006211826018069559,
6593,0.0006205058550766085,
6594,0.000619829845627246,
6595,0.0006191545726556781,
6596,0.0006184800353594824,
6597,0.0006178062329373036,
6598,0.0006171331645884506,
6599,0.000616460829513195,
6600,0.0006157892269126442,
6601,0.0006151183559888875,
6602,0.0006144482159447643,
6603,0.0006137788059839656,
6604,0.0006131101253111546,
6605,0.0006124421731318311,
6606,0.0006117749486522993,
6607,0.0006111084510797783,
6608,0.0006104426796223009,
6609,0.000609777633488818,
6610,0.0006091133118891571,
6611,0.0006084497140339719,
6612,0.0006077868391348092,
6613,0.0006071246864039886,
6614,0.0006064632550547635,
6615,0.0006058025443012422,
6616,0.0006051425533583545,
6617,0.0006044832814418448,
6618,0.0006038247277684704,
6619,0.0006031668915557155,
6620,0.0006025097720219487,
6621,0.0006018533683863917,
6622,0.0006011976798690458,
6623,0.0006005427056908688,
6624,0.0005998884450736035,
6625,0.0005992348972399006,
6626,0.0005985820614131963,
6627,0.0005979299368177657,
6628,0.000597278522678819,
6629,0.000596627818222291,
6630,0.0005959778226750728,
6631,0.0005953285352647764,
6632,0.0005946799552200033,
6633,0.0005940320817700778,
6634,0.0005933849141451583,
6635,0.0005927384515763677,
6636,0.0005920926932955409,
6637,0.0005914476385353847,
6638,0.0005908032865294516,
6639,0.0005901596365121347,
6640,0.0005895166877186554,
6641,0.000588874439385074,
6642,0.0005882328907482517,
6643,0.0005875920410459682,
6644,0.0005869518895166623,
6645,0.0005863124353997329,
6646,0.0005856736779354604,
6647,0.0005850356163648423,
6648,0.0005843982499297433,
6649,0.0005837615778728612,
6650,0.0005831255994376091,
6651,0.0005824903138684227,
6652,0.0005818557204104566,
6653,0.000581221818309661,
6654,0.0005805886068128539,
6655,0.0005799560851676405,
6656,0.0005793242526224804,
6657,0.0005786931084266108,
6658,0.0005780626518301345,
6659,0.0005774328820839565,
6660,0.0005768037984397343,
6661,0.0005761754001500292,
6662,0.0005755476864681764,
6663,0.0005749206566482991,
6664,0.0005742943099453956,
6665,0.000573668645615237,
6666,0.0005730436629144614,
6667,0.0005724193611004652,
6668,0.0005717957394314239,
6669,0.0005711727971663234,
6670,0.000570550533565027,
6671,0.0005699289478881258,
6672,0.0005693080393971301,
6673,0.0005686878073542299,
6674,0.0005680682510225071,
6675,0.000567449369665744,
6676,0.0005668311625485943,
6677,0.0005662136289365611,
6678,0.0005655967680959041,
6679,0.0005649805792935867,
6680,0.0005643650617975191,
6681,0.0005637502148763898,
6682,0.0005631360377995871,
6683,0.0005625225298373181,
6684,0.0005619096902606468,
6685,0.0005612975183413843,
6686,0.0005606860133521862,
6687,0.0005600751745664854,
6688,0.0005594650012584556,
6689,0.0005588554927031091,
6690,0.0005582466481761789,
6691,0.0005576384669542941,
6692,0.000557030948314789,
6693,0.0005564240915358335,
6694,0.0005558178958963605,
6695,0.000555212360676101,
6696,0.0005546074851555591,
6697,0.000554003268615978,
6698,0.0005533997103394671,
6699,0.0005527968096089158,
6700,0.0005521945657079311,
6701,0.0005515929779209205,
6702,0.0005509920455330751,
6703,0.0005503917678304142,
6704,0.0005497921440996654,
6705,0.0005491931736283661,
6706,0.000548594855704793,
6707,0.0005479971896180751,
6708,0.0005474001746580078,
6709,0.0005468038101152307,
6710,0.0005462080952812603,
6711,0.0005456130294481666,
6712,0.0005450186119089041,
6713,0.0005444248419572426,
6714,0.0005438317188875909,
6715,0.0005432392419952505,
6716,0.0005426474105762744,
6717,0.0005420562239273751,
6718,0.000541465681346162,
6719,0.0005408757821309665,
6720,0.0005402865255808368,
6721,0.0005396979109956091,
6722,0.0005391099376759009,
6723,0.0005385226049231461,
6724,0.0005379359120394383,
6725,0.000537349858327679,
6726,0.0005367644430915374,
6727,0.000536179665635395,
6728,0.0005355955252644322,
6729,0.0005350120212845615,
6730,0.0005344291530024446,
6731,0.00053384691972561,
6732,0.0005332653207622407,
6733,0.0005326843554212346,
6734,0.0005321040230123076,
6735,0.0005315243228458891,
6736,0.0005309452542332069,
6737,0.0005303668164862335,
6738,0.0005297890089176782,
6739,0.0005292118308409708,
6740,0.0005286352815703035,
6741,0.0005280593604206351,
6742,0.0005274840667076697,
6743,0.0005269093997478221,
6744,0.0005263353588582226,
6745,0.0005257619433569342,
6746,0.0005251891525625605,
6747,0.0005246169857944766,
6748,0.0005240454423729368,
6749,0.0005234745216187235,
6750,0.0005229042228535523,
6751,0.0005223345453997412,
6752,0.0005217654885804334,
6753,0.0005211970517194748,
6754,0.0005206292341414991,
6755,0.0005200620351717695,
6756,0.000519495454136374,
6757,0.0005189294903620882,
6758,0.0005183641431764379,
6759,0.0005177994119076791,
6760,0.0005172352958847611,
6761,0.0005166717944374919,
6762,0.0005161089068963002,
6763,0.0005155466325922941,
6764,0.0005149849708574715,
6765,0.000514423921024452,
6766,0.0005138634824265267,
6767,0.0005133036543979041,
6768,0.0005127444362732746,
6769,0.0005121858273882462,
6770,0.0005116278270790831,
6771,0.0005110704346827755,
6772,0.0005105136495370178,
6773,0.0005099574709802788,
6774,0.000509401898351646,
6775,0.0005088469309910695,
6776,0.0005082925682391365,
6777,0.000507738809437062,
6778,0.0005071856539269389,
6779,0.0005066331010514812,
6780,0.0005060811501541859,
6781,0.000505529800579263,
6782,0.0005049790516715424,
6783,0.000504428902776645,
6784,0.0005038793532408791,
6785,0.0005033304024112868,
6786,0.000502782049635566,
6787,0.000502234294262184,
6788,0.0005016871356403424,
6789,0.0005011405731198622,
6790,0.0005005946060513792,
6791,0.0005000492337861139,
6792,0.0004995044556760815,
6793,0.000498960271073976,
6794,0.0004984166793332363,
6795,0.0004978736798079389,
6796,0.0004973312718529148,
6797,0.0004967894548236622,
6798,0.0004962482280764154,
6799,0.0004957075909680907,
6800,0.000495167542856305,
6801,0.000494628083099291,
6802,0.0004940892110561884,
6803,0.0004935509260866496,
6804,0.0004930132275511117,
6805,0.0004924761148106891,
6806,0.0004919395872271502,
6807,0.0004914036441630553,
6808,0.0004908682849815913,
6809,0.0004903335090466289,
6810,0.0004897993157227361,
6811,0.0004892657043751346,
6812,0.0004887326743698863,
6813,0.000488200225073629,
6814,0.00048766835585367803,
6815,0.0004871370660780838,
6816,0.00048660635511561876,
6817,0.00048607622233558993,
6818,0.0004855466671081476,
6819,0.00048501768880410877,
6820,0.00048448928679492906,
6821,0.00048396146045273636,
6822,0.00048343420915043236,
6823,0.00048290753226156845,
6824,0.00048238142916024823,
6825,0.00048185589922138653,
6826,0.0004813309418205475,
6827,0.0004808065563340254,
6828,0.0004802827421387306,
6829,0.0004797594986122471,
6830,0.00047923682513284596,
6831,0.0004787147210795315,
6832,0.00047819318583191476,
6833,0.0004776722187703483,
6834,0.00047715181927577763,
6835,0.00047663198672989434,
6836,0.000476112720515023,
6837,0.0004755940200141808,
6838,0.00047507588461106245,
6839,0.0004745583136900388,
6840,0.0004740413066360958,
6841,0.00047352486283496414,
6842,0.0004730089816729381,
6843,0.00047249366253711094,
6844,0.0004719789048151646,
6845,0.00047146470789550914,
6846,0.000470951071167177,
6847,0.00047043799401980574,
6848,0.0004699254758437792,
6849,0.0004694135160301643,
6850,0.00046890211397063175,
6851,0.00046839126905752124,
6852,0.00046788098068387655,
6853,0.00046737124824334516,
6854,0.0004668620711302746,
6855,0.0004663534487396706,
6856,0.00046584538046717615,
6857,0.00046533786570914236,
6858,0.0004648309038625349,
6859,0.00046432449432494833,
6860,0.00046381863649469816,
6861,0.00046331332977075565,
6862,0.00046280857355268787,
6863,0.0004623043672407943,
6864,0.0004618007102358947,
6865,0.00046129760193959035,
6866,0.00046079504175410783,
6867,0.00046029302908224835,
6868,0.0004597915633276095,
6869,0.00045929064389433504,
6870,0.00045879027018716164,
6871,0.0004582904416116311,
6872,0.00045779115757377557,
6873,0.0004572924174803897,
6874,0.00045679422073888486,
6875,0.00045629656675729634,
6876,0.0004557994549443185,
6877,0.00045530288470928076,
6878,0.00045480685546215606,
6879,0.0004543113666135846,
6880,0.00045381641757480493,
6881,0.00045332200775775254,
6882,0.00045282813657496115,
6883,0.0004523348034395841,
6884,0.00045184200776545157,
6885,0.00045134974896706266,
6886,0.0004508580264595423,
6887,0.00045036683965858507,
6888,0.00044987618798058356,
6889,0.0004493860708425277,
6890,0.00044889648766207647,
6891,0.00044840743785748226,
6892,0.0004479189208476757,
6893,0.00044743093605227786,
6894,0.00044694348289138415,
6895,0.0004464565607857833,
6896,0.00044597016915690974,
6897,0.00044548430742693293,
6898,0.00044499897501846337,
6899,0.0004445141713549329,
6900,0.00044402989586021026,
6901,0.0004435461479589206,
6902,0.0004430629270762677,
6903,0.0004425802326381153,
6904,0.00044209806407087055,
6905,0.00044161642080168195,
6906,0.00044113530225826355,
6907,0.00044065470786891774,
6908,0.0004401746370626313,
6909,0.0004396950892690033,
6910,0.0004392160639181901,
6911,0.0004387375604410559,
6912,0.00043825957826902135,
6913,0.00043778211683415363,
6914,0.0004373051755691439,
6915,0.0004368287539073051,
6916,0.00043635285128253544,
6917,0.00043587746712934615,
6918,0.00043540260088297656,
6919,0.00043492825197913445,
6920,0.00043445441985421056,
6921,0.0004339811039451602,
6922,0.0004335083036896384,
6923,0.00043303601852587466,
6924,0.00043256424789270395,
6925,0.00043209299122952123,
6926,0.0004316222479763907,
6927,0.0004311520175739975,
6928,0.00043068229946364306,
6929,0.0004302130930872,
6930,0.000429744397887145,
6931,0.0004292762133066053,
6932,0.0004288085387892557,
6933,0.000428341373779405,
6934,0.0004278747177219726,
6935,0.00042740857006249395,
6936,0.0004269429302470904,
6937,0.00042647779772248245,
6938,0.0004260131719359693,
6939,0.0004255490523356068,
6940,0.00042508543836986825,
6941,0.00042462232948782823,
6942,0.0004241597251392611,
6943,0.00042369762477452536,
6944,0.00042323602784454493,
6945,0.00042277493380083587,
6946,0.00042231434209557563,
6947,0.0004218542521814584,
6948,0.0004213946635118381,
6949,0.0004209355755405994,
6950,0.0004204769877222982,
6951,0.00042001889951197573,
6952,0.000419561310365364,
6953,0.000419104219738768,
6954,0.0004186476270890741,
6955,0.0004181915318737598,
6956,0.00041773593355092355,
6957,0.0004172808315791902,
6958,0.0004168262254178318,
6959,0.000416372114526643,
6960,0.00041591849836610873,
6961,0.0004154653763972088,
6962,0.0004150127480815464,
6963,0.0004145606128813675,
6964,0.00041410897025936553,
6965,0.0004136578196789494,
6966,0.00041320716060404413,
6967,0.0004127569924992161,
6968,0.00041230731482954096,
6969,0.0004118581270607254,
6970,0.00041140942865906533,
6971,0.00041096121909139444,
6972,0.00041051349782517864,
6973,0.00041006626432839413,
6974,0.00040961951806971073,
6975,0.00040917325851827735,
6976,0.00040872748514385326,
6977,0.0004082821974167577,
6978,0.00040783739480790905,
6979,0.00040739307678874727,
6980,0.00040694924283140915,
6981,0.00040650589240851935,
6982,0.0004060630249932651,
6983,0.0004056206400594633,
6984,0.00040517873708146093,
6985,0.0004047373155341683,
6986,0.0004042963748931224,
6987,0.00040385591463438993,
6988,0.0004034159342346192,
6989,0.00040297643317104156,
6990,0.0004025374109214632,
6991,0.0004020988669641975,
6992,0.0004016608007781692,
6993,0.0004012232118429149,
6994,0.0004007860996384627,
6995,0.000400349463645428,
6996,0.00039991330334500044,
6997,0.00039947761821897593,
6998,0.00039904240774965447,
6999,0.00039860767141993944,
7000,0.00039817340871327957,
7001,0.0003977396191136064,
7002,0.000397306302105582,
7003,0.0003968734571743038,
7004,0.0003964410838054683,
7005,0.00039600918148536017,
7006,0.00039557774970074597,
7007,0.000395146787939061,
7008,0.00039471629568821776,
7009,0.0003942862724367032,
7010,0.00039385671767357686,
7011,0.00039342763088842474,
7012,0.00039299901157140057,
7013,0.00039257085921321177,
7014,0.0003921431733051625,
7015,0.0003917159533391317,
7016,0.0003912891988074648,
7017,0.000390862909203046,
7018,0.0003904370840194126,
7019,0.0003900117227505368,
7020,0.0003895868248910725,
7021,0.00038916238993616357,
7022,0.00038873841738145553,
7023,0.0003883149067231749,
7024,0.00038789185745809695,
7025,0.0003874692690835967,
7026,0.0003870471410975888,
7027,0.00038662547299845944,
7028,0.0003862042642852164,
7029,0.00038578351445732847,
7030,0.0003853632230149173,
7031,0.00038494338945860025,
7032,0.00038452401328951404,
7033,0.00038410509400929106,
7034,0.000383686631120233,
7035,0.00038326862412518906,
7036,0.00038285107252738565,
7037,0.0003824339758307437,
7038,0.00038201733353969165,
7039,0.0003816011451591039,
7040,0.0003811854101945329,
7041,0.00038077012815196685,
7042,0.00038035529853798684,
7043,0.0003799409208596588,
7044,0.0003795269946247102,
7045,0.0003791135193412374,
7046,0.00037870049451799046,
7047,0.00037828791966417526,
7048,0.0003778757942895873,
7049,0.0003774641179045662,
7050,0.00037705289001994366,
7051,0.0003766421101471402,
7052,0.00037623177779804123,
7053,0.00037582189248504705,
7054,0.00037541245372115656,
7055,0.00037500346101992097,
7056,0.0003745949138953338,
7057,0.000374186811861985,
7058,0.0003737791544350118,
7059,0.00037337194112996584,
7060,0.0003729651714630445,
7061,0.00037255884495090703,
7062,0.00037215296111074215,
7063,0.00037174751946032265,
7064,0.0003713425195178956,
7065,0.000370937960802196,
7066,0.0003705338428325477,
7067,0.00037013016512880016,
7068,0.000369726927211347,
7069,0.0003693241286009578,
7070,0.0003689217688191305,
7071,0.00036851984738774703,
7072,0.0003681183638292523,
7073,0.00036771731766660715,
7074,0.00036731670842326213,
7075,0.0003669165356232488,
7076,0.00036651679879107576,
7077,0.0003661174974517749,
7078,0.00036571863113088807,
7079,0.0003653201993544743,
7080,0.00036492220164912215,
7081,0.00036452463754194954,
7082,0.00036412750656060255,
7083,0.000363730808233213,
7084,0.0003633345420883553,
7085,0.00036293870765524553,
7086,0.0003625433044635336,
7087,0.0003621483320434285,
7088,0.0003617537899256073,
7089,0.00036135967764127307,
7090,0.00036096599472215044,
7091,0.0003605727407004698,
7092,0.00036017991510895283,
7093,0.00035978751748081447,
7094,0.0003593955473499501,
7095,0.0003590040042505024,
7096,0.00035861288771726863,
7097,0.00035822219728553865,
7098,0.0003578319324910926,
7099,0.00035744209287019236,
7100,0.00035705267795964996,
7101,0.0003566636872967665,
7102,0.000356275120419368,
7103,0.000355886976865748,
7104,0.00035549925617471795,
7105,0.000355111957885582,
7106,0.0003547250815381326,
7107,0.00035433862667271713,
7108,0.00035395259283014385,
7109,0.00035356697955175626,
7110,0.0003531817863793821,
7111,0.0003527970128552917,
7112,0.00035241265852229087,
7113,0.00035202872292364044,
7114,0.0003516452056033005,
7115,0.0003512621061055127,
7116,0.0003508794239750526,
7117,0.00035049715875724483,
7118,0.00035011530999789835,
7119,0.0003497338772432425,
7120,0.0003493528600401269,
7121,0.00034897225793577145,
7122,0.00034859207047794146,
7123,0.00034821229721498036,
7124,0.00034783293769562315,
7125,0.00034745399146908187,
7126,0.0003470754580850626,
7127,0.0003466973370938729,
7128,0.00034631962804623534,
7129,0.00034594233049333963,
7130,0.0003455654439868197,
7131,0.00034518896807889853,
7132,0.00034481290232230233,
7133,0.00034443724627008403,
7134,0.00034406199947598754,
7135,0.00034368716149411763,
7136,0.00034331273187909175,
7137,0.00034293871018597377,
7138,0.00034256509597044966,
7139,0.0003421918887885533,
7140,0.00034181908819676173,
7141,0.00034144669375220415,
7142,0.00034107470501237885,
7143,0.00034070312153531077,
7144,0.0003403319428794557,
7145,0.00033996116860380914,
7146,0.0003395907982678055,
7147,0.00033922083143138776,
7148,0.00033885126765492577,
7149,0.0003384821064993334,
7150,0.0003381133475259797,
7151,0.0003377449902966687,
7152,0.00033737703437378315,
7153,0.00033700947932007727,
7154,0.0003366423246988408,
7155,0.0003362755700738069,
7156,0.0003359092150092219,
7157,0.0003355432590697644,
7158,0.0003351777018206526,
7159,0.00033481254282749533,
7160,0.0003344477816564127,
7161,0.00033408341787403127,
7162,0.0003337194510473438,
7163,0.00033335588074393896,
7164,0.00033299270653182756,
7165,0.00033262992797951975,
7166,0.0003322675446559135,
7167,0.0003319055561304354,
7168,0.00033154396197292277,
7169,0.00033118276175380344,
7170,0.00033082195504389767,
7171,0.00033046154141444354,
7172,0.0003301015204372583,
7173,0.0003297418916845277,
7174,0.00032938265472903767,
7175,0.00032902380914382904,
7176,0.00032866535450254517,
7177,0.000328307290379293,
7178,0.0003279496163486128,
7179,0.00032759233198556624,
7180,0.00032723543686556997,
7181,0.00032687893056455836,
7182,0.00032652281265898496,
7183,0.00032616708272569997,
7184,0.0003258117403420117,
7185,0.0003254567850857296,
7186,0.00032510221653501975,
7187,0.0003247480342686913,
7188,0.00032439423786582283,
7189,0.00032404082690613725,
7190,0.00032368780096959785,
7191,0.00032333515963683165,
7192,0.00032298290248876404,
7193,0.00032263102910684447,
7194,0.0003222795390730214,
7195,0.0003219284319696562,
7196,0.00032157770737956847,
7197,0.0003212273648859988,
7198,0.00032087740407271996,
7199,0.00032052782452383856,
7200,0.0003201786258240371,
7201,0.0003198298075583677,
7202,0.00031948136931243256,
7203,0.00031913331067214007,
7204,0.0003187856312240075,
7205,0.00031843833055488277,
7206,0.00031809140825212796,
7207,0.00031774486390346093,
7208,0.000317398697097197,
7209,0.0003170529074219446,
7210,0.0003167074944669123,
7211,0.0003163624578216753,
7212,0.0003160177970762722,
7213,0.000315673511821138,
7214,0.0003153296016471966,
7215,0.00031498606614586077,
7216,0.0003146429049089402,
7217,0.0003143001175286585,
7218,0.00031395770359767477,
7219,0.00031361566270922387,
7220,0.00031327399445688775,
7221,0.0003129326984346082,
7222,0.00031259177423692043,
7223,0.0003122512214587525,
7224,0.000311911039695445,
7225,0.00031157122854279153,
7226,0.0003112317875970641,
7227,0.00031089271645489807,
7228,0.0003105540147134168,
7229,0.00031021568197017773,
7230,0.0003098777178232172,
7231,0.0003095401218709529,
7232,0.0003092028937122525,
7233,0.00030886603294640595,
7234,0.0003085295391731488,
7235,0.00030819341199266205,
7236,0.00030785765100559923,
7237,0.0003075222558129738,
7238,0.0003071872260163108,
7239,0.00030685256121752155,
7240,0.0003065182610189026,
7241,0.00030618432502332193,
7242,0.00030585075283394615,
7243,0.00030551754405443957,
7244,0.00030518469828887926,
7245,0.00030485221514177504,
7246,0.0003045200942180533,
7247,0.0003041883351231449,
7248,0.0003038569374628345,
7249,0.0003035259008433671,
7250,0.0003031952248713757,
7251,0.0003028649091539445,
7252,0.0003025349532986733,
7253,0.00030220535691348417,
7254,0.00030187611960672277,
7255,0.00030154724098722246,
7256,0.00030121872066414724,
7257,0.00030089055824721495,
7258,0.0003005627533464865,
7259,0.00030023530557241404,
7260,0.0002999082145359898,
7261,0.0002995814798485933,
7262,0.00029925510112192524,
7263,0.0002989290779682017,
7264,0.0002986034100000801,
7265,0.00029827809683057933,
7266,0.00029795313807320315,
7267,0.000297628533341796,
7268,0.00029730428225063977,
7269,0.00029698038441449966,
7270,0.00029665683944849825,
7271,0.0002963336469682368,
7272,0.0002960108065896905,
7273,0.00029568831792926696,
7274,0.00029536618060374624,
7275,0.00029504439423039134,
7276,0.0002947229584268664,
7277,0.00029440187281125113,
7278,0.00029408113700200557,
7279,0.00029376075061804207,
7280,0.00029344071327870195,
7281,0.00029312102460364066,
7282,0.00029280168421308894,
7283,0.00029248269172758444,
7284,0.0002921640467681206,
7285,0.00029184574895612313,
7286,0.00029152779791333114,
7287,0.0002912101932619527,
7288,0.0002908929346246143,
7289,0.00029057602162438546,
7290,0.000290259453884688,
7291,0.000289943231029398,
7292,0.00028962735268276525,
7293,0.0002893118184694594,
7294,0.0002889966280145622,
7295,0.0002886817809435687,
7296,0.00028836727688237183,
7297,0.00028805311545731426,
7298,0.00028773929629507557,
7299,0.0002874258190227905,
7300,0.0002871126832679903,
7301,0.0002867998886586066,
7302,0.0002864874348229885,
7303,0.00028617532138986216,
7304,0.00028586354798837383,
7305,0.0002855521142481128,
7306,0.0002852410197990172,
7307,0.0002849302642714554,
7308,0.0002846198472961663,
7309,0.0002843097685043149,
7310,0.00028400002752741483,
7311,0.000283690623997563,
7312,0.0002833815575470866,
7313,0.0002830728278087474,
7314,0.0002827644344156565,
7315,0.00028245637700141353,
7316,0.00028214865519997866,
7317,0.0002818412686457536,
7318,0.00028153421697346296,
7319,0.00028122749981830756,
7320,0.0002809211168158355,
7321,0.0002806150676019642,
7322,0.00028030935181316363,
7323,0.0002800039690860722,
7324,0.000279698919057858,
7325,0.00027939420136606946,
7326,0.00027908981564866753,
7327,0.00027878576154396757,
7328,0.0002784820386906661,
7329,0.00027817864672792785,
7330,0.000277875585295218,
7331,0.00027757285403248586,
7332,0.00027727045258001327,
7333,0.00027696838057849943,
7334,0.0002766666376690084,
7335,0.0002763652234930206,
7336,0.00027606413769237857,
7337,0.00027576337990932643,
7338,0.00027546294978654344,
7339,0.00027516284696700924,
7340,0.00027486307109420623,
7341,0.00027456362181190185,
7342,0.00027426449876430506,
7343,0.00027396570159600404,
7344,0.000273667229951954,
7345,0.00027336908347751383,
7346,0.00027307126181844247,
7347,0.00027277376462088524,
7348,0.0002724765915313358,
7349,0.00027217974219663726,
7350,0.000271883216264129,
7351,0.0002715870133815016,
7352,0.0002712911331967736,
7353,0.0002709955753584394,
7354,0.0002707003395152926,
7355,0.0002704054253165033,
7356,0.0002701108324116807,
7357,0.0002698165604508207,
7358,0.00026952260908421786,
7359,0.0002692289779625796,
7360,0.00026893566673707374,
7361,0.00026864267505916545,
7362,0.00026835000258071184,
7363,0.0002680576489540257,
7364,0.00026776561383166664,
7365,0.0002674738968666778,
7366,0.0002671824977124228,
7367,0.00026689141602269335,
7368,0.00026660065145158037,
7369,0.0002663102036536416,
7370,0.0002660200722837322,
7371,0.00026573025699715906,
7372,0.00026544075744953385,
7373,0.00026515157329685995,
7374,0.00026486270419555906,
7375,0.00026457414980236296,
7376,0.00026428590977449945,
7377,0.00026399798376943915,
7378,0.0002637103714450705,
7379,0.00026342307245960786,
7380,0.0002631360864717492,
7381,0.0002628494131404711,
7382,0.000262563052125165,
7383,0.00026227700308555514,
7384,0.00026199126568173957,
7385,0.00026170583957427327,
7386,0.00026142072442396336,
7387,0.00026113591989204845,
7388,0.00026085142564014253,
7389,0.0002605672413302197,
7390,0.00026028336662455693,
7391,0.0002599998011858774,
7392,0.0002597165446772859,
7393,0.000259433596762184,
7394,0.0002591509571044075,
7395,0.00025886862536810934,
7396,0.0002585866012178158,
7397,0.000258304884318463,
7398,0.0002580234743352561,
7399,0.0002577423709338501,
7400,0.00025746157378024213,
7401,0.00025718108254082497,
7402,0.000256900896882297,
7403,0.00025662101647174227,
7404,0.0002563414409766234,
7405,0.0002560621700647339,
7406,0.0002557832034042116,
7407,0.00025550454066361884,
7408,0.0002552261815118851,
7409,0.00025494812561823116,
7410,0.0002546703726522439,
7411,0.00025439292228397433,
7412,0.0002541157741837345,
7413,0.0002538389280221575,
7414,0.0002535623834703469,
7415,0.00025328614019971943,
7416,0.000253010197881985,
7417,0.00025273455618937733,
7418,0.0002524592147942897,
7419,0.00025218417336958987,
7420,0.0002519094315884543,
7421,0.0002516349891244811,
7422,0.00025136084565157346,
7423,0.00025108700084397993,
7424,0.00025081345437632325,
7425,0.00025054020592357355,
7426,0.0002502672551610705,
7427,0.00024999460176444504,
7428,0.0002497222454098003,
7429,0.0002494501857735137,
7430,0.00024917842253230956,
7431,0.0002489069553632879,
7432,0.0002486357839438522,
7433,0.000248364907951887,
7434,0.0002480943270654533,
7435,0.00024782404096307327,
7436,0.0002475540493236017,
7437,0.0002472843518262784,
7438,0.00024701494815057557,
7439,0.0002467458379764525,
7440,0.00024647702098411884,
7441,0.00024620849685417275,
7442,0.0002459402652675401,
7443,0.00024567232590553737,
7444,0.0002454046784497831,
7445,0.0002451373225822813,
7446,0.000244870257985341,
7447,0.0002446034843416223,
7448,0.0002443370013341748,
7449,0.00024407080864637681,
7450,0.00024380490596193234,
7451,0.00024353929296483642,
7452,0.00024327396933957745,
7453,0.00024300893477082532,
7454,0.00024274418894375117,
7455,0.00024247973154373765,
7456,0.0002422155622565443,
7457,0.00024195168076829144,
7458,0.00024168808676546219,
7459,0.0002414247799348066,
7460,0.00024116175996350585,
7461,0.00024089902653903254,
7462,0.00024063657934923817,
7463,0.00024037441808226413,
7464,0.0002401125424265799,
7465,0.0002398509520710647,
7466,0.00023958964670491646,
7467,0.00023932862601763137,
7468,0.00023906788969897298,
7469,0.00023880743743928142,
7470,0.0002385472689290273,
7471,0.00023828738385907295,
7472,0.0002380277819206617,
7473,0.0002377684628052824,
7474,0.0002375094262048189,
7475,0.00023725067181151098,
7476,0.00023699219931791997,
7477,0.00023673400841687836,
7478,0.00023647609880168982,
7479,0.00023621847016585195,
7480,0.00023596112220326508,
7481,0.00023570405460812926,
7482,0.00023544726707502376,
7483,0.00023519075929883122,
7484,0.0002349345309747652,
7485,0.00023467858179836875,
7486,0.00023442291146554797,
7487,0.00023416751967249806,
7488,0.00023391240611580247,
7489,0.0002336575704922683,
7490,0.00023340301249909836,
7491,0.00023314873183390307,
7492,0.00023289472819446226,
7493,0.00023264100127904898,
7494,0.00023238755078616136,
7495,0.00023213437641463153,
7496,0.0002318814778636767,
7497,0.00023162885483274696,
7498,0.00023137650702173597,
7499,0.00023112443413075902,
7500,0.00023087263586035593,
7501,0.00023062111191129517,
7502,0.00023036986198473447,
7503,0.0002301188857821277,
7504,0.00022986818300532494,
7505,0.00022961775335636657,
7506,0.00022936759653771486,
7507,0.0002291177122521515,
7508,0.00022886810020276798,
7509,0.00022861876009299252,
7510,0.00022836969162656938,
7511,0.0002281208945074709,
7512,0.0002278723684401322,
7513,0.0002276241131292612,
7514,0.00022737612827985028,
7515,0.00022712841359729476,
7516,0.0002268809687872441,
7517,0.00022663379355569748,
7518,0.00022638688760893806,
7519,0.00022614025065357957,
7520,0.00022589388239659314,
7521,0.00022564778254523533,
7522,0.00022540195080711047,
7523,0.00022515638689009078,
7524,0.000224911090502422,
7525,0.000224666061352681,
7526,0.00022442129914968643,
7527,0.0002241768036026374,
7528,0.0002239325744209757,
7529,0.00022368861131450628,
7530,0.00022344491399344622,
7531,0.0002232014821681459,
7532,0.00022295831554938812,
7533,0.0002227154138482558,
7534,0.00022247277677613122,
7535,0.00022223040404475267,
7536,0.00022198829536604993,
7537,0.00022174645045238317,
7538,0.00022150486901638674,
7539,0.00022126355077104943,
7540,0.00022102249542958134,
7541,0.00022078170270563804,
7542,0.00022054117231302836,
7543,0.00022030090396602252,
7544,0.0002200608973791152,
7545,0.00021982115226712177,
7546,0.00021958166834519692,
7547,0.00021934244532877513,
7548,0.00021910348293364883,
7549,0.00021886478087581533,
7550,0.00021862633887173582,
7551,0.00021838815663803235,
7552,0.00021815023389171051,
7553,0.00021791257035005018,
7554,0.0002176751657307009,
7555,0.00021743801975152024,
7556,0.000217201132130794,
7557,0.00021696450258704703,
7558,0.00021672813083909316,
7559,0.0002164920166060866,
7560,0.00021625615960750206,
7561,0.00021602055956309102,
7562,0.000215785216192891,
7563,0.00021555012921729502,
7564,0.0002153152983569596,
7565,0.00021508072333281515,
7566,0.00021484640386617212,
7567,0.00021461233967863742,
7568,0.0002143785304920891,
7569,0.00021414497602871468,
7570,0.00021391167601103085,
7571,0.00021367863016177283,
7572,0.00021344583820409417,
7573,0.00021321329986136175,
7574,0.00021298101485727334,
7575,0.0002127489829158409,
7576,0.0002125172037613368,
7577,0.000212285677118398,
7578,0.000212054402711916,
7579,0.00021182338026712167,
7580,0.0002115926095094753,
7581,0.00021136209016477285,
7582,0.00021113182195914483,
7583,0.00021090180461899187,
7584,0.00021067203787092657,
7585,0.00021044252144201855,
7586,0.00021021325505958242,
7587,0.00020998423845113395,
7588,0.00020975547134461655,
7589,0.0002095269534681676,
7590,0.00020929868455025599,
7591,0.00020907066431966902,
7592,0.00020884289250551043,
7593,0.0002086153688371011,
7594,0.00020838809304410923,
7595,0.00020816106485647233,
7596,0.0002079342840044409,
7597,0.0002077077502186048,
7598,0.0002074814632298015,
7599,0.00020725542276907476,
7600,0.0002070296285678792,
7601,0.00020680408035797415,
7602,0.00020657877787127319,
7603,0.00020635372084017203,
7604,0.00020612890899720466,
7605,0.00020590434207526872,
7606,0.00020568001980753376,
7607,0.00020545594192744113,
7608,0.00020523210816874248,
7609,0.0002050085182655345,
7610,0.00020478517195211544,
7611,0.00020456206896306728,
7612,0.0002043392090333328,
7613,0.00020411659189810102,
7614,0.00020389421729293021,
7615,0.00020367208495348805,
7616,0.0002034501946159363,
7617,0.00020322854601655802,
7618,0.00020300713889200765,
7619,0.00020278597297924728,
7620,0.00020256504801542422,
7621,0.00020234436373807094,
7622,0.00020212391988497414,
7623,0.00020190371619418262,
7624,0.00020168375240408714,
7625,0.00020146402825331805,
7626,0.00020124454348082108,
7627,0.0002010252978257137,
7628,0.00020080629102757442,
7629,0.0002005875228261788,
7630,0.0002003689929616005,
7631,0.00020015070117412843,
7632,0.0001999326472044237,
7633,0.00019971483079337618,
7634,0.00019949725168216738,
7635,0.00019927990961229872,
7636,0.00019906280432553167,
7637,0.00019884593556390235,
7638,0.00019862930306969418,
7639,0.00019841290658551423,
7640,0.0001981967458542729,
7641,0.0001979808206191311,
7642,0.0001977651306234849,
7643,0.0001975496756110689,
7644,0.00019733445532588948,
7645,0.00019711946951224952,
7646,0.00019690471791462428,
7647,0.00019669020027793328,
7648,0.00019647591634722365,
7649,0.0001962618658679727,
7650,0.000196048048585723,
7651,0.00019583446424653814,
7652,0.00019562111259657973,
7653,0.00019540799338234864,
7654,0.00019519510635060557,
7655,0.00019498245124842655,
7656,0.0001947700278231268,
7657,0.00019455783582229821,
7658,0.00019434587499384215,
7659,0.00019413414508588815,
7660,0.00019392264584685318,
7661,0.0001937113770254192,
7662,0.00019350033837059745,
7663,0.00019328952963159192,
7664,0.0001930789505579449,
7665,0.00019286860089945003,
7666,0.00019265848040615378,
7667,0.00019244858882839063,
7668,0.00019223892591681025,
7669,0.00019202949142227988,
7670,0.00019182028509596427,
7671,0.00019161130668926888,
7672,0.00019140255595383255,
7673,0.00019119403264164687,
7674,0.00019098573650501525,
7675,0.00019077766729637215,
7676,0.00019056982476852124,
7677,0.00019036220867447922,
7678,0.00019015481876758958,
7679,0.00018994765480134852,
7680,0.0001897407165297328,
7681,0.00018953400370675403,
7682,0.00018932751608683894,
7683,0.00018912125342465344,
7684,0.00018891521547514866,
7685,0.00018870940199344763,
7686,0.00018850381273503045,
7687,0.0001882984474555966,
7688,0.00018809330591112886,
7689,0.0001878883878579599,
7690,0.00018768369305252565,
7691,0.00018747922125164312,
7692,0.00018727497221232797,
7693,0.00018707094569191617,
7694,0.0001868671414479873,
7695,0.00018666355923842887,
7696,0.00018646019882124205,
7697,0.00018625705995482024,
7698,0.00018605414239780823,
7699,0.00018585144590914664,
7700,0.00018564897024798052,
7701,0.00018544671517369042,
7702,0.00018524468044595535,
7703,0.0001850428658247569,
7704,0.0001848412710702807,
7705,0.0001846398959429928,
7706,0.0001844387402036604,
7707,0.00018423780361323102,
7708,0.00018403708593295234,
7709,0.00018383658692433175,
7710,0.00018363630634917852,
7711,0.00018343624396942592,
7712,0.00018323639954741686,
7713,0.0001830367728457256,
7714,0.00018283736362710207,
7715,0.00018263817165471095,
7716,0.00018243919669182473,
7717,0.0001822404385019762,
7718,0.00018204189684901031,
7719,0.00018184357149704522,
7720,0.00018164546221041466,
7721,0.00018144756875374871,
7722,0.00018124989089187747,
7723,0.00018105242838997,
7724,0.000180855181013384,
7725,0.00018065814852770347,
7726,0.0001804613306988495,
7727,0.00018026472729299178,
7728,0.00018006833807648984,
7729,0.0001798721628160409,
7730,0.00017967620127853676,
7731,0.00017948045323112942,
7732,0.00017928491844119266,
7733,0.00017908959667648682,
7734,0.0001788944877048284,
7735,0.00017869959129444645,
7736,0.00017850490721375059,
7737,0.0001783104352313783,
7738,0.00017811617511633574,
7739,0.00017792212663779612,
7740,0.00017772828956507845,
7741,0.00017753466366801862,
7742,0.00017734124871641863,
7743,0.00017714804448057606,
7744,0.00017695505073092634,
7745,0.0001767622672381042,
7746,0.00017656969377301705,
7747,0.00017637733010690047,
7748,0.0001761851760111716,
7749,0.000175993231257545,
7750,0.00017580149561789943,
7751,0.00017560996886445822,
7752,0.00017541865076961725,
7753,0.0001752275411060666,
7754,0.0001750366396467503,
7755,0.00017484594616482742,
7756,0.0001746554604337029,
7757,0.0001744651822270636,
7758,0.00017427511131885528,
7759,0.00017408524748318218,
7760,0.00017389559049447163,
7761,0.00017370614012733092,
7762,0.00017351689615668022,
7763,0.00017332785835770764,
7764,0.00017313902650575172,
7765,0.00017295040037644907,
7766,0.0001727619797457146,
7767,0.00017257376438959925,
7768,0.00017238575408451968,
7769,0.00017219794860706943,
7770,0.00017201034773411123,
7771,0.00017182295124270965,
7772,0.00017163575891020004,
7773,0.00017144877051421053,
7774,0.0001712619858325589,
7775,0.00017107540464324447,
7776,0.0001708890267246512,
7777,0.0001707028518552682,
7778,0.00017051687981389598,
7779,0.0001703311103795219,
7780,0.0001701455433315031,
7781,0.000169960178449308,
7782,0.000169775015512721,
7783,0.00016959005430168384,
7784,0.0001694052945964522,
7785,0.00016922073617742366,
7786,0.00016903637882539137,
7787,0.0001688522223213123,
7788,0.00016866826644635325,
7789,0.00016848451098189308,
7790,0.00016830095570961282,
7791,0.00016811760041144822,
7792,0.00016793444486952594,
7793,0.00016775148886619728,
7794,0.0001675687321841046,
7795,0.0001673861746060971,
7796,0.00016720381591524256,
7797,0.0001670216558948596,
7798,0.00016683969432854497,
7799,0.00016665793100004237,
7800,0.0001664763656934374,
7801,0.00016629499819294146,
7802,0.00016611382828305075,
7803,0.0001659328557485293,
7804,0.00016575208037438526,
7805,0.00016557150194578362,
7806,0.00016539112024812494,
7807,0.00016521093506712868,
7808,0.0001650309461886794,
7809,0.00016485115339891866,
7810,0.00016467155648421434,
7811,0.00016449215523118706,
7812,0.0001643129494266595,
7813,0.00016413393885775915,
7814,0.00016395512331172978,
7815,0.00016377650257608234,
7816,0.00016359807643863061,
7817,0.0001634198446873326,
7818,0.00016324180711041713,
7819,0.00016306396349635905,
7820,0.00016288631363382206,
7821,0.00016270885731173792,
7822,0.0001625315943192618,
7823,0.0001623545244457518,
7824,0.00016217764748081007,
7825,0.00016200096321433087,
7826,0.00016182447143635095,
7827,0.00016164817193717863,
7828,0.0001614720645072821,
7829,0.00016129614893743195,
7830,0.00016112042501864943,
7831,0.0001609448925420803,
7832,0.0001607695512991793,
7833,0.00016059440108158785,
7834,0.0001604194416812121,
7835,0.00016024467289016482,
7836,0.00016007009450080042,
7837,0.00015989570630567656,
7838,0.00015972150809761147,
7839,0.00015954749966956582,
7840,0.00015937368081481642,
7841,0.00015920005132687848,
7842,0.00015902661099936598,
7843,0.00015885335962622513,
7844,0.00015868029700165324,
7845,0.00015850742291995533,
7846,0.00015833473717576853,
7847,0.00015816223956387156,
7848,0.00015798992987929624,
7849,0.00015781780791732707,
7850,0.00015764587347345108,
7851,0.00015747412634337503,
7852,0.00015730256632303692,
7853,0.00015713119320857018,
7854,0.00015696000679635887,
7855,0.00015678900688299394,
7856,0.00015661819326529138,
7857,0.00015644756574030377,
7858,0.0001562771241053159,
7859,0.0001561068681577896,
7860,0.00015593679769541931,
7861,0.00015576691251616194,
7862,0.00015559721241812513,
7863,0.00015542769719968576,
7864,0.00015525836665939577,
7865,0.00015508922059608975,
7866,0.000154920258808755,
7867,0.00015475148109671787,
7868,0.00015458288725934247,
7869,0.00015441447709636812,
7870,0.00015424625040765723,
7871,0.00015407820699331906,
7872,0.00015391034665373317,
7873,0.00015374266918940604,
7874,0.0001535751744010932,
7875,0.00015340786208980524,
7876,0.0001532407320567296,
7877,0.0001530737841033575,
7878,0.00015290701803124051,
7879,0.0001527404336421739,
7880,0.0001525740307383732,
7881,0.00015240780912200284,
7882,0.00015224176859560644,
7883,0.0001520759089618452,
7884,0.00015191023002371045,
7885,0.00015174473158430961,
7886,0.00015157941344699094,
7887,0.00015141427541535645,
7888,0.00015124931729319912,
7889,0.0001510845388844765,
7890,0.00015091993999345044,
7891,0.00015075552042450742,
7892,0.00015059127998229022,
7893,0.00015042721847167032,
7894,0.0001502633356976737,
7895,0.00015009963146557864,
7896,0.00014993610558088083,
7897,0.0001497727578492899,
7898,0.00014960958807670724,
7899,0.00014944659606926254,
7900,0.00014928378163330796,
7901,0.00014912114457536483,
7902,0.0001489586847021497,
7903,0.00014879640182068166,
7904,0.00014863429573813176,
7905,0.00014847236626193714,
7906,0.00014831061319961678,
7907,0.00014814903635900194,
7908,0.00014798763554806787,
7909,0.0001478264105751047,
7910,0.00014766536124846376,
7911,0.00014750448737688553,
7912,0.00014734378876917454,
7913,0.00014718326523440302,
7914,0.00014702291658184202,
7915,0.0001468627426209251,
7916,0.00014670274316133707,
7917,0.00014654291801305245,
7918,0.00014638326698609505,
7919,0.00014622378989078392,
7920,0.0001460644865376397,
7921,0.00014590535673733975,
7922,0.00014574640030081673,
7923,0.00014558761703920397,
7924,0.00014542900676387498,
7925,0.0001452705692863684,
7926,0.00014511230441835834,
7927,0.0001449542119718633,
7928,0.00014479629175900098,
7929,0.00014463854359220187,
7930,0.00014448096728399495,
7931,0.00014432356264707064,
7932,0.00014416632949450467,
7933,0.0001440092676393706,
7934,0.00014385237689514078,
7935,0.00014369565707534856,
7936,0.00014353910799377433,
7937,0.00014338272946444455,
7938,0.00014322652130154093,
7939,0.0001430704833194496,
7940,0.00014291461533277782,
7941,0.00014275891715632516,
7942,0.00014260338860506167,
7943,0.00014244802949423387,
7944,0.00014229283963921303,
7945,0.00014213781885560268,
7946,0.000141982966959276,
7947,0.00014182828376612742,
7948,0.00014167376909241653,
7949,0.00014151942275457652,
7950,0.00014136524456920727,
7951,0.00014121123435309612,
7952,0.00014105739192325716,
7953,0.0001409037170969128,
7954,0.0001407502096914282,
7955,0.0001405968695243754,
7956,0.0001404436964136439,
7957,0.00014029069017720293,
7958,0.00014013785063325085,
7959,0.00013998517760016737,
7960,0.00013983267089657503,
7961,0.00013968033034128576,
7962,0.00013952815575321416,
7963,0.00013937614695159082,
7964,0.0001392243037557754,
7965,0.00013907262598536894,
7966,0.00013892111346015291,
7967,0.00013876976600009212,
7968,0.00013861858342531543,
7969,0.00013846756555627686,
7970,0.00013831671221350463,
7971,0.0001381660232176997,
7972,0.0001380154983898853,
7973,0.0001378651375511957,
7974,0.0001377149405229825,
7975,0.00013756490712677752,
7976,0.00013741503718432582,
7977,0.00013726533051747485,
7978,0.00013711578694842314,
7979,0.00013696640629942412,
7980,0.00013681718839297574,
7981,0.00013666813305184434,
7982,0.00013651924009889287,
7983,0.00013637050935724998,
7984,0.00013622194065016543,
7985,0.0001360735338010769,
7986,0.00013592528863365494,
7987,0.00013577720497179739,
7988,0.00013562928263949892,
7989,0.00013548152146107363,
7990,0.000135333921260913,
7991,0.00013518648186362504,
7992,0.00013503920309400425,
7993,0.00013489208477711174,
7994,0.00013474512673808172,
7995,0.00013459832880235547,
7996,0.0001344516907954728,
7997,0.00013430521254323432,
7998,0.00013415889387157745,
7999,0.00013401273460662185,
8000,0.00013386673457471254,
8001,0.00013372089360242167,
8002,0.0001335752115163989,
8003,0.00013342968814355702,
8004,0.00013328432331100954,
8005,0.00013313911684602483,
8006,0.0001329940685760598,
8007,0.00013284917832879275,
8008,0.00013270444593203062,
8009,0.00013255987121384215,
8010,0.00013241545400240998,
8011,0.00013227119412621423,
8012,0.00013212709141376442,
8013,0.00013198314569387833,
8014,0.0001318393567954979,
8015,0.0001316957245477488,
8016,0.00013155224878002686,
8017,0.00013140892932183714,
8018,0.00013126576600289253,
8019,0.00013112275865304442,
8020,0.00013097990710240156,
8021,0.000130837211181219,
8022,0.00013069467071995288,
8023,0.00013055228554922235,
8024,0.00013041005549987517,
8025,0.00013026798040289083,
8026,0.00013012606008948842,
8027,0.00012998429439102039,
8028,0.0001298426831390155,
8029,0.00012970122616529786,
8030,0.00012955992330166316,
8031,0.00012941877438030582,
8032,0.00012927777923351017,
8033,0.00012913693769375323,
8034,0.00012899624959364456,
8035,0.0001288557147660563,
8036,0.00012871533304397158,
8037,0.00012857510426062427,
8038,0.0001284350282493629,
8039,0.0001282951048437633,
8040,0.0001281553338775634,
8041,0.00012801571518472046,
8042,0.0001278762485993081,
8043,0.00012773693395562032,
8044,0.0001275977710881177,
8045,0.00012745875983142038,
8046,0.000127319900020412,
8047,0.000127181191490051,
8048,0.00012704263407558501,
8049,0.00012690422761233068,
8050,0.0001267659719358714,
8051,0.00012662786688188808,
8052,0.0001264899122862735,
8053,0.0001263521079851822,
8054,0.0001262144538148635,
8055,0.000126076949611736,
8056,0.0001259395952124108,
8057,0.00012580239045366454,
8058,0.00012566533517253405,
8059,0.00012552842920608983,
8060,0.00012539167239176329,
8061,0.00012525506456697422,
8062,0.0001251186055694238,
8063,0.00012498229523697318,
8064,0.00012484613340764964,
8065,0.00012471011991971382,
8066,0.00012457425461155465,
8067,0.000124438537321705,
8068,0.00012430296788893923,
8069,0.00012416754615211104,
8070,0.0001240322719503677,
8071,0.00012389714512298056,
8072,0.00012376216550933182,
8073,0.00012362733294909027,
8074,0.0001234926472820532,
8075,0.00012335810834812676,
8076,0.00012322371598756272,
8077,0.00012308947004056992,
8078,0.00012295537034772236,
8079,0.0001228214167496143,
8080,0.0001226876090871266,
8081,0.00012255394720124386,
8082,0.000122420430933174,
8083,0.00012228706012429446,
8084,0.00012215383461607025,
8085,0.0001220207542502079,
8086,0.00012188781886863622,
8087,0.00012175502831337297,
8088,0.00012162238242662884,
8089,0.00012148988105082518,
8090,0.00012135752402850014,
8091,0.00012122531120235889,
8092,0.00012109324241537369,
8093,0.0001209613175106025,
8094,0.00012082953633126874,
8095,0.00012069789872076701,
8096,0.00012056640452271732,
8097,0.00012043505358092416,
8098,0.00012030384573928769,
8099,0.00012017278084186208,
8100,0.00012004185873295912,
8101,0.00011991107925703228,
8102,0.00011978044225863787,
8103,0.0001196499475826,
8104,0.0001195195950738465,
8105,0.0001193893845774589,
8106,0.00011925931593877863,
8107,0.00011912938900323749,
8108,0.00011899960361644717,
8109,0.00011886995962422911,
8110,0.00011874045687253486,
8111,0.00011861109520746774,
8112,0.000118481874475358,
8113,0.00011835279452259787,
8114,0.00011822385519584228,
8115,0.00011809505634193197,
8116,0.00011796639780777457,
8117,0.00011783787944051042,
8118,0.00011770950108747546,
8119,0.00011758126259611315,
8120,0.00011745316381405713,
8121,0.00011732520458906362,
8122,0.00011719738476914505,
8123,0.00011706970420238113,
8124,0.00011694216273707653,
8125,0.00011681476022165873,
8126,0.00011668749650476784,
8127,0.00011656037143516467,
8128,0.00011643338486187258,
8129,0.00011630653663396222,
8130,0.00011617982660070264,
8131,0.00011605325461158435,
8132,0.0001159268205162128,
8133,0.00011580052416430936,
8134,0.00011567436540580386,
8135,0.00011554834409082353,
8136,0.00011542246006963696,
8137,0.0001152967131926721,
8138,0.00011517110331053054,
8139,0.00011504563027391431,
8140,0.0001149202939337931,
8141,0.00011479509414122092,
8142,0.0001146700307474292,
8143,0.0001145451036038278,
8144,0.00011442031256204457,
8145,0.00011429565747363564,
8146,0.00011417113819054377,
8147,0.0001140467545648541,
8148,0.00011392250644879769,
8149,0.00011379839369473752,
8150,0.00011367441615518468,
8151,0.00011355057368281455,
8152,0.00011342686613051903,
8153,0.00011330329335130485,
8154,0.00011317985519828034,
8155,0.00011305655152481559,
8156,0.00011293338218439188,
8157,0.00011281034703071592,
8158,0.000112687445917557,
8159,0.00011256467869891727,
8160,0.00011244204522884898,
8161,0.00011231954536166064,
8162,0.00011219717895184338,
8163,0.0001120749458539758,
8164,0.00011195284592282905,
8165,0.00011183087901332417,
8166,0.00011170904498056346,
8167,0.0001115873436797839,
8168,0.00011146577496636572,
8169,0.00011134433869582964,
8170,0.00011122303472393442,
8171,0.00011110186290646404,
8172,0.00011098082309947672,
8173,0.00011085991515923576,
8174,0.00011073913894203092,
8175,0.00011061849430433222,
8176,0.00011049798110282231,
8177,0.00011037759919430961,
8178,0.00011025734843570169,
8179,0.00011013722868415188,
8180,0.00011001723979695649,
8181,0.00010989738163150325,
8182,0.00010977765404545037,
8183,0.00010965805689645712,
8184,0.00010953859004244475,
8185,0.0001094192533414587,
8186,0.00010930004665169408,
8187,0.00010918096983156198,
8188,0.00010906202273956199,
8189,0.00010894320523434012,
8190,0.00010882451717472633,
8191,0.00010870595841970892,
8192,0.00010858752882836464,
8193,0.00010846922825998236,
8194,0.0001083510565740664,
8195,0.00010823301363019592,
8196,0.00010811509928807661,
8197,0.00010799731340761933,
8198,0.00010787965584888528,
8199,0.00010776212647202727,
8200,0.00010764472513739969,
8201,0.0001075274517055533,
8202,0.00010741030603710492,
8203,0.0001072932879929278,
8204,0.00010717639743390696,
8205,0.00010705963422119834,
8206,0.0001069429982160091,
8207,0.00010682648927980493,
8208,0.00010671010727415373,
8209,0.00010659385206076236,
8210,0.00010647772350148556,
8211,0.00010636172145834827,
8212,0.00010624584579346965,
8213,0.00010613009636925742,
8214,0.00010601447304812727,
8215,0.00010589897569268963,
8216,0.00010578360416574685,
8217,0.0001056683583301561,
8218,0.00010555323804900496,
8219,0.00010543824318551661,
8220,0.00010532337360308915,
8221,0.0001052086291652346,
8222,0.00010509400973553986,
8223,0.00010497951517787647,
8224,0.00010486514535617899,
8225,0.00010475090013458285,
8226,0.00010463677937731387,
8227,0.00010452278294876589,
8228,0.00010440891071352974,
8229,0.00010429516253628691,
8230,0.00010418153828185686,
8231,0.00010406803781524823,
8232,0.00010395466100159226,
8233,0.0001038414077061944,
8234,0.00010372827779450082,
8235,0.00010361527113206437,
8236,0.00010350238758461513,
8237,0.00010338962701799611,
8238,0.00010327698929829952,
8239,0.00010316447429166236,
8240,0.00010305208186435547,
8241,0.00010293981188285521,
8242,0.00010282766421375696,
8243,0.00010271563872384565,
8244,0.0001026037352799678,
8245,0.00010249195374916236,
8246,0.00010238029399863808,
8247,0.00010226875589572124,
8248,0.00010215733930788313,
8249,0.00010204604410269414,
8250,0.00010193487014796646,
8251,0.00010182381731161501,
8252,0.00010171288546163898,
8253,0.00010160207446625675,
8254,0.00010149138419377287,
8255,0.00010138081451268211,
8256,0.00010127036529166799,
8257,0.00010116003639938181,
8258,0.00010104982770481224,
8259,0.00010093973907698171,
8260,0.00010082977038511476,
8261,0.000100719921498523,
8262,0.00010061019228666206,
8263,0.00010050058261916463,
8264,0.00010039109236583333,
8265,0.00010028172139654046,
8266,0.000100172469581382,
8267,0.00010006333679043714,
8268,9.995432289413356e-05,
8269,9.984542776284827e-05,
8270,9.973665126723088e-05,
8271,9.96279932780445e-05,
8272,9.951945366623286e-05,
8273,9.941103230278992e-05,
8274,9.930272905890021e-05,
8275,9.919454380589268e-05,
8276,9.908647641519414e-05,
8277,9.897852675836563e-05,
8278,9.88706947071414e-05,
8279,9.876298013346228e-05,
8280,9.865538290932709e-05,
8281,9.854790290687408e-05,
8282,9.844053999838383e-05,
8283,9.83332940562982e-05,
8284,9.82261649532082e-05,
8285,9.811915256174803e-05,
8286,9.801225675484544e-05,
8287,9.790547740546979e-05,
8288,9.77988143867711e-05,
8289,9.769226757196979e-05,
8290,9.758583683447145e-05,
8291,9.747952204783994e-05,
8292,9.737332308574248e-05,
8293,9.726723982200572e-05,
8294,9.716127213056365e-05,
8295,9.705541988552008e-05,
8296,9.69496829610845e-05,
8297,9.684406123160667e-05,
8298,9.673855457161685e-05,
8299,9.663316285577591e-05,
8300,9.652788595881252e-05,
8301,9.642272375565696e-05,
8302,9.631767612135222e-05,
8303,9.62127429310696e-05,
8304,9.610792406014266e-05,
8305,9.600321938401368e-05,
8306,9.589862877825364e-05,
8307,9.579415211861138e-05,
8308,9.568978928098222e-05,
8309,9.558554014138933e-05,
8310,9.548140457589295e-05,
8311,9.5377382460785e-05,
8312,9.527347367246495e-05,
8313,9.51696780874673e-05,
8314,9.506599558243389e-05,
8315,9.496242603421132e-05,
8316,9.485896931971415e-05,
8317,9.475562531598773e-05,
8318,9.465239390029609e-05,
8319,9.45492749499519e-05,
8320,9.444626834245889e-05,
8321,9.434337395541514e-05,
8322,9.42405916665359e-05,
8323,9.413792135372294e-05,
8324,9.403536289498913e-05,
8325,9.393291616842323e-05,
8326,9.383058105233239e-05,
8327,9.372835742513579e-05,
8328,9.362624516537279e-05,
8329,9.352424415173928e-05,
8330,9.342235426296934e-05,
8331,9.332057537803029e-05,
8332,9.321890737598022e-05,
8333,9.311735013601367e-05,
8334,9.301590353748279e-05,
8335,9.291456745985014e-05,
8336,9.281334178271423e-05,
8337,9.27122263857744e-05,
8338,9.261122114889175e-05,
8339,9.251032595204488e-05,
8340,9.240954067540822e-05,
8341,9.230886519920174e-05,
8342,9.220829940374231e-05,
8343,9.210784316959232e-05,
8344,9.200749637736655e-05,
8345,9.190725890784315e-05,
8346,9.180713064195626e-05,
8347,9.170711146067535e-05,
8348,9.160720124518609e-05,
8349,9.150739987679124e-05,
8350,9.140770723689114e-05,
8351,9.130812320702497e-05,
8352,9.120864766888868e-05,
8353,9.110928050424465e-05,
8354,9.101002159503536e-05,
8355,9.091087082338665e-05,
8356,9.081182807145733e-05,
8357,9.071289322150384e-05,
8358,9.061406615606685e-05,
8359,9.051534675763791e-05,
8360,9.041673490896717e-05,
8361,9.031823049283655e-05,
8362,9.021983339224889e-05,
8363,9.012154349028327e-05,
8364,9.002336067020315e-05,
8365,8.992528481525091e-05,
8366,8.982731580891895e-05,
8367,8.972945353481284e-05,
8368,8.963169787664647e-05,
8369,8.953404871830742e-05,
8370,8.943650594377074e-05,
8371,8.933906943708631e-05,
8372,8.924173908248608e-05,
8373,8.914451476435271e-05,
8374,8.904739636712496e-05,
8375,8.895038377541067e-05,
8376,8.88534768739565e-05,
8377,8.875667554765208e-05,
8378,8.865997968145025e-05,
8379,8.856338916042537e-05,
8380,8.846690386987144e-05,
8381,8.837052369512944e-05,
8382,8.827424852167332e-05,
8383,8.817807823507438e-05,
8384,8.808201272112053e-05,
8385,8.798605186561682e-05,
8386,8.789019555458091e-05,
8387,8.779444367409697e-05,
8388,8.769879611042684e-05,
8389,8.76032527498534e-05,
8390,8.750781347892237e-05,
8391,8.741247818419455e-05,
8392,8.731724675238785e-05,
8393,8.722211907035933e-05,
8394,8.712709502509061e-05,
8395,8.703217450366723e-05,
8396,8.69373573933083e-05,
8397,8.684264358134077e-05,
8398,8.67480329552464e-05,
8399,8.665352540262725e-05,
8400,8.655912081113353e-05,
8401,8.64648190685969e-05,
8402,8.637062006301406e-05,
8403,8.627652368249029e-05,
8404,8.618252981513253e-05,
8405,8.608863834927968e-05,
8406,8.599484917339424e-05,
8407,8.590116217601576e-05,
8408,8.580757724585568e-05,
8409,8.57140942716904e-05,
8410,8.562071314244916e-05,
8411,8.552743374722258e-05,
8412,8.543425597510515e-05,
8413,8.534117971534839e-05,
8414,8.524820485747476e-05,
8415,8.515533129097905e-05,
8416,8.506255890547153e-05,
8417,8.496988759076696e-05,
8418,8.487731723670611e-05,
8419,8.478484773335039e-05,
8420,8.469247897073346e-05,
8421,8.460021083919792e-05,
8422,8.450804322908219e-05,
8423,8.441597603086469e-05,
8424,8.432400913514556e-05,
8425,8.423214243268441e-05,
8426,8.414037581429351e-05,
8427,8.404870917094443e-05,
8428,8.395714239376079e-05,
8429,8.386567537388553e-05,
8430,8.377430800263737e-05,
8431,8.368304017146983e-05,
8432,8.359187177193747e-05,
8433,8.350080269575573e-05,
8434,8.34098328346607e-05,
8435,8.331896208061306e-05,
8436,8.322819032560812e-05,
8437,8.313751746179829e-05,
8438,8.304694338138637e-05,
8439,8.295646797686033e-05,
8440,8.286609114066698e-05,
8441,8.277581276542177e-05,
8442,8.268563274385612e-05,
8443,8.259555096885353e-05,
8444,8.250556733330025e-05,
8445,8.241568173034488e-05,
8446,8.232589405313581e-05,
8447,8.2236204195048e-05,
8448,8.214661204948706e-05,
8449,8.205711750997125e-05,
8450,8.196772047018958e-05,
8451,8.187842082390177e-05,
8452,8.178921846505071e-05,
8453,8.170011328759016e-05,
8454,8.161110518570197e-05,
8455,8.152219405358511e-05,
8456,8.143337978559114e-05,
8457,8.134466227622274e-05,
8458,8.12560414200334e-05,
8459,8.116751711175105e-05,
8460,8.107908924619698e-05,
8461,8.099075771822625e-05,
8462,8.090252242300773e-05,
8463,8.081438325563235e-05,
8464,8.072634011134507e-05,
8465,8.063839288560873e-05,
8466,8.055054147384258e-05,
8467,8.046278577171318e-05,
8468,8.037512567497226e-05,
8469,8.028756107939713e-05,
8470,8.020009188096473e-05,
8471,8.01127179758149e-05,
8472,8.002543926006394e-05,
8473,7.993825563001144e-05,
8474,7.985116698204029e-05,
8475,7.976417321273211e-05,
8476,7.967727421871318e-05,
8477,7.959046989669157e-05,
8478,7.950376014353559e-05,
8479,7.94171448562435e-05,
8480,7.933062393190937e-05,
8481,7.924419726767918e-05,
8482,7.915786476092224e-05,
8483,7.907162630902632e-05,
8484,7.898548180948627e-05,
8485,7.889943116003734e-05,
8486,7.881347425828873e-05,
8487,7.872761100219893e-05,
8488,7.864184128972615e-05,
8489,7.855616501900993e-05,
8490,7.847058208823625e-05,
8491,7.838509239567477e-05,
8492,7.829969583973508e-05,
8493,7.821439231901109e-05,
8494,7.812918173214108e-05,
8495,7.804406397781887e-05,
8496,7.795903895493211e-05,
8497,7.787410656248681e-05,
8498,7.778926669956748e-05,
8499,7.770451926534733e-05,
8500,7.761986415910768e-05,
8501,7.753530128027179e-05,
8502,7.745083052839401e-05,
8503,7.736645180310128e-05,
8504,7.728216500410537e-05,
8505,7.719797003129616e-05,
8506,7.711386678462364e-05,
8507,7.702985516414033e-05,
8508,7.694593507002858e-05,
8509,7.686210640249684e-05,
8510,7.67783690620755e-05,
8511,7.66947229492051e-05,
8512,7.661116796450091e-05,
8513,7.652770400869007e-05,
8514,7.64443309826171e-05,
8515,7.636104878715378e-05,
8516,7.627785732339481e-05,
8517,7.619475649248776e-05,
8518,7.611174619571548e-05,
8519,7.602882633441875e-05,
8520,7.594599681008388e-05,
8521,7.586325752429497e-05,
8522,7.578060837874897e-05,
8523,7.569804927520218e-05,
8524,7.561558011559151e-05,
8525,7.553320080195189e-05,
8526,7.545091123637095e-05,
8527,7.53687113210592e-05,
8528,7.528660095836582e-05,
8529,7.520458005069126e-05,
8530,7.512264850060211e-05,
8531,7.504080621073408e-05,
8532,7.495905308385792e-05,
8533,7.487738902285071e-05,
8534,7.479581393068157e-05,
8535,7.471432771038033e-05,
8536,7.463293026522308e-05,
8537,7.455162149843175e-05,
8538,7.447040131330116e-05,
8539,7.438926961345605e-05,
8540,7.430822630241881e-05,
8541,7.422727128396001e-05,
8542,7.41464044618407e-05,
8543,7.406562574003518e-05,
8544,7.398493502250417e-05,
8545,7.390433221340989e-05,
8546,7.382381721694331e-05,
8547,7.374338993744894e-05,
8548,7.366305027941602e-05,
8549,7.358279814733535e-05,
8550,7.350263344581364e-05,
8551,7.342255607965089e-05,
8552,7.334256595368209e-05,
8553,7.326266297287501e-05,
8554,7.318284704228934e-05,
8555,7.310311806711448e-05,
8556,7.302347595254448e-05,
8557,7.29439206039823e-05,
8558,7.286445192690962e-05,
8559,7.278506982691209e-05,
8560,7.270577420965167e-05,
8561,7.262656498091942e-05,
8562,7.254744204663296e-05,
8563,7.246840531272534e-05,
8564,7.238945468530942e-05,
8565,7.231059007057776e-05,
8566,7.22318113748055e-05,
8567,7.215311850442067e-05,
8568,7.207451136592075e-05,
8569,7.199598986586921e-05,
8570,7.191755391095704e-05,
8571,7.183920340802152e-05,
8572,7.17609382639484e-05,
8573,7.168275838577036e-05,
8574,7.160466368052676e-05,
8575,7.152665405554931e-05,
8576,7.144872941807054e-05,
8577,7.137088967549278e-05,
8578,7.129313473533663e-05,
8579,7.121546450520599e-05,
8580,7.113787889284788e-05,
8581,7.106037780603269e-05,
8582,7.098296115263866e-05,
8583,7.090562884077162e-05,
8584,7.082838077853848e-05,
8585,7.075121687411604e-05,
8586,7.067413703581822e-05,
8587,7.059714117205064e-05,
8588,7.052022919136364e-05,
8589,7.044340100235368e-05,
8590,7.036665651376152e-05,
8591,7.028999563433697e-05,
8592,7.021341827304932e-05,
8593,7.01369243388913e-05,
8594,7.006051374095108e-05,
8595,6.998418638846204e-05,
8596,6.99079421907121e-05,
8597,6.983178105713435e-05,
8598,6.975570289724587e-05,
8599,6.967970762061344e-05,
8600,6.960379513694188e-05,
8601,6.952796535607638e-05,
8602,6.945221818789229e-05,
8603,6.937655354237204e-05,
8604,6.93009713296256e-05,
8605,6.922547145974367e-05,
8606,6.915005384318077e-05,
8607,6.907471839028804e-05,
8608,6.899946501152995e-05,
8609,6.892429361748e-05,
8610,6.884920411879271e-05,
8611,6.877419642625886e-05,
8612,6.869927045080386e-05,
8613,6.862442610336445e-05,
8614,6.854966329504734e-05,
8615,6.847498193698579e-05,
8616,6.840038194041936e-05,
8617,6.832586321677099e-05,
8618,6.825142567745968e-05,
8619,6.817706923405853e-05,
8620,6.810279379821118e-05,
8621,6.80285992816276e-05,
8622,6.795448559617444e-05,
8623,6.788045265382148e-05,
8624,6.780650036655126e-05,
8625,6.773262864654875e-05,
8626,6.765883740600212e-05,
8627,6.758512655727938e-05,
8628,6.751149601275853e-05,
8629,6.743794568495008e-05,
8630,6.736447548643315e-05,
8631,6.72910853299371e-05,
8632,6.72177751283302e-05,
8633,6.714454479443648e-05,
8634,6.707139424122446e-05,
8635,6.699832338178729e-05,
8636,6.692533212934325e-05,
8637,6.68524203971456e-05,
8638,6.677958809855859e-05,
8639,6.670683514702099e-05,
8640,6.66341614561174e-05,
8641,6.656156693946689e-05,
8642,6.648905151083572e-05,
8643,6.641661508410292e-05,
8644,6.634425757317042e-05,
8645,6.627197889206944e-05,
8646,6.619977895487966e-05,
8647,6.612765767579902e-05,
8648,6.605561496919202e-05,
8649,6.598365074942979e-05,
8650,6.591176493101816e-05,
8651,6.583995742852041e-05,
8652,6.576822815662494e-05,
8653,6.569657703013226e-05,
8654,6.562500396388129e-05,
8655,6.555350887285878e-05,
8656,6.548209167203899e-05,
8657,6.541075227661538e-05,
8658,6.53394906018495e-05,
8659,6.526830656304585e-05,
8660,6.51972000756321e-05,
8661,6.512617105507001e-05,
8662,6.505521941696942e-05,
8663,6.498434507705853e-05,
8664,6.491354795115489e-05,
8665,6.484282795514223e-05,
8666,6.477218500489503e-05,
8667,6.470161901655113e-05,
8668,6.463112990623003e-05,
8669,6.456071759019242e-05,
8670,6.449038198481229e-05,
8671,6.442012300649256e-05,
8672,6.434994057171841e-05,
8673,6.427983459713199e-05,
8674,6.420980499944102e-05,
8675,6.413985169538687e-05,
8676,6.406997460188667e-05,
8677,6.400017363588452e-05,
8678,6.393044871450637e-05,
8679,6.386079975487207e-05,
8680,6.37912266741734e-05,
8681,6.3721729389859e-05,
8682,6.365230781927345e-05,
8683,6.358296187993428e-05,
8684,6.351369148946535e-05,
8685,6.344449656551594e-05,
8686,6.337537702590734e-05,
8687,6.330633278855029e-05,
8688,6.323736377132509e-05,
8689,6.316846989240622e-05,
8690,6.309965106977981e-05,
8691,6.303090722173808e-05,
8692,6.29622382666486e-05,
8693,6.289364412287396e-05,
8694,6.282512470890601e-05,
8695,6.275667994335778e-05,
8696,6.268830974489315e-05,
8697,6.26200140322408e-05,
8698,6.255179272428109e-05,
8699,6.248364573999936e-05,
8700,6.241557299835734e-05,
8701,6.234757441845734e-05,
8702,6.227964991954921e-05,
8703,6.221179942088312e-05,
8704,6.214402284189818e-05,
8705,6.207632010204628e-05,
8706,6.200869112088927e-05,
8707,6.194113581806573e-05,
8708,6.187365411328494e-05,
8709,6.180624592637895e-05,
8710,6.173891117720557e-05,
8711,6.167164978580834e-05,
8712,6.160446167227238e-05,
8713,6.153734675676511e-05,
8714,6.147030495950446e-05,
8715,6.140333620086665e-05,
8716,6.133644040128217e-05,
8717,6.126961748126162e-05,
8718,6.120286736136347e-05,
8719,6.11361899623678e-05,
8720,6.106958520494206e-05,
8721,6.100305300999098e-05,
8722,6.093659329847691e-05,
8723,6.087020599141786e-05,
8724,6.080389100996496e-05,
8725,6.073764827529105e-05,
8726,6.067147770870783e-05,
8727,6.060537923157517e-05,
8728,6.053935276539337e-05,
8729,6.0473398231674133e-05,
8730,6.040751555202313e-05,
8731,6.034170464822128e-05,
8732,6.027596544200496e-05,
8733,6.0210297855288354e-05,
8734,6.0144701810083774e-05,
8735,6.007917722838875e-05,
8736,6.0013724032428985e-05,
8737,5.994834214437912e-05,
8738,5.9883031486532405e-05,
8739,5.981779198133504e-05,
8740,5.9752623551202575e-05,
8741,5.968752611874945e-05,
8742,5.9622499606638645e-05,
8743,5.9557543937612426e-05,
8744,5.949265903448754e-05,
8745,5.9427844820153963e-05,
8746,5.936310121758004e-05,
8747,5.9298428149848095e-05,
8748,5.923382554011812e-05,
8749,5.9169293311636225e-05,
8750,5.910483138771642e-05,
8751,5.9040439691771135e-05,
8752,5.8976118147271154e-05,
8753,5.891186667783611e-05,
8754,5.8847685207120116e-05,
8755,5.878357365880168e-05,
8756,5.871953195672984e-05,
8757,5.8655560024827856e-05,
8758,5.859165778707241e-05,
8759,5.8527825167548146e-05,
8760,5.8464062090394134e-05,
8761,5.8400368479867404e-05,
8762,5.833674426029434e-05,
8763,5.827318935602687e-05,
8764,5.8209703691582595e-05,
8765,5.814628719156718e-05,
8766,5.808293978060198e-05,
8767,5.8019661383389504e-05,
8768,5.7956451924766346e-05,
8769,5.789331132959784e-05,
8770,5.783023952289777e-05,
8771,5.776723642971138e-05,
8772,5.770430197516737e-05,
8773,5.764143608451622e-05,
8774,5.757863868305769e-05,
8775,5.751590969611749e-05,
8776,5.74532490491909e-05,
8777,5.7390656667833e-05,
8778,5.7328132477687536e-05,
8779,5.726567640451357e-05,
8780,5.7203288374018845e-05,
8781,5.714096831211371e-05,
8782,5.7078716144773973e-05,
8783,5.7016531797958965e-05,
8784,5.6954415197835135e-05,
8785,5.689236627055972e-05,
8786,5.68303849424187e-05,
8787,5.676847113973448e-05,
8788,5.6706624788953886e-05,
8789,5.664484581667383e-05,
8790,5.658313414940986e-05,
8791,5.652148971386078e-05,
8792,5.645991243673998e-05,
8793,5.6398402244940106e-05,
8794,5.6336959065351676e-05,
8795,5.6275582824950864e-05,
8796,5.621427345091134e-05,
8797,5.615303087028147e-05,
8798,5.609185501033447e-05,
8799,5.6030745798351757e-05,
8800,5.596970316171828e-05,
8801,5.590872702790339e-05,
8802,5.584781732447623e-05,
8803,5.5786973979074825e-05,
8804,5.5726196919368386e-05,
8805,5.566548607316021e-05,
8806,5.560484136833409e-05,
8807,5.554426273281341e-05,
8808,5.548375009461503e-05,
8809,5.542330338184909e-05,
8810,5.536292252273331e-05,
8811,5.5302607445402586e-05,
8812,5.524235807830286e-05,
8813,5.5182174349809005e-05,
8814,5.512205618842009e-05,
8815,5.50620035226816e-05,
8816,5.500201628130029e-05,
8817,5.494209439290945e-05,
8818,5.488223778635593e-05,
8819,5.482244639053966e-05,
8820,5.476272013440878e-05,
8821,5.470305894694827e-05,
8822,5.46434627573492e-05,
8823,5.458393149476908e-05,
8824,5.452446508844073e-05,
8825,5.4465063467698275e-05,
8826,5.440572656204061e-05,
8827,5.43464543008873e-05,
8828,5.4287246613809334e-05,
8829,5.422810343048751e-05,
8830,5.4169024680628976e-05,
8831,5.4110010294045884e-05,
8832,5.4051060200691716e-05,
8833,5.3992174330445385e-05,
8834,5.3933352613314924e-05,
8835,5.3874594979465916e-05,
8836,5.381590135902908e-05,
8837,5.375727168230977e-05,
8838,5.369870587962607e-05,
8839,5.364020388138033e-05,
8840,5.358176561807991e-05,
8841,5.352339102029695e-05,
8842,5.346508001864089e-05,
8843,5.340683254383035e-05,
8844,5.3348648526703664e-05,
8845,5.3290527898127894e-05,
8846,5.323247058899128e-05,
8847,5.317447653034207e-05,
8848,5.311654565319315e-05,
8849,5.305867788877522e-05,
8850,5.300087316833888e-05,
8851,5.29431314232358e-05,
8852,5.288545258478978e-05,
8853,5.282783658451348e-05,
8854,5.2770283353888934e-05,
8855,5.2712792824616904e-05,
8856,5.265536492830636e-05,
8857,5.2597999596794665e-05,
8858,5.254069676191352e-05,
8859,5.248345635547534e-05,
8860,5.2426278309545774e-05,
8861,5.236916255619606e-05,
8862,5.231210902751234e-05,
8863,5.22551176557345e-05,
8864,5.219818837315024e-05,
8865,5.214132111213083e-05,
8866,5.208451580507984e-05,
8867,5.202777238451003e-05,
8868,5.197109078298995e-05,
8869,5.1914470933204154e-05,
8870,5.1857912767838e-05,
8871,5.1801416219681714e-05,
8872,5.174498122168684e-05,
8873,5.1688607706693985e-05,
8874,5.163229560780668e-05,
8875,5.157604485806673e-05,
8876,5.1519855390619243e-05,
8877,5.146372713875938e-05,
8878,5.1407660035765e-05,
8879,5.135165401498592e-05,
8880,5.129570900988086e-05,
8881,5.1239824954047126e-05,
8882,5.1184001781014074e-05,
8883,5.112823942451982e-05,
8884,5.1072537818245425e-05,
8885,5.1016896895988706e-05,
8886,5.096131659171205e-05,
8887,5.0905796839361674e-05,
8888,5.085033757295091e-05,
8889,5.0794938726567706e-05,
8890,5.073960023440235e-05,
8891,5.068432203067704e-05,
8892,5.062910404970762e-05,
8893,5.05739462259338e-05,
8894,5.051884849379697e-05,
8895,5.046381078787131e-05,
8896,5.0408833042675256e-05,
8897,5.03539151929175e-05,
8898,5.029905717335479e-05,
8899,5.024425891880779e-05,
8900,5.018952036415318e-05,
8901,5.0134841444386836e-05,
8902,5.0080222094506667e-05,
8903,5.002566224962271e-05,
8904,4.997116184484546e-05,
8905,4.9916720815520215e-05,
8906,4.986233909692596e-05,
8907,4.9808016624401123e-05,
8908,4.975375333348399e-05,
8909,4.969954915961852e-05,
8910,4.964540403846001e-05,
8911,4.9591317905648956e-05,
8912,4.953729069691954e-05,
8913,4.948332234806228e-05,
8914,4.942941279497237e-05,
8915,4.937556197357921e-05,
8916,4.932176981989161e-05,
8917,4.926803626998158e-05,
8918,4.921436126005125e-05,
8919,4.916074472633779e-05,
8920,4.910718660508337e-05,
8921,4.9053686832699526e-05,
8922,4.900024534559073e-05,
8923,4.894686208019771e-05,
8924,4.889353697317448e-05,
8925,4.884026996110945e-05,
8926,4.878706098077713e-05,
8927,4.873390996890162e-05,
8928,4.868081686228968e-05,
8929,4.862778159794962e-05,
8930,4.857480411286033e-05,
8931,4.852188434397093e-05,
8932,4.846902222845426e-05,
8933,4.84162177035301e-05,
8934,4.8363470706423144e-05,
8935,4.831078117451178e-05,
8936,4.825814904514471e-05,
8937,4.820557425579807e-05,
8938,4.815305674402327e-05,
8939,4.810059644737362e-05,
8940,4.804819330353828e-05,
8941,4.7995847250292063e-05,
8942,4.79435582253567e-05,
8943,4.789132616668136e-05,
8944,4.783915101214991e-05,
8945,4.778703269973757e-05,
8946,4.77349711675762e-05,
8947,4.768296635382527e-05,
8948,4.763101819666521e-05,
8949,4.757912663430815e-05,
8950,4.752729160518899e-05,
8951,4.7475513047704217e-05,
8952,4.7423790900327065e-05,
8953,4.7372125101605554e-05,
8954,4.732051559013003e-05,
8955,4.726896230456615e-05,
8956,4.721746518366462e-05,
8957,4.716602416627277e-05,
8958,4.711463919120264e-05,
8959,4.706331019744399e-05,
8960,4.7012037123973414e-05,
8961,4.696081990991983e-05,
8962,4.69096584944098e-05,
8963,4.685855281665737e-05,
8964,4.680750281594152e-05,
8965,4.6756508431561756e-05,
8966,4.670556960299449e-05,
8967,4.665468626969939e-05,
8968,4.660385837115902e-05,
8969,4.655308584702885e-05,
8970,4.650236863696308e-05,
8971,4.6451706680718696e-05,
8972,4.6401099918109036e-05,
8973,4.6350548288978884e-05,
8974,4.630005173327507e-05,
8975,4.624961019098721e-05,
8976,4.619922360213171e-05,
8977,4.614889190691899e-05,
8978,4.609861504551344e-05,
8979,4.6048392958190486e-05,
8980,4.5998225585262285e-05,
8981,4.594811286713699e-05,
8982,4.5898054744301784e-05,
8983,4.5848051157231336e-05,
8984,4.579810204647249e-05,
8985,4.574820735274702e-05,
8986,4.5698367016782276e-05,
8987,4.5648580979266155e-05,
8988,4.5598849181088084e-05,
8989,4.554917156318801e-05,
8990,4.549954806650507e-05,
8991,4.5449978632055335e-05,
8992,4.5400463201011725e-05,
8993,4.535100171450981e-05,
8994,4.530159411378494e-05,
8995,4.525224034005629e-05,
8996,4.520294033479008e-05,
8997,4.515369403939299e-05,
8998,4.510450139526716e-05,
8999,4.505536234400527e-05,
9000,4.5006276827279506e-05,
9001,4.495724478667784e-05,
9002,4.4908266163941335e-05,
9003,4.485934090093834e-05,
9004,4.4810468939535965e-05,
9005,4.476165022163317e-05,
9006,4.471288468922766e-05,
9007,4.46641722843954e-05,
9008,4.461551294924466e-05,
9009,4.4566906625930404e-05,
9010,4.451835325669904e-05,
9011,4.4469852783921737e-05,
9012,4.442140514991764e-05,
9013,4.437301029717567e-05,
9014,4.4324668168127114e-05,
9015,4.4276378705366634e-05,
9016,4.422814185151247e-05,
9017,4.417995754926629e-05,
9018,4.413182574135506e-05,
9019,4.4083746370595e-05,
9020,4.4035719379834776e-05,
9021,4.398774471199176e-05,
9022,4.3939822310115576e-05,
9023,4.3891952117299136e-05,
9024,4.38441340765843e-05,
9025,4.379636813117395e-05,
9026,4.374865422433728e-05,
9027,4.370099229934529e-05,
9028,4.365338229956511e-05,
9029,4.360582416847496e-05,
9030,4.3558317849519246e-05,
9031,4.351086328629793e-05,
9032,4.346346042239627e-05,
9033,4.341610920147284e-05,
9034,4.336880956730595e-05,
9035,4.3321561463672166e-05,
9036,4.327436483443222e-05,
9037,4.32272196235103e-05,
9038,4.3180125774896076e-05,
9039,4.3133083232637635e-05,
9040,4.308609194081784e-05,
9041,4.303915184358873e-05,
9042,4.29922628852175e-05,
9043,4.294542500997695e-05,
9044,4.28986381622133e-05,
9045,4.285190228630277e-05,
9046,4.280521732675767e-05,
9047,4.2758583228062104e-05,
9048,4.2711999934852555e-05,
9049,4.266546739174259e-05,
9050,4.2618985543490585e-05,
9051,4.2572554334851627e-05,
9052,4.2526173710655526e-05,
9053,4.247984361578955e-05,
9054,4.24335639952061e-05,
9055,4.238733479390394e-05,
9056,4.234115595689674e-05,
9057,4.229502742940803e-05,
9058,4.224894915659274e-05,
9059,4.220292108371052e-05,
9060,4.215694315607971e-05,
9061,4.21110153190181e-05,
9062,4.206513751802899e-05,
9063,4.2019309698535357e-05,
9064,4.1973531806135085e-05,
9065,4.192780378637915e-05,
9066,4.1882125584956764e-05,
9067,4.1836497147613594e-05,
9068,4.179091842013801e-05,
9069,4.174538934835804e-05,
9070,4.1699909878184415e-05,
9071,4.1654479955564954e-05,
9072,4.160909952653473e-05,
9073,4.1563768537177036e-05,
9074,4.1518486933577435e-05,
9075,4.147325466199199e-05,
9076,4.1428071668675196e-05,
9077,4.1382937899922695e-05,
9078,4.133785330207662e-05,
9079,4.1292817821613867e-05,
9080,4.12478314050399e-05,
9081,4.120289399882439e-05,
9082,4.115800554963517e-05,
9083,4.111316600407714e-05,
9084,4.1068375308932824e-05,
9085,4.102363341097772e-05,
9086,4.097894025703656e-05,
9087,4.0934295794022724e-05,
9088,4.088969996888811e-05,
9089,4.0845152728642436e-05,
9090,4.080065402025787e-05,
9091,4.075620379095214e-05,
9092,4.0711801987914735e-05,
9093,4.0667448558360596e-05,
9094,4.0623143449637064e-05,
9095,4.057888660907935e-05,
9096,4.0534677984067225e-05,
9097,4.0490517522138994e-05,
9098,4.044640517076197e-05,
9099,4.040234087753984e-05,
9100,4.035832459009808e-05,
9101,4.03143562561054e-05,
9102,4.027043582344642e-05,
9103,4.02265632398083e-05,
9104,4.018273845309529e-05,
9105,4.013896141126807e-05,
9106,4.009523206228057e-05,
9107,4.0051550354180225e-05,
9108,4.000791623509015e-05,
9109,3.996432965314396e-05,
9110,3.9920790556524e-05,
9111,3.987729889357169e-05,
9112,3.983385461256646e-05,
9113,3.9790457661877475e-05,
9114,3.9747107989930506e-05,
9115,3.9703805545284464e-05,
9116,3.966055027643066e-05,
9117,3.961734213196156e-05,
9118,3.957418106052116e-05,
9119,3.953106701089103e-05,
9120,3.948799993180362e-05,
9121,3.944497977209828e-05,
9122,3.940200648065468e-05,
9123,3.935908000644865e-05,
9124,3.9316200298465145e-05,
9125,3.92733673057324e-05,
9126,3.9230580977369785e-05,
9127,3.9187841262530716e-05,
9128,3.914514811044362e-05,
9129,3.9102501470316985e-05,
9130,3.905990129153291e-05,
9131,3.90173475234038e-05,
9132,3.897484011545435e-05,
9133,3.893237901720018e-05,
9134,3.88899641781612e-05,
9135,3.8847595547949635e-05,
9136,3.8805273076140204e-05,
9137,3.876299671249195e-05,
9138,3.872076640679604e-05,
9139,3.8678582108922416e-05,
9140,3.8636443768621555e-05,
9141,3.8594351335843045e-05,
9142,3.855230476067185e-05,
9143,3.851030399314455e-05,
9144,3.846834898323097e-05,
9145,3.842643968118752e-05,
9146,3.838457603724836e-05,
9147,3.834275800157044e-05,
9148,3.830098552453059e-05,
9149,3.825925855645098e-05,
9150,3.821757704777337e-05,
9151,3.817594094895566e-05,
9152,3.813435021054951e-05,
9153,3.809280478311711e-05,
9154,3.8051304617311856e-05,
9155,3.800984966380817e-05,
9156,3.796843987338768e-05,
9157,3.792707519682736e-05,
9158,3.7885755584966075e-05,
9159,3.784448098869717e-05,
9160,3.7803251358983334e-05,
9161,3.7762066646867626e-05,
9162,3.772092680336396e-05,
9163,3.7679831779662436e-05,
9164,3.763878152689812e-05,
9165,3.759777599625951e-05,
9166,3.755681513903596e-05,
9167,3.751589890658048e-05,
9168,3.747502725030631e-05,
9169,3.743420012158768e-05,
9170,3.7393417471963384e-05,
9171,3.7352679252923416e-05,
9172,3.73119854160745e-05,
9173,3.727133591310496e-05,
9174,3.7230730695711295e-05,
9175,3.719016971559051e-05,
9176,3.7149652924589774e-05,
9177,3.7109180274558526e-05,
9178,3.7068751717430075e-05,
9179,3.702836720515161e-05,
9180,3.698802668976648e-05,
9181,3.694773012329543e-05,
9182,3.690747745784915e-05,
9183,3.686726864564719e-05,
9184,3.682710363889198e-05,
9185,3.678698238985565e-05,
9186,3.674690485084386e-05,
9187,3.6706870974273854e-05,
9188,3.66668807126212e-05,
9189,3.662693401828261e-05,
9190,3.658703084385642e-05,
9191,3.654717114190337e-05,
9192,3.650735486503753e-05,
9193,3.6467581965977906e-05,
9194,3.642785239746444e-05,
9195,3.638816611232481e-05,
9196,3.634852306330246e-05,
9197,3.630892320334341e-05,
9198,3.6269366485415645e-05,
9199,3.62298528625367e-05,
9200,3.6190382287770244e-05,
9201,3.615095471416113e-05,
9202,3.6111570094868096e-05,
9203,3.607222838310002e-05,
9204,3.603292953210745e-05,
9205,3.599367349523154e-05,
9206,3.5954460225796744e-05,
9207,3.591528967722648e-05,
9208,3.587616180293217e-05,
9209,3.5837076556458936e-05,
9210,3.57980338913822e-05,
9211,3.575903376128378e-05,
9212,3.572007611983349e-05,
9213,3.5681160920764364e-05,
9214,3.564228811780159e-05,
9215,3.560345766479744e-05,
9216,3.556466951559655e-05,
9217,3.552592362406594e-05,
9218,3.548721994421468e-05,
9219,3.544855843003846e-05,
9220,3.5409939035631947e-05,
9221,3.537136171510393e-05,
9222,3.533282642260183e-05,
9223,3.529433311229791e-05,
9224,3.525588173850661e-05,
9225,3.5217472255515596e-05,
9226,3.517910461771052e-05,
9227,3.5140778779471865e-05,
9228,3.510249469527728e-05,
9229,3.506425231963296e-05,
9230,3.5026051607122296e-05,
9231,3.498789251233183e-05,
9232,3.494977498994315e-05,
9233,3.491169899462483e-05,
9234,3.48736644811398e-05,
9235,3.483567140430382e-05,
9236,3.4797719719012475e-05,
9237,3.475980938015325e-05,
9238,3.4721940342680304e-05,
9239,3.4684112561594636e-05,
9240,3.464632599193e-05,
9241,3.460858058880162e-05,
9242,3.457087630733567e-05,
9243,3.453321310278257e-05,
9244,3.449559093039794e-05,
9245,3.445800974540496e-05,
9246,3.442046950315055e-05,
9247,3.4382970159152365e-05,
9248,3.434551166874595e-05,
9249,3.43080939874348e-05,
9250,3.427071707081658e-05,
9251,3.4233380874400916e-05,
9252,3.419608535392309e-05,
9253,3.415883046500213e-05,
9254,3.412161616338552e-05,
9255,3.408444240481851e-05,
9256,3.404730914512392e-05,
9257,3.4010216340288004e-05,
9258,3.397316394615165e-05,
9259,3.3936151918687145e-05,
9260,3.38991802139504e-05,
9261,3.386224878800924e-05,
9262,3.38253575970054e-05,
9263,3.378850659704619e-05,
9264,3.375169574432119e-05,
9265,3.371492499516506e-05,
9266,3.3678194305872504e-05,
9267,3.364150363277326e-05,
9268,3.360485293231178e-05,
9269,3.356824216093195e-05,
9270,3.3531671275121766e-05,
9271,3.349514023138403e-05,
9272,3.345864898633716e-05,
9273,3.342219749665747e-05,
9274,3.3385785719030874e-05,
9275,3.334941361019186e-05,
9276,3.3313081126917566e-05,
9277,3.3276788226005683e-05,
9278,3.324053486439463e-05,
9279,3.320432099889631e-05,
9280,3.316814658656752e-05,
9281,3.313201158443719e-05,
9282,3.309591594952077e-05,
9283,3.3059859638973046e-05,
9284,3.302384260993178e-05,
9285,3.2987864819616745e-05,
9286,3.295192622529856e-05,
9287,3.2916026784213724e-05,
9288,3.288016645371299e-05,
9289,3.284434519120752e-05,
9290,3.280856295412631e-05,
9291,3.277281970000264e-05,
9292,3.2737115386363436e-05,
9293,3.270144997072665e-05,
9294,3.2665823410698125e-05,
9295,3.26302356640064e-05,
9296,3.2594686688408847e-05,
9297,3.255917644158599e-05,
9298,3.252370488129897e-05,
9299,3.248827196546695e-05,
9300,3.245287765201764e-05,
9301,3.241752189885589e-05,
9302,3.23822046639719e-05,
9303,3.234692590542543e-05,
9304,3.2311685581292606e-05,
9305,3.227648364972091e-05,
9306,3.2241320068825995e-05,
9307,3.220619479683676e-05,
9308,3.217110779206523e-05,
9309,3.213605901279042e-05,
9310,3.2101048417386247e-05,
9311,3.206607596415876e-05,
9312,3.203114161165228e-05,
9313,3.199624531837445e-05,
9314,3.196138704284803e-05,
9315,3.192656674360997e-05,
9316,3.189178437934443e-05,
9317,3.1857039908661564e-05,
9318,3.1822333290300247e-05,
9319,3.1787664483007726e-05,
9320,3.175303344563026e-05,
9321,3.171844013702887e-05,
9322,3.1683884516058624e-05,
9323,3.1649366541683305e-05,
9324,3.1614886172843405e-05,
9325,3.158044336860717e-05,
9326,3.154603808804363e-05,
9327,3.1511670290334e-05,
9328,3.147733993455861e-05,
9329,3.1443046979966857e-05,
9330,3.140879138577807e-05,
9331,3.137457311129679e-05,
9332,3.1340392115882774e-05,
9333,3.1306248358944414e-05,
9334,3.127214179985399e-05,
9335,3.123807239813845e-05,
9336,3.1204040113312264e-05,
9337,3.117004490489147e-05,
9338,3.113608673252449e-05,
9339,3.110216555582226e-05,
9340,3.1068281334533416e-05,
9341,3.1034434028339725e-05,
9342,3.1000623597099897e-05,
9343,3.0966850000614587e-05,
9344,3.093311319872377e-05,
9345,3.089941315135824e-05,
9346,3.086574981844142e-05,
9347,3.083212316000999e-05,
9348,3.079853313615569e-05,
9349,3.076497970686755e-05,
9350,3.0731462832343456e-05,
9351,3.069798247271366e-05,
9352,3.066453858825996e-05,
9353,3.063113113921507e-05,
9354,3.05977600858553e-05,
9355,3.056442538856718e-05,
9356,3.0531127007753425e-05,
9357,3.0497864903799465e-05,
9358,3.0464639037194226e-05,
9359,3.0431449368465704e-05,
9360,3.0398295858236157e-05,
9361,3.036517846702451e-05,
9362,3.0332097155526913e-05,
9363,3.0299051884454692e-05,
9364,3.0266042614497012e-05,
9365,3.023306930642189e-05,
9366,3.0200131921096577e-05,
9367,3.016723041936075e-05,
9368,3.0134364762150656e-05,
9369,3.0101534910412712e-05,
9370,3.006874082514041e-05,
9371,3.00359824673197e-05,
9372,3.0003259798044288e-05,
9373,2.9970572778452458e-05,
9374,2.993792136971481e-05,
9375,2.990530553302109e-05,
9376,2.9872725229598426e-05,
9377,2.98401804207718e-05,
9378,2.9807671067872872e-05,
9379,2.9775197132245283e-05,
9380,2.9742758575317833e-05,
9381,2.9710355358506766e-05,
9382,2.9677987443351614e-05,
9383,2.9645654791412675e-05,
9384,2.9613357364245186e-05,
9385,2.958109512345415e-05,
9386,2.954886803073112e-05,
9387,2.9516676047763255e-05,
9388,2.9484519136331864e-05,
9389,2.9452397258196887e-05,
9390,2.942031037522385e-05,
9391,2.9388258449298947e-05,
9392,2.935624144231839e-05,
9393,2.9324259316194395e-05,
9394,2.9292312032974386e-05,
9395,2.926039955469783e-05,
9396,2.9228521843385204e-05,
9397,2.919667886124792e-05,
9398,2.9164870570364974e-05,
9399,2.9133096933043586e-05,
9400,2.9101357911485766e-05,
9401,2.9069653467961843e-05,
9402,2.9037983564788825e-05,
9403,2.9006348164420698e-05,
9404,2.8974747229180774e-05,
9405,2.8943180721520926e-05,
9406,2.8911648603972788e-05,
9407,2.8880150839039614e-05,
9408,2.884868738934573e-05,
9409,2.8817258217464902e-05,
9410,2.878586328603027e-05,
9411,2.8754502557782525e-05,
9412,2.8723175995486823e-05,
9413,2.869188356186272e-05,
9414,2.8660625219737006e-05,
9415,2.8629400932017732e-05,
9416,2.8598210661580614e-05,
9417,2.8567054371335653e-05,
9418,2.8535932024240795e-05,
9419,2.85048435833806e-05,
9420,2.8473789011754972e-05,
9421,2.8442768272523022e-05,
9422,2.84117813287911e-05,
9423,2.838082814371387e-05,
9424,2.8349908680558128e-05,
9425,2.8319022902606153e-05,
9426,2.8288170773122088e-05,
9427,2.8257352255450636e-05,
9428,2.8226567313003704e-05,
9429,2.8195815909135766e-05,
9430,2.8165098007386206e-05,
9431,2.8134413571250812e-05,
9432,2.810376256421719e-05,
9433,2.807314494985618e-05,
9434,2.80425606918603e-05,
9435,2.8012009753815555e-05,
9436,2.7981492099484366e-05,
9437,2.795100769253759e-05,
9438,2.7920556496816934e-05,
9439,2.789013847611593e-05,
9440,2.7859753594315465e-05,
9441,2.782940181531624e-05,
9442,2.7799083103028757e-05,
9443,2.7768797421408577e-05,
9444,2.7738544734528763e-05,
9445,2.7708325006367084e-05,
9446,2.7678138201070117e-05,
9447,2.7647984282721573e-05,
9448,2.7617863215554084e-05,
9449,2.7587774963779853e-05,
9450,2.7557719491574853e-05,
9451,2.752769676323505e-05,
9452,2.7497706743184068e-05,
9453,2.746774939571875e-05,
9454,2.743782468527323e-05,
9455,2.74079325762522e-05,
9456,2.737807303312566e-05,
9457,2.7348246020490716e-05,
9458,2.7318451502837544e-05,
9459,2.7288689444832835e-05,
9460,2.7258959811055882e-05,
9461,2.722926256621728e-05,
9462,2.7199597674970718e-05,
9463,2.7169965102085444e-05,
9464,2.7140364812382608e-05,
9465,2.711079677075106e-05,
9466,2.7081260941945684e-05,
9467,2.705175729094461e-05,
9468,2.702228578264068e-05,
9469,2.6992846382022704e-05,
9470,2.6963439054135888e-05,
9471,2.6934063764019912e-05,
9472,2.6904720476804128e-05,
9473,2.6875409157577152e-05,
9474,2.6846129771553235e-05,
9475,2.6816882283932682e-05,
9476,2.678766665999589e-05,
9477,2.6758482864961557e-05,
9478,2.6729330864205077e-05,
9479,2.6700210623037527e-05,
9480,2.6671122106893318e-05,
9481,2.6642065281208113e-05,
9482,2.661304011147697e-05,
9483,2.658404656313976e-05,
9484,2.6555084601805713e-05,
9485,2.6526154193054788e-05,
9486,2.649725530247391e-05,
9487,2.646838789576071e-05,
9488,2.6439551938641674e-05,
9489,2.6410747396845757e-05,
9490,2.638197423610589e-05,
9491,2.6353232422228463e-05,
9492,2.632452192113074e-05,
9493,2.6295842698635483e-05,
9494,2.626719472066644e-05,
9495,2.623857795322433e-05,
9496,2.6209992362308114e-05,
9497,2.6181437913955487e-05,
9498,2.615291457423801e-05,
9499,2.6124422309201602e-05,
9500,2.6095961085029584e-05,
9501,2.6067530867904862e-05,
9502,2.6039131624025497e-05,
9503,2.601076331969032e-05,
9504,2.598242592117811e-05,
9505,2.5954119394842038e-05,
9506,2.5925843706981124e-05,
9507,2.5897598824028893e-05,
9508,2.5869384712445734e-05,
9509,2.5841201338721254e-05,
9510,2.5813048669344096e-05,
9511,2.5784926670803466e-05,
9512,2.5756835309793555e-05,
9513,2.5728774552879095e-05,
9514,2.570074436670314e-05,
9515,2.5672744717977367e-05,
9516,2.5644775573467903e-05,
9517,2.5616836899900272e-05,
9518,2.558892866404426e-05,
9519,2.5561050832837303e-05,
9520,2.553320337311437e-05,
9521,2.5505386251777975e-05,
9522,2.5477599435802177e-05,
9523,2.544984289212779e-05,
9524,2.542211658775185e-05,
9525,2.539442048976962e-05,
9526,2.536675456527229e-05,
9527,2.5339118781391152e-05,
9528,2.5311513105285272e-05,
9529,2.5283937504176258e-05,
9530,2.5256391945289826e-05,
9531,2.522887639588993e-05,
9532,2.5201390823236788e-05,
9533,2.5173935194750847e-05,
9534,2.5146509477742857e-05,
9535,2.51191136396162e-05,
9536,2.509174764785603e-05,
9537,2.5064411469994496e-05,
9538,2.5037105073500117e-05,
9539,2.5009828425932898e-05,
9540,2.498258149485934e-05,
9541,2.4955364247890724e-05,
9542,2.4928176652765494e-05,
9543,2.4901018677167696e-05,
9544,2.4873890288773957e-05,
9545,2.4846791455321164e-05,
9546,2.4819722144715886e-05,
9547,2.479268232473909e-05,
9548,2.4765671963281375e-05,
9549,2.473869102817048e-05,
9550,2.4711739487442652e-05,
9551,2.4684817309082517e-05,
9552,2.4657924461025673e-05,
9553,2.4631060911340172e-05,
9554,2.4604226628145155e-05,
9555,2.4577421579550134e-05,
9556,2.455064573366625e-05,
9557,2.4523899058658788e-05,
9558,2.4497181522822133e-05,
9559,2.4470493094385962e-05,
9560,2.4443833741592485e-05,
9561,2.4417203432850996e-05,
9562,2.4390602136475316e-05,
9563,2.4364029820836568e-05,
9564,2.4337486454359475e-05,
9565,2.4310972005542545e-05,
9566,2.428448644285523e-05,
9567,2.4258029734843664e-05,
9568,2.4231601850046924e-05,
9569,2.42052027570968e-05,
9570,2.4178832424638762e-05,
9571,2.4152490821313916e-05,
9572,2.4126177915808506e-05,
9573,2.4099893676847674e-05,
9574,2.407363807326192e-05,
9575,2.4047411073765866e-05,
9576,2.402121264726777e-05,
9577,2.3995042762593332e-05,
9578,2.3968901388696412e-05,
9579,2.394278849448934e-05,
9580,2.3916704048966634e-05,
9581,2.3890648021092224e-05,
9582,2.3864620379911712e-05,
9583,2.383862109455317e-05,
9584,2.3812650134097804e-05,
9585,2.3786707467634096e-05,
9586,2.3760793064371796e-05,
9587,2.3734906893488627e-05,
9588,2.3709048924350644e-05,
9589,2.3683219126161193e-05,
9590,2.365741746824984e-05,
9591,2.3631643919843933e-05,
9592,2.3605898450380694e-05,
9593,2.358018102932284e-05,
9594,2.3554491626081667e-05,
9595,2.3528830210126736e-05,
9596,2.3503196751026697e-05,
9597,2.34775912182447e-05,
9598,2.3452013581382396e-05,
9599,2.3426463810016007e-05,
9600,2.3400941873845223e-05,
9601,2.3375447742533268e-05,
9602,2.3349981385753485e-05,
9603,2.332454277331164e-05,
9604,2.3299131874923713e-05,
9605,2.3273748660433878e-05,
9606,2.324839309962358e-05,
9607,2.3223065162461165e-05,
9608,2.3197764818791217e-05,
9609,2.3172492038508144e-05,
9610,2.3147246791649342e-05,
9611,2.3122029048162523e-05,
9612,2.309683877809489e-05,
9613,2.3071675951578646e-05,
9614,2.304654053867974e-05,
9615,2.30214325095389e-05,
9616,2.2996351834268687e-05,
9617,2.297129848316401e-05,
9618,2.294627242640225e-05,
9619,2.2921273634215916e-05,
9620,2.289630207697527e-05,
9621,2.2871357724934193e-05,
9622,2.2846440548499402e-05,
9623,2.2821550518039233e-05,
9624,2.2796687604021217e-05,
9625,2.2771851776849665e-05,
9626,2.274704300706741e-05,
9627,2.2722261265192684e-05,
9628,2.269750652178554e-05,
9629,2.2672778747356147e-05,
9630,2.2648077912585923e-05,
9631,2.2623403988128608e-05,
9632,2.2598756944658184e-05,
9633,2.2574136752876653e-05,
9634,2.2549543383521708e-05,
9635,2.2524976807362166e-05,
9636,2.250043699528079e-05,
9637,2.2475923918032017e-05,
9638,2.2451437546568027e-05,
9639,2.2426977851760012e-05,
9640,2.2402544804521934e-05,
9641,2.2378138375879868e-05,
9642,2.2353758536751583e-05,
9643,2.2329405258244944e-05,
9644,2.23050785114038e-05,
9645,2.2280778267302654e-05,
9646,2.225650449705812e-05,
9647,2.2232257171845112e-05,
9648,2.220803626284402e-05,
9649,2.218384174128654e-05,
9650,2.2159673578415242e-05,
9651,2.2135531745522916e-05,
9652,2.2111416213967143e-05,
9653,2.2087326955018524e-05,
9654,2.206326394007896e-05,
9655,2.203922714057569e-05,
9656,2.201521652797335e-05,
9657,2.1991232073684753e-05,
9658,2.1967273749220186e-05,
9659,2.1943341526139393e-05,
9660,2.1919435375942585e-05,
9661,2.1895555270294923e-05,
9662,2.1871701180805192e-05,
9663,2.1847873079134633e-05,
9664,2.1824070936953153e-05,
9665,2.1800294725982526e-05,
9666,2.1776544418038767e-05,
9667,2.1752819984815875e-05,
9668,2.172912139812308e-05,
9669,2.170544862986129e-05,
9670,2.1681801651877626e-05,
9671,2.1658180436024708e-05,
9672,2.163458495428234e-05,
9673,2.1611015178620483e-05,
9674,2.158747108104066e-05,
9675,2.1563952633548177e-05,
9676,2.1540459808236998e-05,
9677,2.1516992577106853e-05,
9678,2.1493550912338964e-05,
9679,2.1470134786111254e-05,
9680,2.144674417054879e-05,
9681,2.1423379037876154e-05,
9682,2.1400039360279405e-05,
9683,2.1376725110065945e-05,
9684,2.1353436259570187e-05,
9685,2.1330172781068052e-05,
9686,2.130693464693288e-05,
9687,2.12837218295651e-05,
9688,2.1260534301379412e-05,
9689,2.1237372034796308e-05,
9690,2.121423500238951e-05,
9691,2.1191123176559533e-05,
9692,2.1168036529889534e-05,
9693,2.11449750349235e-05,
9694,2.1121938664319178e-05,
9695,2.1098927390655488e-05,
9696,2.1075941186588437e-05,
9697,2.1052980024817308e-05,
9698,2.103004387803043e-05,
9699,2.10071327189964e-05,
9700,2.0984246520552857e-05,
9701,2.0961385255420557e-05,
9702,2.093854889648517e-05,
9703,2.0915737416596236e-05,
9704,2.0892950788651938e-05,
9705,2.0870188985580147e-05,
9706,2.0847451980320726e-05,
9707,2.082473974588518e-05,
9708,2.0802052255262636e-05,
9709,2.0779389481474567e-05,
9710,2.075675139761245e-05,
9711,2.0734137976808603e-05,
9712,2.0711549192170573e-05,
9713,2.0688985016869986e-05,
9714,2.0666445424058936e-05,
9715,2.064393038699813e-05,
9716,2.0621439878910113e-05,
9717,2.0598973873083842e-05,
9718,2.0576532342831513e-05,
9719,2.055411526144469e-05,
9720,2.053172260232617e-05,
9721,2.0509354338869362e-05,
9722,2.0487010444550673e-05,
9723,2.0464690892727468e-05,
9724,2.04423956569281e-05,
9725,2.0420124710662632e-05,
9726,2.039787802744006e-05,
9727,2.037565558082541e-05,
9728,2.0353457344459846e-05,
9729,2.033128329195702e-05,
9730,2.0309133396960553e-05,
9731,2.0287007633100655e-05,
9732,2.0264905974173406e-05,
9733,2.0242828393848544e-05,
9734,2.022077486588663e-05,
9735,2.019874536413019e-05,
9736,2.0176739862406046e-05,
9737,2.015475833457092e-05,
9738,2.013280075446197e-05,
9739,2.0110867096012832e-05,
9740,2.008895733317797e-05,
9741,2.0067071439906402e-05,
9742,2.0045209390204068e-05,
9743,2.0023371158087928e-05,
9744,2.000155671762214e-05,
9745,1.9979766042857755e-05,
9746,1.995799910793573e-05,
9747,1.9936255886972927e-05,
9748,1.9914536354155377e-05,
9749,1.989284048366638e-05,
9750,1.9871168249680142e-05,
9751,1.9849519626522233e-05,
9752,1.982789458840118e-05,
9753,1.9806293109635565e-05,
9754,1.978471516460977e-05,
9755,1.9763160727624535e-05,
9756,1.9741629773117966e-05,
9757,1.972012227551674e-05,
9758,1.9698638209236073e-05,
9759,1.9677177548754034e-05,
9760,1.9655740268574688e-05,
9761,1.9634326343199482e-05,
9762,1.961293574715517e-05,
9763,1.9591568455103938e-05,
9764,1.9570224441628613e-05,
9765,1.954890368138816e-05,
9766,1.9527606148982408e-05,
9767,1.950633181916338e-05,
9768,1.9485080666658497e-05,
9769,1.946385266620318e-05,
9770,1.944264779252846e-05,
9771,1.9421466020498137e-05,
9772,1.9400307324959247e-05,
9773,1.9379171680743764e-05,
9774,1.9358059062687138e-05,
9775,1.9336969445755425e-05,
9776,1.931590280485914e-05,
9777,1.9294859115026866e-05,
9778,1.9273838351225758e-05,
9779,1.9252840488463398e-05,
9780,1.923186550183404e-05,
9781,1.9210913366364736e-05,
9782,1.9189984057164546e-05,
9783,1.9169077549367307e-05,
9784,1.9148193818182197e-05,
9785,1.9127332838711563e-05,
9786,1.9106494586220848e-05,
9787,1.908567903599181e-05,
9788,1.9064886163214304e-05,
9789,1.9044115943196134e-05,
9790,1.9023368351264432e-05,
9791,1.900264336278616e-05,
9792,1.8981940953109243e-05,
9793,1.8961261097655957e-05,
9794,1.8940603771875603e-05,
9795,1.891996895117099e-05,
9796,1.889935661107786e-05,
9797,1.8878766727066207e-05,
9798,1.8858199274714752e-05,
9799,1.883765422951022e-05,
9800,1.8817131567085242e-05,
9801,1.879663126305133e-05,
9802,1.87761532930309e-05,
9803,1.8755697632654684e-05,
9804,1.8735264257777898e-05,
9805,1.8714853143980403e-05,
9806,1.869446426707672e-05,
9807,1.8674097602838654e-05,
9808,1.8653753127015978e-05,
9809,1.863343081546026e-05,
9810,1.861313064401509e-05,
9811,1.859285258857102e-05,
9812,1.8572596625051255e-05,
9813,1.8552362729376078e-05,
9814,1.8532150877474297e-05,
9815,1.8511961045338667e-05,
9816,1.8491793209002045e-05,
9817,1.8471647344513504e-05,
9818,1.8451523427909438e-05,
9819,1.8431421435250203e-05,
9820,1.8411341342720647e-05,
9821,1.839128312643557e-05,
9822,1.8371246762600243e-05,
9823,1.835123222731832e-05,
9824,1.8331239496848654e-05,
9825,1.8311268547455125e-05,
9826,1.8291319355320768e-05,
9827,1.8271391896846407e-05,
9828,1.8251486148328776e-05,
9829,1.8231602086112533e-05,
9830,1.8211739686573452e-05,
9831,1.8191898926097258e-05,
9832,1.817207978111151e-05,
9833,1.8152282228032362e-05,
9834,1.813250624339068e-05,
9835,1.8112751803679453e-05,
9836,1.8093018885458675e-05,
9837,1.807330746523258e-05,
9838,1.80536175195891e-05,
9839,1.8033949025135978e-05,
9840,1.801430195850443e-05,
9841,1.79946762963504e-05,
9842,1.7975072015344778e-05,
9843,1.7955489092200134e-05,
9844,1.7935927503632976e-05,
9845,1.791638722644927e-05,
9846,1.789686823736706e-05,
9847,1.787737051326302e-05,
9848,1.7857894030876835e-05,
9849,1.7838438767166115e-05,
9850,1.7819004698991687e-05,
9851,1.779959180318856e-05,
9852,1.7780200056772562e-05,
9853,1.7760829436653223e-05,
9854,1.7741479919841337e-05,
9855,1.7722151483311508e-05,
9856,1.7702844104192333e-05,
9857,1.7683557759444564e-05,
9858,1.7664292426178316e-05,
9859,1.7645048081511372e-05,
9860,1.762582470256405e-05,
9861,1.760662226651406e-05,
9862,1.7587440750547536e-05,
9863,1.756828013181122e-05,
9864,1.754914038763047e-05,
9865,1.753002149525943e-05,
9866,1.75109234319359e-05,
9867,1.7491846174979768e-05,
9868,1.7472789701735616e-05,
9869,1.745375398951069e-05,
9870,1.7434739015766042e-05,
9871,1.7415744757849384e-05,
9872,1.7396771193147002e-05,
9873,1.7377818299230727e-05,
9874,1.7358886053547626e-05,
9875,1.7339974433552996e-05,
9876,1.7321083416793362e-05,
9877,1.730221298080741e-05,
9878,1.7283363103203297e-05,
9879,1.7264533761601486e-05,
9880,1.7245724933625948e-05,
9881,1.7226936596920423e-05,
9882,1.7208168729119718e-05,
9883,1.7189421307945756e-05,
9884,1.717069431115331e-05,
9885,1.7151987716439626e-05,
9886,1.71333015015801e-05,
9887,1.711463564442467e-05,
9888,1.7095990122757855e-05,
9889,1.7077364914433095e-05,
9890,1.7058759997344186e-05,
9891,1.7040175349395444e-05,
9892,1.7021610948434826e-05,
9893,1.7003066772439814e-05,
9894,1.698454279938078e-05,
9895,1.696603900722438e-05,
9896,1.6947555373995164e-05,
9897,1.69290918777443e-05,
9898,1.6910648496554812e-05,
9899,1.6892225208499802e-05,
9900,1.687382199166943e-05,
9901,1.6855438824166946e-05,
9902,1.6837075684219632e-05,
9903,1.6818732549983534e-05,
9904,1.6800409399697003e-05,
9905,1.6782106211496063e-05,
9906,1.6763822963670543e-05,
9907,1.67455596345111e-05,
9908,1.6727316202301956e-05,
9909,1.6709092645401535e-05,
9910,1.6690888942162333e-05,
9911,1.667270507086525e-05,
9912,1.665454101001587e-05,
9913,1.6636396737960624e-05,
9914,1.6618272233146168e-05,
9915,1.66001674740667e-05,
9916,1.6582082439213447e-05,
9917,1.6564017107119394e-05,
9918,1.6545971456262047e-05,
9919,1.6527945465181202e-05,
9920,1.6509939112519717e-05,
9921,1.64919523768854e-05,
9922,1.647398523685524e-05,
9923,1.645603767114699e-05,
9924,1.643810965837036e-05,
9925,1.6420201177225427e-05,
9926,1.6402312206446815e-05,
9927,1.6384442724809976e-05,
9928,1.6366592711075e-05,
9929,1.6348762144034766e-05,
9930,1.6330951002465112e-05,
9931,1.6313159265189915e-05,
9932,1.629538691115306e-05,
9933,1.6277633919193048e-05,
9934,1.625990026819908e-05,
9935,1.6242185937131704e-05,
9936,1.622449090491331e-05,
9937,1.620681515053873e-05,
9938,1.6189158652938833e-05,
9939,1.6171521391202234e-05,
9940,1.615390334435423e-05,
9941,1.613630449149773e-05,
9942,1.6118724811687192e-05,
9943,1.6101164284042764e-05,
9944,1.608362288767793e-05,
9945,1.606610060179126e-05,
9946,1.6048597405562102e-05,
9947,1.603111327814956e-05,
9948,1.601364819880479e-05,
9949,1.5996202146778426e-05,
9950,1.5978775101336676e-05,
9951,1.5961367041750768e-05,
9952,1.5943977947364626e-05,
9953,1.5926607797488835e-05,
9954,1.5909256571516538e-05,
9955,1.589192424885303e-05,
9956,1.5874610808872113e-05,
9957,1.5857316230982044e-05,
9958,1.5840040494655905e-05,
9959,1.5822783579334673e-05,
9960,1.5805545464528846e-05,
9961,1.578832612977096e-05,
9962,1.5771125554594135e-05,
9963,1.575394371856125e-05,
9964,1.5736780601245724e-05,
9965,1.5719636182259748e-05,
9966,1.5702510441248988e-05,
9967,1.5685403357905043e-05,
9968,1.566831491183073e-05,
9969,1.5651245082747418e-05,
9970,1.5634193850363827e-05,
9971,1.5617161194476044e-05,
9972,1.5600147094802657e-05,
9973,1.5583151531098223e-05,
9974,1.5566174483210998e-05,
9975,1.5549215930876474e-05,
9976,1.5532275854045406e-05,
9977,1.5515354232589953e-05,
9978,1.5498451046387295e-05,
9979,1.5481566275332577e-05,
9980,1.546469989941403e-05,
9981,1.5447851898526944e-05,
9982,1.5431022252670364e-05,
9983,1.5414210941855236e-05,
9984,1.539741794609402e-05,
9985,1.538064324542871e-05,
9986,1.5363886819975265e-05,
9987,1.534714864979296e-05,
9988,1.533042871498093e-05,
9989,1.5313726995635676e-05,
9990,1.5297043472013705e-05,
9991,1.5280378124211473e-05,
9992,1.526373093246149e-05,
9993,1.5247101877015306e-05,
9994,1.5230490938059318e-05,
9995,1.5213898095852538e-05,
9996,1.5197323330712948e-05,
9997,1.5180766622946587e-05,
9998,1.5164227952834162e-05,
9999,1.5147707300781669e-05,
10000,1.5131204647164233e-05,
10001,1.5114719972314092e-05,
10002,1.5098253256672434e-05,
10003,1.5081804480710286e-05,
10004,1.5065373624784193e-05,
10005,1.504896066946034e-05,
10006,1.5032565595214917e-05,
10007,1.5016188382576557e-05,
10008,1.4999829012055762e-05,
10009,1.4983487464252227e-05,
10010,1.4967163719710922e-05,
10011,1.4950857759081427e-05,
10012,1.4934569562945249e-05,
10013,1.4918299111939185e-05,
10014,1.4902046386758925e-05,
10015,1.4885811368151411e-05,
10016,1.4869594036750328e-05,
10017,1.4853394373282811e-05,
10018,1.4837212358512016e-05,
10019,1.4821047973219853e-05,
10020,1.4804901198232685e-05,
10021,1.4788772014305646e-05,
10022,1.4772660402297132e-05,
10023,1.4756566343097804e-05,
10024,1.4740489817549135e-05,
10025,1.4724430806544526e-05,
10026,1.4708389291021321e-05,
10027,1.4692365251913397e-05,
10028,1.4676358670194605e-05,
10029,1.4660369526806402e-05,
10030,1.4644397802776721e-05,
10031,1.4628443479122513e-05,
10032,1.4612506536879117e-05,
10033,1.459658695714063e-05,
10034,1.4580684720946776e-05,
10035,1.4564799809458043e-05,
10036,1.4548932203741448e-05,
10037,1.4533081885012152e-05,
10038,1.4517248834373779e-05,
10039,1.4501433033015167e-05,
10040,1.4485634462169925e-05,
10041,1.4469853103055041e-05,
10042,1.4454088936926889e-05,
10043,1.4438341945080473e-05,
10044,1.4422612108727429e-05,
10045,1.4406899409261597e-05,
10046,1.4391203827995858e-05,
10047,1.4375525346251258e-05,
10048,1.4359863945418331e-05,
10049,1.4344219606894319e-05,
10050,1.4328592312071753e-05,
10051,1.43129820423801e-05,
10052,1.4297388779295873e-05,
10053,1.4281812504291308e-05,
10054,1.4266253198818293e-05,
10055,1.4250710844419766e-05,
10056,1.4235185422595682e-05,
10057,1.4219676914952076e-05,
10058,1.420418530303213e-05,
10059,1.4188710568419907e-05,
10060,1.4173252692725375e-05,
10061,1.4157811657615256e-05,
10062,1.414238744466496e-05,
10063,1.4126980035685368e-05,
10064,1.4111589412272008e-05,
10065,1.4096215556139822e-05,
10066,1.4080858449028563e-05,
10067,1.4065518072711182e-05,
10068,1.4050194408969454e-05,
10069,1.4034887439562924e-05,
10070,1.4019597146353282e-05,
10071,1.4004323511116288e-05,
10072,1.398906651573414e-05,
10073,1.3973826142039788e-05,
10074,1.395860237198473e-05,
10075,1.3943395187425e-05,
10076,1.392820457033179e-05,
10077,1.3913030502623431e-05,
10078,1.3897872966305813e-05,
10079,1.3882731943365337e-05,
10080,1.3867607415768636e-05,
10081,1.3852499365578692e-05,
10082,1.383740777484526e-05,
10083,1.3822332625641375e-05,
10084,1.3807273900024023e-05,
10085,1.3792231580114227e-05,
10086,1.3777205648017055e-05,
10087,1.3762196085928622e-05,
10088,1.3747202876019368e-05,
10089,1.3732226000446239e-05,
10090,1.3717265441427418e-05,
10091,1.3702321181120893e-05,
10092,1.368739320186997e-05,
10093,1.3672481485823165e-05,
10094,1.3657586015368116e-05,
10095,1.3642706772772551e-05,
10096,1.3627843740347556e-05,
10097,1.3612996900442643e-05,
10098,1.3598166235413746e-05,
10099,1.358335172765204e-05,
10100,1.3568553359537343e-05,
10101,1.3553771113453402e-05,
10102,1.3539004971847075e-05,
10103,1.352425491725903e-05,
10104,1.3509520932087886e-05,
10105,1.3494802998861283e-05,
10106,1.3480101100061438e-05,
10107,1.3465415218226213e-05,
10108,1.3450745335920619e-05,
10109,1.3436091435705138e-05,
10110,1.3421453500175283e-05,
10111,1.3406831511860689e-05,
10112,1.3392225453470895e-05,
10113,1.3377635307695632e-05,
10114,1.3363061057115392e-05,
10115,1.3348502684424068e-05,
10116,1.3333960172375398e-05,
10117,1.3319433503577557e-05,
10118,1.3304922660863824e-05,
10119,1.3290427626982656e-05,
10120,1.3275948384682123e-05,
10121,1.3261484916802998e-05,
10122,1.3247037206123848e-05,
10123,1.3232605235479304e-05,
10124,1.3218188987731651e-05,
10125,1.3203788445752435e-05,
10126,1.3189403592432928e-05,
10127,1.3175034410662762e-05,
10128,1.3160680883386417e-05,
10129,1.3146342993595109e-05,
10130,1.3132020724186499e-05,
10131,1.311771405815846e-05,
10132,1.3103422978496436e-05,
10133,1.3089147468269298e-05,
10134,1.3074887510458148e-05,
10135,1.3060643088141043e-05,
10136,1.3046414184416277e-05,
10137,1.3032200782339104e-05,
10138,1.301800286502452e-05,
10139,1.3003820415615491e-05,
10140,1.2989653417242225e-05,
10141,1.2975501853113201e-05,
10142,1.2961365706400108e-05,
10143,1.2947244960262945e-05,
10144,1.293313959799388e-05,
10145,1.2919049602758102e-05,
10146,1.290497495788164e-05,
10147,1.289091564659658e-05,
10148,1.2876871652224766e-05,
10149,1.286284295803489e-05,
10150,1.2848829547431923e-05,
10151,1.2834831403695378e-05,
10152,1.2820848510250778e-05,
10153,1.2806880850401451e-05,
10154,1.2792928407665003e-05,
10155,1.2778991165391e-05,
10156,1.2765069107040244e-05,
10157,1.2751162216088745e-05,
10158,1.2737270475934537e-05,
10159,1.2723393870123008e-05,
10160,1.2709532382173863e-05,
10161,1.2695685995598693e-05,
10162,1.2681854693979215e-05,
10163,1.266803846084069e-05,
10164,1.265423727979618e-05,
10165,1.2640451134452985e-05,
10166,1.2626680008393884e-05,
10167,1.2612923885222961e-05,
10168,1.2599182748691687e-05,
10169,1.2585456582381206e-05,
10170,1.2571745370021945e-05,
10171,1.2558049095379172e-05,
10172,1.2544367742139698e-05,
10173,1.2530701294010453e-05,
10174,1.2517049734803802e-05,
10175,1.2503413048240165e-05,
10176,1.2489791218171339e-05,
10177,1.247618422836122e-05,
10178,1.2462592062717802e-05,
10179,1.244901470499116e-05,
10180,1.2435452139115114e-05,
10181,1.2421904348980173e-05,
10182,1.2408371318455664e-05,
10183,1.239485303149457e-05,
10184,1.2381349472023339e-05,
10185,1.2367860623995158e-05,
10186,1.2354386471356854e-05,
10187,1.2340926998099193e-05,
10188,1.2327482188251268e-05,
10189,1.231405202585186e-05,
10190,1.2300636494947659e-05,
10191,1.2287235579579894e-05,
10192,1.2273849263768023e-05,
10193,1.2260477531717788e-05,
10194,1.2247120367502547e-05,
10195,1.223377775521171e-05,
10196,1.2220449679020908e-05,
10197,1.2207136123078008e-05,
10198,1.2193837071550518e-05,
10199,1.2180552508672496e-05,
10200,1.2167282418656766e-05,
10201,1.2154026785733073e-05,
10202,1.214078559413543e-05,
10203,1.2127558828150883e-05,
10204,1.2114346472070036e-05,
10205,1.2101148510161017e-05,
10206,1.2087964926749715e-05,
10207,1.2074795706207919e-05,
10208,1.2061640832839271e-05,
10209,1.20485002910307e-05,
10210,1.2035374065187543e-05,
10211,1.2022262139699026e-05,
10212,1.200916449895175e-05,
10213,1.1996081127464252e-05,
10214,1.1983012009620271e-05,
10215,1.1969957129935043e-05,
10216,1.1956916472850067e-05,
10217,1.1943890022886095e-05,
10218,1.1930877764579643e-05,
10219,1.1917879682472725e-05,
10220,1.1904895761102134e-05,
10221,1.1891925985060898e-05,
10222,1.1878970338896692e-05,
10223,1.186602880719689e-05,
10224,1.185310137469403e-05,
10225,1.1840188025982747e-05,
10226,1.1827288745726509e-05,
10227,1.1814403518532398e-05,
10228,1.1801532329145199e-05,
10229,1.178867516229034e-05,
10230,1.177583200261892e-05,
10231,1.1763002834904877e-05,
10232,1.1750187643962449e-05,
10233,1.1737386414501406e-05,
10234,1.1724599131343148e-05,
10235,1.1711825779282368e-05,
10236,1.1699066343116826e-05,
10237,1.1686320807725143e-05,
10238,1.1673589157929845e-05,
10239,1.1660871378610508e-05,
10240,1.1648167454662828e-05,
10241,1.16354773709512e-05,
10242,1.1622801112466778e-05,
10243,1.1610138664178654e-05,
10244,1.159749001097534e-05,
10245,1.1584855137803163e-05,
10246,1.1572234029679711e-05,
10247,1.1559626671592798e-05,
10248,1.1547033048608312e-05,
10249,1.1534453145706176e-05,
10250,1.152188694796808e-05,
10251,1.1509334440472301e-05,
10252,1.1496795608260396e-05,
10253,1.1484270436463971e-05,
10254,1.1471758910244649e-05,
10255,1.1459261014664194e-05,
10256,1.1446776734885356e-05,
10257,1.1434306056113046e-05,
10258,1.1421848963551436e-05,
10259,1.140940544228417e-05,
10260,1.1396975477661696e-05,
10261,1.1384559054854966e-05,
10262,1.137215615906971e-05,
10263,1.1359766775595382e-05,
10264,1.1347390889709796e-05,
10265,1.1335028486732442e-05,
10266,1.1322679551925718e-05,
10267,1.1310344070695505e-05,
10268,1.1298022028376421e-05,
10269,1.1285713410311645e-05,
10270,1.1273418201822387e-05,
10271,1.1261136388322576e-05,
10272,1.124886795529039e-05,
10273,1.1236612888058437e-05,
10274,1.1224371172103486e-05,
10275,1.1212142792803988e-05,
10276,1.1199927735714983e-05,
10277,1.1187725986350258e-05,
10278,1.1175537530180144e-05,
10279,1.1163362352700594e-05,
10280,1.1151200439439862e-05,
10281,1.11390517759641e-05,
10282,1.1126916347810997e-05,
10283,1.1114794140568317e-05,
10284,1.1102685139858103e-05,
10285,1.1090589331292355e-05,
10286,1.107850670053494e-05,
10287,1.1066437233165645e-05,
10288,1.1054380914872233e-05,
10289,1.1042337731345378e-05,
10290,1.1030307668223236e-05,
10291,1.1018290711203098e-05,
10292,1.1006286846050807e-05,
10293,1.09942960585392e-05,
10294,1.0982318334365423e-05,
10295,1.0970353659308419e-05,
10296,1.0958402019143956e-05,
10297,1.0946463399703841e-05,
10298,1.0934537786812387e-05,
10299,1.0922625166234974e-05,
10300,1.0910725523861554e-05,
10301,1.0898838845561743e-05,
10302,1.0886965117147423e-05,
10303,1.0875104324521513e-05,
10304,1.0863256453622994e-05,
10305,1.0851421490383365e-05,
10306,1.0839599420713781e-05,
10307,1.0827790230628719e-05,
10308,1.0815993906038504e-05,
10309,1.080421043293611e-05,
10310,1.0792439797353762e-05,
10311,1.078068198525994e-05,
10312,1.0768936982702895e-05,
10313,1.0757204775735689e-05,
10314,1.0745485350433934e-05,
10315,1.0733778692846707e-05,
10316,1.0722084789046757e-05,
10317,1.0710403625172225e-05,
10318,1.069873518733332e-05,
10319,1.0687079461608393e-05,
10320,1.0675436434236556e-05,
10321,1.066380609134916e-05,
10322,1.065218841910828e-05,
10323,1.0640583403726023e-05,
10324,1.062899103140049e-05,
10325,1.0617411288393564e-05,
10326,1.0605844160968073e-05,
10327,1.0594289635318578e-05,
10328,1.0582747697718813e-05,
10329,1.0571218334462427e-05,
10330,1.055970153185595e-05,
10331,1.05481972762225e-05,
10332,1.0536705553914401e-05,
10333,1.0525226351207477e-05,
10334,1.051375965456104e-05,
10335,1.0502305450271776e-05,
10336,1.0490863724724532e-05,
10337,1.0479434464356665e-05,
10338,1.046801765558664e-05,
10339,1.0456613284848772e-05,
10340,1.0445221338595163e-05,
10341,1.0433841803250265e-05,
10342,1.04224746653514e-05,
10343,1.0411119911382973e-05,
10344,1.0399777527789335e-05,
10345,1.0388447501232848e-05,
10346,1.0377129818108333e-05,
10347,1.036582446503918e-05,
10348,1.0354531428589336e-05,
10349,1.0343250695323932e-05,
10350,1.0331982251808192e-05,
10351,1.0320726084707563e-05,
10352,1.03094821806228e-05,
10353,1.029825052619667e-05,
10354,1.0287031108082324e-05,
10355,1.0275823912949741e-05,
10356,1.026462892747917e-05,
10357,1.0253446138376154e-05,
10358,1.0242275532347183e-05,
10359,1.0231117096132982e-05,
10360,1.0219970816463232e-05,
10361,1.0208836680105342e-05,
10362,1.0197714673792686e-05,
10363,1.0186604784355527e-05,
10364,1.017550699853468e-05,
10365,1.0164421303188867e-05,
10366,1.0153347685165756e-05,
10367,1.0142286131269883e-05,
10368,1.0131236628405492e-05,
10369,1.0120199163374149e-05,
10370,1.0109173723147161e-05,
10371,1.0098160294535297e-05,
10372,1.008715886451914e-05,
10373,1.0076169420020322e-05,
10374,1.0065191947951836e-05,
10375,1.0054226435281184e-05,
10376,1.004327286893455e-05,
10377,1.0032331235985295e-05,
10378,1.00214015233593e-05,
10379,1.0010483718092283e-05,
10380,9.999577807244918e-06,
10381,9.988683777777919e-06,
10382,9.977801616809821e-06,
10383,9.966931311441793e-06,
10384,9.956072848692889e-06,
10385,9.945226215675907e-06,
10386,9.934391399526813e-06,
10387,9.923568387357732e-06,
10388,9.912757166297945e-06,
10389,9.901957723510124e-06,
10390,9.891170046178575e-06,
10391,9.880394121476235e-06,
10392,9.869629936570891e-06,
10393,9.858877478691844e-06,
10394,9.848136735063758e-06,
10395,9.837407692947094e-06,
10396,9.826690339572078e-06,
10397,9.81598466217874e-06,
10398,9.805290648111629e-06,
10399,9.79460828461165e-06,
10400,9.78393755902856e-06,
10401,9.773278458682586e-06,
10402,9.762630970839797e-06,
10403,9.751995082907047e-06,
10404,9.741370782228085e-06,
10405,9.730758056179321e-06,
10406,9.720156892125714e-06,
10407,9.709567277537534e-06,
10408,9.698989199750184e-06,
10409,9.688422646285138e-06,
10410,9.677867604561371e-06,
10411,9.667324061995128e-06,
10412,9.656792006068857e-06,
10413,9.646271424223953e-06,
10414,9.635762304101694e-06,
10415,9.625264633078284e-06,
10416,9.614778398797004e-06,
10417,9.60430358868495e-06,
10418,9.593840190345475e-06,
10419,9.583388191313027e-06,
10420,9.572947579219962e-06,
10421,9.562518341622417e-06,
10422,9.55210046611674e-06,
10423,9.541693940400225e-06,
10424,9.531298752054251e-06,
10425,9.52091488873037e-06,
10426,9.510542338118612e-06,
10427,9.50018108786213e-06,
10428,9.489831125637163e-06,
10429,9.479492439192253e-06,
10430,9.46916501627011e-06,
10431,9.458848844486181e-06,
10432,9.448543911649705e-06,
10433,9.438250205496596e-06,
10434,9.427967713832856e-06,
10435,9.41769642443235e-06,
10436,9.407436325056104e-06,
10437,9.397187403500118e-06,
10438,9.386949647659361e-06,
10439,9.376723045342164e-06,
10440,9.36650758434859e-06,
10441,9.356303252567778e-06,
10442,9.346110037902448e-06,
10443,9.335927928252128e-06,
10444,9.325756911483274e-06,
10445,9.315596975485472e-06,
10446,9.3054481082902e-06,
10447,9.29531029776485e-06,
10448,9.285183531801295e-06,
10449,9.275067798466033e-06,
10450,9.264963085687048e-06,
10451,9.254869381451686e-06,
10452,9.244786673764586e-06,
10453,9.234714950697142e-06,
10454,9.224654200314384e-06,
10455,9.214604410564492e-06,
10456,9.204565569530599e-06,
10457,9.194537665371283e-06,
10458,9.18452068608862e-06,
10459,9.174514619748852e-06,
10460,9.16451945449448e-06,
10461,9.154535178463444e-06,
10462,9.144561779804178e-06,
10463,9.134599246695369e-06,
10464,9.12464756724607e-06,
10465,9.114706729648125e-06,
10466,9.104776722073404e-06,
10467,9.09485753273865e-06,
10468,9.08494914984485e-06,
10469,9.075051561641047e-06,
10470,9.065164756334093e-06,
10471,9.055288722200942e-06,
10472,9.045423447491454e-06,
10473,9.035568920509162e-06,
10474,9.025725129522977e-06,
10475,9.015892062855829e-06,
10476,9.006069708773687e-06,
10477,8.996258055694221e-06,
10478,8.986457091900342e-06,
10479,8.976666805693806e-06,
10480,8.966887185558091e-06,
10481,8.957118219806854e-06,
10482,8.947359896911624e-06,
10483,8.93761220519552e-06,
10484,8.927875133072794e-06,
10485,8.918148668960704e-06,
10486,8.908432801352115e-06,
10487,8.89872751868534e-06,
10488,8.889032809423736e-06,
10489,8.879348662058544e-06,
10490,8.869675065099573e-06,
10491,8.860012007010866e-06,
10492,8.850359476301726e-06,
10493,8.84071746152519e-06,
10494,8.831085951247251e-06,
10495,8.821464933991406e-06,
10496,8.811854398368616e-06,
10497,8.802254332958986e-06,
10498,8.79266472630726e-06,
10499,8.783085567060214e-06,
10500,8.773516843812032e-06,
10501,8.76395854518688e-06,
10502,8.754410659843451e-06,
10503,8.744873176420033e-06,
10504,8.735346083628652e-06,
10505,8.725829370081852e-06,
10506,8.716323024536979e-06,
10507,8.706827035642287e-06,
10508,8.697341392158393e-06,
10509,8.687866082837285e-06,
10510,8.678401096348828e-06,
10511,8.668946421513124e-06,
10512,8.659502047031528e-06,
10513,8.65006796169668e-06,
10514,8.640644154347286e-06,
10515,8.631230613765107e-06,
10516,8.621827328737629e-06,
10517,8.612434288095301e-06,
10518,8.603051480688892e-06,
10519,8.593678895376528e-06,
10520,8.584316520993409e-06,
10521,8.574964346450528e-06,
10522,8.565622360661059e-06,
10523,8.556290552473075e-06,
10524,8.546968910849952e-06,
10525,8.53765742467245e-06,
10526,8.528356082851804e-06,
10527,8.519064874342588e-06,
10528,8.509783788122918e-06,
10529,8.500512813203497e-06,
10530,8.491251938563999e-06,
10531,8.482001153109112e-06,
10532,8.47276044592765e-06,
10533,8.463529806044202e-06,
10534,8.454309222456435e-06,
10535,8.445098684238173e-06,
10536,8.43589818047276e-06,
10537,8.426707700130293e-06,
10538,8.417527232354623e-06,
10539,8.408356766270352e-06,
10540,8.399196290911795e-06,
10541,8.390045795424693e-06,
10542,8.380905268932998e-06,
10543,8.371774700568319e-06,
10544,8.362654079478034e-06,
10545,8.353543394854349e-06,
10546,8.344442635864358e-06,
10547,8.335351791672364e-06,
10548,8.32627085153454e-06,
10549,8.31719980455812e-06,
10550,8.308138640046182e-06,
10551,8.29908734724425e-06,
10552,8.290045915336544e-06,
10553,8.281014333618908e-06,
10554,8.271992591350172e-06,
10555,8.262980677809531e-06,
10556,8.253978582269583e-06,
10557,8.244986294044935e-06,
10558,8.236003802453766e-06,
10559,8.227031096849223e-06,
10560,8.218068166538545e-06,
10561,8.209115000926486e-06,
10562,8.20017158925882e-06,
10563,8.191237921022351e-06,
10564,8.18231398558406e-06,
10565,8.173399772310109e-06,
10566,8.164495270600773e-06,
10567,8.15560046988482e-06,
10568,8.146715359622123e-06,
10569,8.137839929224732e-06,
10570,8.128974168122965e-06,
10571,8.120118065824207e-06,
10572,8.111271611820497e-06,
10573,8.102434795572877e-06,
10574,8.093607606577125e-06,
10575,8.084790034358372e-06,
10576,8.07598206843535e-06,
10577,8.067183698323174e-06,
10578,8.058394913619103e-06,
10579,8.049615703837697e-06,
10580,8.040846058566401e-06,
10581,8.032085967375446e-06,
10582,8.02333541981841e-06,
10583,8.014594405586287e-06,
10584,8.005862914226841e-06,
10585,7.997140935358864e-06,
10586,7.988428458632995e-06,
10587,7.979725473732611e-06,
10588,7.971031970280488e-06,
10589,7.962347937937211e-06,
10590,7.953673366456432e-06,
10591,7.945008245431535e-06,
10592,7.936352564619199e-06,
10593,7.927706313750372e-06,
10594,7.919069482552163e-06,
10595,7.910442060709336e-06,
10596,7.901824037999787e-06,
10597,7.89321540418055e-06,
10598,7.884616149048589e-06,
10599,7.876026262363837e-06,
10600,7.867445733921687e-06,
10601,7.858874553515112e-06,
10602,7.850312710962904e-06,
10603,7.841760196088111e-06,
10604,7.833216998764709e-06,
10605,7.824683108846444e-06,
10606,7.81615851609253e-06,
10607,7.8076432104679e-06,
10608,7.799137181865396e-06,
10609,7.790640420126027e-06,
10610,7.782152915171901e-06,
10611,7.773674656938371e-06,
10612,7.765205635329282e-06,
10613,7.756745840283412e-06,
10614,7.748295261766306e-06,
10615,7.739853889747716e-06,
10616,7.731421714103551e-06,
10617,7.722998724896817e-06,
10618,7.714584912115676e-06,
10619,7.706180265763432e-06,
10620,7.69778477583514e-06,
10621,7.689398432380935e-06,
10622,7.681021225406334e-06,
10623,7.672653144951847e-06,
10624,7.664294181159916e-06,
10625,7.655944324029453e-06,
10626,7.647603563596898e-06,
10627,7.639271889972441e-06,
10628,7.63094929328897e-06,
10629,7.622635763672528e-06,
10630,7.614331291195484e-06,
10631,7.606035866049285e-06,
10632,7.5977494783545615e-06,
10633,7.589472118275374e-06,
10634,7.581203775905794e-06,
10635,7.57294444150305e-06,
10636,7.56469410521334e-06,
10637,7.556452757263487e-06,
10638,7.5482203877732135e-06,
10639,7.539996987057137e-06,
10640,7.531782545338751e-06,
10641,7.523577052817925e-06,
10642,7.515380499787168e-06,
10643,7.507192876489424e-06,
10644,7.49901417314426e-06,
10645,7.4908443800796685e-06,
10646,7.482683487612331e-06,
10647,7.474531486019802e-06,
10648,7.466388365619435e-06,
10649,7.458254116689384e-06,
10650,7.450128729608742e-06,
10651,7.442012194749947e-06,
10652,7.433904502457642e-06,
10653,7.425805643107301e-06,
10654,7.417715607021288e-06,
10655,7.409634384603226e-06,
10656,7.401561966288858e-06,
10657,7.393498342423758e-06,
10658,7.385443503488969e-06,
10659,7.377397439918568e-06,
10660,7.369360142115344e-06,
10661,7.361331600514787e-06,
10662,7.353311805582978e-06,
10663,7.345300747815705e-06,
10664,7.337298417699744e-06,
10665,7.3293048057370294e-06,
10666,7.321319902419699e-06,
10667,7.313343698228689e-06,
10668,7.305376183721546e-06,
10669,7.297417349373864e-06,
10670,7.289467185781286e-06,
10671,7.28152568351078e-06,
10672,7.273592833081912e-06,
10673,7.2656686250865995e-06,
10674,7.257753050127269e-06,
10675,7.249846098729659e-06,
10676,7.241947761607031e-06,
10677,7.234058029314882e-06,
10678,7.226176892474418e-06,
10679,7.218304341735034e-06,
10680,7.2104403677042164e-06,
10681,7.202584961088727e-06,
10682,7.194738112520824e-06,
10683,7.186899812707946e-06,
10684,7.17907005234135e-06,
10685,7.171248822083143e-06,
10686,7.1634361126679274e-06,
10687,7.155631914784692e-06,
10688,7.147836219165477e-06,
10689,7.140049016567826e-06,
10690,7.1322702977348456e-06,
10691,7.124500053439942e-06,
10692,7.116738274403719e-06,
10693,7.108984951434961e-06,
10694,7.101240075335835e-06,
10695,7.093503636824412e-06,
10696,7.085775626828542e-06,
10697,7.0780560360976885e-06,
10698,7.070344855427269e-06,
10699,7.062642075699207e-06,
10700,7.0549476877984275e-06,
10701,7.047261682493393e-06,
10702,7.039584050686345e-06,
10703,7.031914783308175e-06,
10704,7.024253871181328e-06,
10705,7.01660130522176e-06,
10706,7.0089570763850306e-06,
10707,7.001321175507666e-06,
10708,6.993693593607234e-06,
10709,6.986074321558451e-06,
10710,6.978463350299391e-06,
10711,6.970860670843785e-06,
10712,6.963266274098572e-06,
10713,6.95568015104647e-06,
10714,6.948102292724879e-06,
10715,6.940532690040566e-06,
10716,6.9329713340733166e-06,
10717,6.9254182158513625e-06,
10718,6.917873326336475e-06,
10719,6.910336656596284e-06,
10720,6.902808197644177e-06,
10721,6.89528794057316e-06,
10722,6.887775876404261e-06,
10723,6.880271996267002e-06,
10724,6.872776291213712e-06,
10725,6.865288752356171e-06,
10726,6.857809370774649e-06,
10727,6.850338137627175e-06,
10728,6.842875044006566e-06,
10729,6.835420081089249e-06,
10730,6.827973239968262e-06,
10731,6.82053451178304e-06,
10732,6.8131038876860385e-06,
10733,6.805681358888161e-06,
10734,6.798266916543146e-06,
10735,6.790860551879309e-06,
10736,6.78346225606907e-06,
10737,6.776072020364469e-06,
10738,6.768689835878833e-06,
10739,6.761315693904835e-06,
10740,6.753949585687618e-06,
10741,6.74659150244468e-06,
10742,6.739241435484604e-06,
10743,6.731899376067774e-06,
10744,6.724565315410588e-06,
10745,6.717239244861322e-06,
10746,6.7099211556598375e-06,
10747,6.702611039188253e-06,
10748,6.6953088867121314e-06,
10749,6.688014689571013e-06,
10750,6.68072843906552e-06,
10751,6.673450126543122e-06,
10752,6.666179743354649e-06,
10753,6.658917280874755e-06,
10754,6.651662730518884e-06,
10755,6.6444160836287435e-06,
10756,6.637177331565079e-06,
10757,6.629946465768247e-06,
10758,6.622723477612946e-06,
10759,6.6155083585655364e-06,
10760,6.6083010999857115e-06,
10761,6.601101693344224e-06,
10762,6.593910130114975e-06,
10763,6.586726401727991e-06,
10764,6.579550499627144e-06,
10765,6.572382415290303e-06,
10766,6.565222140280386e-06,
10767,6.558069666019599e-06,
10768,6.550924983997068e-06,
10769,6.543788085768351e-06,
10770,6.536658962787631e-06,
10771,6.529537606643696e-06,
10772,6.522424008853651e-06,
10773,6.51531816093682e-06,
10774,6.508220054476864e-06,
10775,6.501129681067425e-06,
10776,6.494047032274396e-06,
10777,6.486972099621541e-06,
10778,6.479904874768023e-06,
10779,6.472845349273002e-06,
10780,6.4657935147815895e-06,
10781,6.458749362901318e-06,
10782,6.451712885245408e-06,
10783,6.444684073460596e-06,
10784,6.437662919265164e-06,
10785,6.430649414226269e-06,
10786,6.423643550050473e-06,
10787,6.416645318408277e-06,
10788,6.409654710952889e-06,
10789,6.402671719438934e-06,
10790,6.395696335503776e-06,
10791,6.388728550911781e-06,
10792,6.381768357337636e-06,
10793,6.374815746570127e-06,
10794,6.367870710327438e-06,
10795,6.360933240348789e-06,
10796,6.354003328371842e-06,
10797,6.3470809661783305e-06,
10798,6.340166145553557e-06,
10799,6.333258858225097e-06,
10800,6.326359096075439e-06,
10801,6.319466850892216e-06,
10802,6.312582114451956e-06,
10803,6.305704878536265e-06,
10804,6.298835135035823e-06,
10805,6.2919728757817284e-06,
10806,6.2851180925925455e-06,
10807,6.278270777338376e-06,
10808,6.27143092188566e-06,
10809,6.264598518095727e-06,
10810,6.257773557866556e-06,
10811,6.250956033115571e-06,
10812,6.2441459356842005e-06,
10813,6.237343257510559e-06,
10814,6.230547990498597e-06,
10815,6.223760126554583e-06,
10816,6.216979657697849e-06,
10817,6.21020657582058e-06,
10818,6.20344087282841e-06,
10819,6.196682540749882e-06,
10820,6.189931571550342e-06,
10821,6.183187957183344e-06,
10822,6.176451689619408e-06,
10823,6.169722760877756e-06,
10824,6.163001162999132e-06,
10825,6.156286887943979e-06,
10826,6.149579927711953e-06,
10827,6.142880274387965e-06,
10828,6.136187919989347e-06,
10829,6.129502856607238e-06,
10830,6.12282507623862e-06,
10831,6.116154570999673e-06,
10832,6.109491332874238e-06,
10833,6.102835354035636e-06,
10834,6.096186626527303e-06,
10835,6.089545142468431e-06,
10836,6.0829108939844965e-06,
10837,6.0762838731405744e-06,
10838,6.069664072111098e-06,
10839,6.063051483011024e-06,
10840,6.056446098013944e-06,
10841,6.04984790925993e-06,
10842,6.043256908900393e-06,
10843,6.036673089084968e-06,
10844,6.0300964419680166e-06,
10845,6.023526959795165e-06,
10846,6.016964634785962e-06,
10847,6.01040945904593e-06,
10848,6.003861424836763e-06,
10849,5.997320524358507e-06,
10850,5.990786749859871e-06,
10851,5.98426009356905e-06,
10852,5.977740547749767e-06,
10853,5.971228104650408e-06,
10854,5.964722756506611e-06,
10855,5.958224495623149e-06,
10856,5.951733314305595e-06,
10857,5.945249204779374e-06,
10858,5.938772159357338e-06,
10859,5.932302170314005e-06,
10860,5.925839230015934e-06,
10861,5.9193833307455956e-06,
10862,5.912934464856535e-06,
10863,5.9064926247024025e-06,
10864,5.900057802560757e-06,
10865,5.8936299908747686e-06,
10866,5.887209181937803e-06,
10867,5.880795368172639e-06,
10868,5.874388541920589e-06,
10869,5.867988695554122e-06,
10870,5.861595821509192e-06,
10871,5.855209912128505e-06,
10872,5.848830959874892e-06,
10873,5.842458957201535e-06,
10874,5.836093896480506e-06,
10875,5.829735770181835e-06,
10876,5.823384570710909e-06,
10877,5.817040290562927e-06,
10878,5.810702922208347e-06,
10879,5.804372458085703e-06,
10880,5.798048890663132e-06,
10881,5.791732212450455e-06,
10882,5.785422415959498e-06,
10883,5.779119493656674e-06,
10884,5.772823438066432e-06,
10885,5.766534241713466e-06,
10886,5.760251897123304e-06,
10887,5.7539763967970764e-06,
10888,5.747707733338388e-06,
10889,5.741445899212506e-06,
10890,5.735190887038649e-06,
10891,5.7289426893940665e-06,
10892,5.7227012988489995e-06,
10893,5.716466707985078e-06,
10894,5.710238909388497e-06,
10895,5.7040178956662585e-06,
10896,5.697803659425414e-06,
10897,5.6915961932650365e-06,
10898,5.6853954898907854e-06,
10899,5.679201541833933e-06,
10900,5.6730143417162815e-06,
10901,5.666833882259896e-06,
10902,5.660660156124934e-06,
10903,5.6544931558882585e-06,
10904,5.648332874338201e-06,
10905,5.642179304088696e-06,
10906,5.636032437832569e-06,
10907,5.629892268267988e-06,
10908,5.623758788082956e-06,
10909,5.617631990013381e-06,
10910,5.6115118667565495e-06,
10911,5.605398411091336e-06,
10912,5.599291615759133e-06,
10913,5.593191473467092e-06,
10914,5.587097976971582e-06,
10915,5.581011119021719e-06,
10916,5.574930892358884e-06,
10917,5.5688572898085655e-06,
10918,5.562790304121797e-06,
10919,5.556729928103e-06,
10920,5.550676154575818e-06,
10921,5.544628976337798e-06,
10922,5.538588386194559e-06,
10923,5.532554376967584e-06,
10924,5.526526941493325e-06,
10925,5.52050607259049e-06,
10926,5.514491763089617e-06,
10927,5.50848400590646e-06,
10928,5.502482793854199e-06,
10929,5.496488119824287e-06,
10930,5.4904999766908385e-06,
10931,5.4845183572865e-06,
10932,5.4785432545697505e-06,
10933,5.472574661412199e-06,
10934,5.466612570772742e-06,
10935,5.460656975494127e-06,
10936,5.454707868573646e-06,
10937,5.448765242890283e-06,
10938,5.442829091382198e-06,
10939,5.436899406987837e-06,
10940,5.430976182717684e-06,
10941,5.4250594114639794e-06,
10942,5.419149086202165e-06,
10943,5.413245199976782e-06,
10944,5.407347745755961e-06,
10945,5.40145671651935e-06,
10946,5.395572105244604e-06,
10947,5.3896939049300694e-06,
10948,5.383822108611015e-06,
10949,5.377956709333169e-06,
10950,5.372097700118884e-06,
10951,5.366245074010264e-06,
10952,5.3603988239856355e-06,
10953,5.35455894317953e-06,
10954,5.348725424623545e-06,
10955,5.342898261383478e-06,
10956,5.337077446515016e-06,
10957,5.331262973173023e-06,
10958,5.325454834418095e-06,
10959,5.3196530232627035e-06,
10960,5.313857532906387e-06,
10961,5.308068356442031e-06,
10962,5.3022854869934275e-06,
10963,5.2965089176892e-06,
10964,5.29073864166088e-06,
10965,5.284974652089909e-06,
10966,5.279216942115881e-06,
10967,5.2734655048420674e-06,
10968,5.267720333457426e-06,
10969,5.261981421152288e-06,
10970,5.256248761094284e-06,
10971,5.250522346437738e-06,
10972,5.244802170423109e-06,
10973,5.239088226275629e-06,
10974,5.233380507187003e-06,
10975,5.227679006386274e-06,
10976,5.221983717030183e-06,
10977,5.21629463243036e-06,
10978,5.210611745741923e-06,
10979,5.204935050297675e-06,
10980,5.1992645393647245e-06,
10981,5.193600206154294e-06,
10982,5.187942043911207e-06,
10983,5.182290045966379e-06,
10984,5.176644205552981e-06,
10985,5.171004516026988e-06,
10986,5.165370970624201e-06,
10987,5.159743562706815e-06,
10988,5.15412228554264e-06,
10989,5.148507132519562e-06,
10990,5.142898096876444e-06,
10991,5.13729517203222e-06,
10992,5.131698351234035e-06,
10993,5.126107627890153e-06,
10994,5.120522995339522e-06,
10995,5.114944446989493e-06,
10996,5.109371976184373e-06,
10997,5.1038055763040595e-06,
10998,5.098245240762245e-06,
10999,5.09269096290011e-06,
11000,5.087142736128741e-06,
11001,5.08160055387233e-06,
11002,5.0760644095525115e-06,
11003,5.070534296578502e-06,
11004,5.065010208335694e-06,
11005,5.059492138297431e-06,
11006,5.053980079982791e-06,
11007,5.048474026755352e-06,
11008,5.042973972088465e-06,
11009,5.037479909459489e-06,
11010,5.0319918323092715e-06,
11011,5.026509734128468e-06,
11012,5.02103360839565e-06,
11013,5.01556344863817e-06,
11014,5.01009924834411e-06,
11015,5.004641001043279e-06,
11016,4.999188700215651e-06,
11017,4.99374233940086e-06,
11018,4.988301912090579e-06,
11019,4.98286741189251e-06,
11020,4.977438832274584e-06,
11021,4.972016166843441e-06,
11022,4.966599409084171e-06,
11023,4.961188552620047e-06,
11024,4.955783591048896e-06,
11025,4.950384517893059e-06,
11026,4.944991326722713e-06,
11027,4.939604011184842e-06,
11028,4.934222564874004e-06,
11029,4.928846981336778e-06,
11030,4.923477254207386e-06,
11031,4.918113377109092e-06,
11032,4.912755343640653e-06,
11033,4.907403147551663e-06,
11034,4.902056782407503e-06,
11035,4.896716241812948e-06,
11036,4.8913815195134534e-06,
11037,4.886052609110397e-06,
11038,4.880729504311903e-06,
11039,4.8754121987290696e-06,
11040,4.87010068608071e-06,
11041,4.864794960077147e-06,
11042,4.859495014351358e-06,
11043,4.854200842645683e-06,
11044,4.848912438734225e-06,
11045,4.843629796272626e-06,
11046,4.838352908927896e-06,
11047,4.833081770458543e-06,
11048,4.827816374648595e-06,
11049,4.82255671523823e-06,
11050,4.817302785912724e-06,
11051,4.81205458052291e-06,
11052,4.806812092798553e-06,
11053,4.801575316417446e-06,
11054,4.796344245277856e-06,
11055,4.791118873121147e-06,
11056,4.785899193757396e-06,
11057,4.780685200951199e-06,
11058,4.775476888556617e-06,
11059,4.7702742502994205e-06,
11060,4.7650772800647905e-06,
11061,4.759885971689949e-06,
11062,4.754700318980073e-06,
11063,4.749520315749117e-06,
11064,4.74434595586837e-06,
11065,4.739177233227314e-06,
11066,4.73401414160287e-06,
11067,4.7288566749217894e-06,
11068,4.723704827057958e-06,
11069,4.718558591843909e-06,
11070,4.713417963219676e-06,
11071,4.708282935006046e-06,
11072,4.703153501155815e-06,
11073,4.698029655548672e-06,
11074,4.692911392151783e-06,
11075,4.687798704811133e-06,
11076,4.682691587484968e-06,
11077,4.677590034114164e-06,
11078,4.672494038616361e-06,
11079,4.66740359499108e-06,
11080,4.66231869711193e-06,
11081,4.657239338990656e-06,
11082,4.6521655145190476e-06,
11083,4.647097217738646e-06,
11084,4.642034442595075e-06,
11085,4.636977183094413e-06,
11086,4.631925433277776e-06,
11087,4.626879187036821e-06,
11088,4.621838438402645e-06,
11089,4.6168031814488e-06,
11090,4.611773410120264e-06,
11091,4.6067491184957844e-06,
11092,4.601730300540714e-06,
11093,4.596716950361791e-06,
11094,4.591709061914801e-06,
11095,4.586706629356386e-06,
11096,4.58170964666222e-06,
11097,4.576718107961037e-06,
11098,4.571732007264266e-06,
11099,4.566751338731452e-06,
11100,4.5617760963664305e-06,
11101,4.556806274279192e-06,
11102,4.551841866530768e-06,
11103,4.5468828672259065e-06,
11104,4.5419292704930996e-06,
11105,4.536981070454204e-06,
11106,4.5320382612489936e-06,
11107,4.5271008369897244e-06,
11108,4.522168791823143e-06,
11109,4.517242119820832e-06,
11110,4.512320815184682e-06,
11111,4.507404872043602e-06,
11112,4.502494284611135e-06,
11113,4.497589046967055e-06,
11114,4.492689153332195e-06,
11115,4.487794597899596e-06,
11116,4.482905374844502e-06,
11117,4.478021478346772e-06,
11118,4.473142902597375e-06,
11119,4.468269641814878e-06,
11120,4.463401690202952e-06,
11121,4.458539041926343e-06,
11122,4.453681691307003e-06,
11123,4.448829632494395e-06,
11124,4.443982859792768e-06,
11125,4.43914136739824e-06,
11126,4.4343051495237476e-06,
11127,4.429474200457238e-06,
11128,4.4246485144668545e-06,
11129,4.419828085845563e-06,
11130,4.415012908820073e-06,
11131,4.410202977722993e-06,
11132,4.405398286771071e-06,
11133,4.400598830238073e-06,
11134,4.395804602504329e-06,
11135,4.3910155978472774e-06,
11136,4.386231810539423e-06,
11137,4.3814532349180625e-06,
11138,4.3766798653552965e-06,
11139,4.3719116961157425e-06,
11140,4.367148721564122e-06,
11141,4.362390935985416e-06,
11142,4.357638333863657e-06,
11143,4.352890909407775e-06,
11144,4.348148657026868e-06,
11145,4.343411571106778e-06,
11146,4.338679645979351e-06,
11147,4.333952876054473e-06,
11148,4.3292312557353326e-06,
11149,4.324514779317822e-06,
11150,4.319803441244923e-06,
11151,4.3150972359683524e-06,
11152,4.310396157875993e-06,
11153,4.305700201366888e-06,
11154,4.3010093608287955e-06,
11155,4.296323630752528e-06,
11156,4.291643005549782e-06,
11157,4.28696747966724e-06,
11158,4.282297047490448e-06,
11159,4.27763170351728e-06,
11160,4.272971442172061e-06,
11161,4.268316257970353e-06,
11162,4.263666145319062e-06,
11163,4.2590210987396845e-06,
11164,4.254381112697225e-06,
11165,4.249746181717329e-06,
11166,4.245116300265779e-06,
11167,4.2404914628273945e-06,
11168,4.235871663900317e-06,
11169,4.231256898017005e-06,
11170,4.226647159655012e-06,
11171,4.222042443375191e-06,
11172,4.217442743760984e-06,
11173,4.212848055248088e-06,
11174,4.2082583724053775e-06,
11175,4.203673689802353e-06,
11176,4.199094001957312e-06,
11177,4.194519303461844e-06,
11178,4.189949588884568e-06,
11179,4.185384852765523e-06,
11180,4.180825089668765e-06,
11181,4.176270294256622e-06,
11182,4.171720461001152e-06,
11183,4.167175584578202e-06,
11184,4.1626356595898835e-06,
11185,4.1581006806199705e-06,
11186,4.153570642239962e-06,
11187,4.149045539123453e-06,
11188,4.144525365872882e-06,
11189,4.140010117110081e-06,
11190,4.1354997874869286e-06,
11191,4.13099437162725e-06,
11192,4.12649386420865e-06,
11193,4.121998259849944e-06,
11194,4.117507553232005e-06,
11195,4.11302173899392e-06,
11196,4.108540811841735e-06,
11197,4.104064766387681e-06,
11198,4.09959359737661e-06,
11199,4.0951272994886355e-06,
11200,4.090665867410828e-06,
11201,4.086209295840556e-06,
11202,4.0817575794545196e-06,
11203,4.077310712986533e-06,
11204,4.072868691160957e-06,
11205,4.068431508681317e-06,
11206,4.063999160303716e-06,
11207,4.059571640725349e-06,
11208,4.0551489447133636e-06,
11209,4.050731067016642e-06,
11210,4.04631800235013e-06,
11211,4.041909745492955e-06,
11212,4.0375062912077034e-06,
11213,4.033107634298681e-06,
11214,4.028713769438193e-06,
11215,4.02432469151757e-06,
11216,4.0199403952599285e-06,
11217,4.015560875461493e-06,
11218,4.011186126943474e-06,
11219,4.006816144467309e-06,
11220,4.0024509228717196e-06,
11221,3.998090456950592e-06,
11222,3.993734741527864e-06,
11223,3.989383771436235e-06,
11224,3.985037541500268e-06,
11225,3.980696046588421e-06,
11226,3.976359281504156e-06,
11227,3.9720272411284766e-06,
11228,3.9676999202333574e-06,
11229,3.963377313757188e-06,
11230,3.959059416543492e-06,
11231,3.954746223468126e-06,
11232,3.950437729423639e-06,
11233,3.9461339292282745e-06,
11234,3.941834817823962e-06,
11235,3.937540390063556e-06,
11236,3.933250640859639e-06,
11237,3.9289655651110396e-06,
11238,3.924685157727821e-06,
11239,3.920409413663312e-06,
11240,3.91613832780652e-06,
11241,3.911871895073529e-06,
11242,3.9076101103851485e-06,
11243,3.90335296868756e-06,
11244,3.899100464961805e-06,
11245,3.894852594124282e-06,
11246,3.890609351103408e-06,
11247,3.886370730873285e-06,
11248,3.8821367283896715e-06,
11249,3.877907338630426e-06,
11250,3.873682556603735e-06,
11251,3.869462377240673e-06,
11252,3.865246795539551e-06,
11253,3.861035806530767e-06,
11254,3.8568294051529774e-06,
11255,3.852627586489017e-06,
11256,3.848430345444132e-06,
11257,3.844237677074805e-06,
11258,3.840049576401398e-06,
11259,3.83586603847734e-06,
11260,3.831687058304048e-06,
11261,3.827512630944225e-06,
11262,3.823342751354156e-06,
11263,3.819177414642058e-06,
11264,3.815016615844125e-06,
11265,3.8108603500182775e-06,
11266,3.8067086122737363e-06,
11267,3.802561397622276e-06,
11268,3.798418701170602e-06,
11269,3.7942805179598626e-06,
11270,3.7901468430602653e-06,
11271,3.786017671600259e-06,
11272,3.781892998670762e-06,
11273,3.777772819339716e-06,
11274,3.7736571287947264e-06,
11275,3.7695459220609157e-06,
11276,3.765439194252312e-06,
11277,3.7613369405110307e-06,
11278,3.7572391559765443e-06,
11279,3.753145835774183e-06,
11280,3.749056975024565e-06,
11281,3.744972568916933e-06,
11282,3.7408926125246526e-06,
11283,3.7368171010211505e-06,
11284,3.732746029567292e-06,
11285,3.7286793933347623e-06,
11286,3.7246171875157186e-06,
11287,3.720559407243889e-06,
11288,3.716506047750864e-06,
11289,3.7124571041907076e-06,
11290,3.708412571719816e-06,
11291,3.704372445605188e-06,
11292,3.7003367209722856e-06,
11293,3.696305393064308e-06,
11294,3.6922784570659062e-06,
11295,3.688255908224545e-06,
11296,3.684237741745522e-06,
11297,3.680223952846236e-06,
11298,3.6762145367940378e-06,
11299,3.672209488794753e-06,
11300,3.6682088040627097e-06,
11301,3.664212477861504e-06,
11302,3.6602205054663648e-06,
11303,3.656232882108494e-06,
11304,3.6522496030666894e-06,
11305,3.6482706635717484e-06,
11306,3.6442960589687718e-06,
11307,3.640325784473394e-06,
11308,3.6363598353851744e-06,
11309,3.632398207010919e-06,
11310,3.628440894614474e-06,
11311,3.624487893551785e-06,
11312,3.62053919908003e-06,
11313,3.6165948065375803e-06,
11314,3.6126547112036846e-06,
11315,3.6087189083742313e-06,
11316,3.6047873933738563e-06,
11317,3.600860161576667e-06,
11318,3.5969372082730636e-06,
11319,3.5930185288524426e-06,
11320,3.5891041186526007e-06,
11321,3.585193972933151e-06,
11322,3.5812880871422473e-06,
11323,3.5773864566847743e-06,
11324,3.5734890768169806e-06,
11325,3.5695959429558635e-06,
11326,3.5657070504270846e-06,
11327,3.5618223946807846e-06,
11328,3.5579419710446286e-06,
11329,3.554065774921114e-06,
11330,3.5501938017246945e-06,
11331,3.5463260468559984e-06,
11332,3.5424625057238094e-06,
11333,3.5386031736980863e-06,
11334,3.534748046235816e-06,
11335,3.530897118751824e-06,
11336,3.5270503866562137e-06,
11337,3.5232078453564424e-06,
11338,3.5193694903140173e-06,
11339,3.515535316942359e-06,
11340,3.5117053207269275e-06,
11341,3.507879497095597e-06,
11342,3.5040578414929964e-06,
11343,3.5002403494312407e-06,
11344,3.4964270162736842e-06,
11345,3.4926178375716884e-06,
11346,3.4888128087720424e-06,
11347,3.4850119253796533e-06,
11348,3.481215182855988e-06,
11349,3.477422576711276e-06,
11350,3.473634102381836e-06,
11351,3.469849755405465e-06,
11352,3.4660695312892938e-06,
11353,3.462293425507684e-06,
11354,3.458521433607619e-06,
11355,3.4547535511085173e-06,
11356,3.450989773530152e-06,
11357,3.4472300963841092e-06,
11358,3.443474515232454e-06,
11359,3.4397230255827572e-06,
11360,3.4359756230028956e-06,
11361,3.432232303030244e-06,
11362,3.4284930612194103e-06,
11363,3.424757893111885e-06,
11364,3.421026794254467e-06,
11365,3.4172997602151924e-06,
11366,3.413576786606058e-06,
11367,3.409857868980575e-06,
11368,3.4061430029390777e-06,
11369,3.4024321840669005e-06,
11370,3.3987254079370053e-06,
11371,3.3950226701545225e-06,
11372,3.391323966329738e-06,
11373,3.387629292036529e-06,
11374,3.383938642897325e-06,
11375,3.3802520145127237e-06,
11376,3.3765694025252004e-06,
11377,3.3728908025951366e-06,
11378,3.3692162103094046e-06,
11379,3.3655456212710993e-06,
11380,3.3618790311330238e-06,
11381,3.358216435570811e-06,
11382,3.3545578302524245e-06,
11383,3.3509032108160247e-06,
11384,3.347252572873137e-06,
11385,3.3436059120979046e-06,
11386,3.339963224199444e-06,
11387,3.3363245048231984e-06,
11388,3.3326897496301284e-06,
11389,3.329058954334345e-06,
11390,3.325432114600682e-06,
11391,3.3218092261601137e-06,
11392,3.318190284635851e-06,
11393,3.314575285774362e-06,
11394,3.310964225259919e-06,
11395,3.307357098809555e-06,
11396,3.3037539021022956e-06,
11397,3.300154630938409e-06,
11398,3.2965592810249997e-06,
11399,3.2929678480287114e-06,
11400,3.289380327718319e-06,
11401,3.285796715834809e-06,
11402,3.2822170081153595e-06,
11403,3.2786412002908e-06,
11404,3.275069288116846e-06,
11405,3.271501267353633e-06,
11406,3.267937133797129e-06,
11407,3.264376883146397e-06,
11408,3.2608205111982715e-06,
11409,3.2572680137296914e-06,
11410,3.253719386558399e-06,
11411,3.2501746254283873e-06,
11412,3.2466337261379217e-06,
11413,3.2430966844752674e-06,
11414,3.239563496253846e-06,
11415,3.236034157228012e-06,
11416,3.2325086632591846e-06,
11417,3.228987010128941e-06,
11418,3.2254691936351915e-06,
11419,3.221955209659482e-06,
11420,3.2184450540022164e-06,
11421,3.2149387224902737e-06,
11422,3.2114362109018446e-06,
11423,3.2079375151242784e-06,
11424,3.2044426309822957e-06,
11425,3.2009515543703255e-06,
11426,3.1974642810825377e-06,
11427,3.1939808070283114e-06,
11428,3.1905011280199744e-06,
11429,3.187025239952787e-06,
11430,3.183553138657953e-06,
11431,3.180084820045234e-06,
11432,3.176620280010994e-06,
11433,3.1731595143580767e-06,
11434,3.1697025190684337e-06,
11435,3.1662492900190033e-06,
11436,3.162799823137017e-06,
11437,3.159354114219395e-06,
11438,3.1559121592419968e-06,
11439,3.1524739540869027e-06,
11440,3.1490394946904608e-06,
11441,3.1456087769536753e-06,
11442,3.142181796796485e-06,
11443,3.138758550156685e-06,
11444,3.135339032965008e-06,
11445,3.1319232411921286e-06,
11446,3.1285111707773106e-06,
11447,3.1251028176042546e-06,
11448,3.121698177649737e-06,
11449,3.1182972468844128e-06,
11450,3.114900021273358e-06,
11451,3.1115064967578506e-06,
11452,3.1081166693460275e-06,
11453,3.10473053496721e-06,
11454,3.10134808954709e-06,
11455,3.097969329145053e-06,
11456,3.0945942497585987e-06,
11457,3.091222847344149e-06,
11458,3.0878551179057614e-06,
11459,3.0844910574155365e-06,
11460,3.081130661923598e-06,
11461,3.0777739274105014e-06,
11462,3.0744208498589184e-06,
11463,3.0710714253082807e-06,
11464,3.067725649781879e-06,
11465,3.064383519327035e-06,
11466,3.0610450299455647e-06,
11467,3.0577101776943908e-06,
11468,3.0543789585735146e-06,
11469,3.0510513686369612e-06,
11470,3.047727403958597e-06,
11471,3.0444070605796833e-06,
11472,3.041090334536504e-06,
11473,3.037777221894413e-06,
11474,3.0344677186859602e-06,
11475,3.031161821052732e-06,
11476,3.0278595250369496e-06,
11477,3.024560826731483e-06,
11478,3.0212657221496573e-06,
11479,3.017974207406994e-06,
11480,3.01468627862666e-06,
11481,3.01140193182872e-06,
11482,3.008121163183767e-06,
11483,3.004843968768966e-06,
11484,3.0015703446734473e-06,
11485,2.998300287005672e-06,
11486,2.995033791925798e-06,
11487,2.991770855539262e-06,
11488,2.9885114739870457e-06,
11489,2.9852556433729018e-06,
11490,2.982003359808649e-06,
11491,2.978754619423217e-06,
11492,2.9755094183629407e-06,
11493,2.9722677527786306e-06,
11494,2.9690296188217875e-06,
11495,2.965795012641178e-06,
11496,2.9625639304293255e-06,
11497,2.9593363683116785e-06,
11498,2.9561123224207106e-06,
11499,2.952891788989661e-06,
11500,2.9496747641952265e-06,
11501,2.9464612441718597e-06,
11502,2.943251225133857e-06,
11503,2.9400447031838755e-06,
11504,2.9368416745724746e-06,
11505,2.933642135566778e-06,
11506,2.930446082265265e-06,
11507,2.9272535108939997e-06,
11508,2.9240644176502952e-06,
11509,2.920878798778106e-06,
11510,2.9176966504649626e-06,
11511,2.9145179689618086e-06,
11512,2.911342750454276e-06,
11513,2.9081709912212106e-06,
11514,2.905002687421894e-06,
11515,2.901837835320664e-06,
11516,2.8986764311736422e-06,
11517,2.895518471213422e-06,
11518,2.8923639517209714e-06,
11519,2.8892128688705397e-06,
11520,2.886065218984258e-06,
11521,2.8829209982881967e-06,
11522,2.879780203064788e-06,
11523,2.8766428295720983e-06,
11524,2.873508874091103e-06,
11525,2.8703783328825798e-06,
11526,2.867251202287325e-06,
11527,2.8641274785005255e-06,
11528,2.8610071578591957e-06,
11529,2.857890236647496e-06,
11530,2.8547767112131606e-06,
11531,2.8516665777773725e-06,
11532,2.848559832651234e-06,
11533,2.8454564721944133e-06,
11534,2.842356492675844e-06,
11535,2.839259890438892e-06,
11536,2.8361666617505437e-06,
11537,2.8330768029914507e-06,
11538,2.8299903105112176e-06,
11539,2.826907180586738e-06,
11540,2.823827409528088e-06,
11541,2.8207509937801607e-06,
11542,2.8176779295941814e-06,
11543,2.8146082133575086e-06,
11544,2.811541841432988e-06,
11545,2.8084788101307403e-06,
11546,2.8054191158714362e-06,
11547,2.802362755006e-06,
11548,2.7993097238612307e-06,
11549,2.796260018840311e-06,
11550,2.7932136363272987e-06,
11551,2.7901705726827987e-06,
11552,2.787130824343091e-06,
11553,2.7840943876205827e-06,
11554,2.7810612589611895e-06,
11555,2.778031434736272e-06,
11556,2.7750049113286588e-06,
11557,2.7719816852019054e-06,
11558,2.7689617526985267e-06,
11559,2.765945110241646e-06,
11560,2.762931754277353e-06,
11561,2.759921681238058e-06,
11562,2.7569148874869513e-06,
11563,2.753911369458485e-06,
11564,2.750911123652986e-06,
11565,2.7479141464348094e-06,
11566,2.7449204342986837e-06,
11567,2.7419299836383897e-06,
11568,2.7389427909367877e-06,
11569,2.73595885263775e-06,
11570,2.7329781651780512e-06,
11571,2.7300007250289085e-06,
11572,2.727026528641184e-06,
11573,2.7240555725230446e-06,
11574,2.721087853038162e-06,
11575,2.7181233667486693e-06,
11576,2.715162110114839e-06,
11577,2.7122040796748647e-06,
11578,2.709249271856826e-06,
11579,2.706297683092242e-06,
11580,2.703349309902486e-06,
11581,2.7004041488355533e-06,
11582,2.6974621964019685e-06,
11583,2.694523449072068e-06,
11584,2.6915879033641162e-06,
11585,2.6886555557788794e-06,
11586,2.685726402872024e-06,
11587,2.682800441057118e-06,
11588,2.679877666955401e-06,
11589,2.6769580770790458e-06,
11590,2.67404166799259e-06,
11591,2.671128436118905e-06,
11592,2.668218378070705e-06,
11593,2.6653114904030552e-06,
11594,2.6624077696285398e-06,
11595,2.659507212309463e-06,
11596,2.656609814990029e-06,
11597,2.6537155742391408e-06,
11598,2.650824486598963e-06,
11599,2.6479365486616396e-06,
11600,2.6450517570087893e-06,
11601,2.6421701081852693e-06,
11602,2.6392915987430957e-06,
11603,2.6364162253170463e-06,
11604,2.6335439844263898e-06,
11605,2.630674872736276e-06,
11606,2.6278088868077805e-06,
11607,2.6249460232072417e-06,
11608,2.6220862785956766e-06,
11609,2.6192296494835086e-06,
11610,2.616376132517795e-06,
11611,2.6135257243079195e-06,
11612,2.6106784214764173e-06,
11613,2.607834220612893e-06,
11614,2.6049931183673835e-06,
11615,2.602155111375413e-06,
11616,2.5993201962464254e-06,
11617,2.596488369616513e-06,
11618,2.593659628161575e-06,
11619,2.5908339684341393e-06,
11620,2.5880113871196467e-06,
11621,2.5851918808548142e-06,
11622,2.582375446294917e-06,
11623,2.5795620800565826e-06,
11624,2.5767517788937344e-06,
11625,2.5739445393973583e-06,
11626,2.571140358269722e-06,
11627,2.568339232129663e-06,
11628,2.565541157710349e-06,
11629,2.5627461316456104e-06,
11630,2.5599541506011147e-06,
11631,2.5571652112884215e-06,
11632,2.5543793103704822e-06,
11633,2.5515964445357823e-06,
11634,2.5488166104985407e-06,
11635,2.546039804977055e-06,
11636,2.5432660246168414e-06,
11637,2.540495266145943e-06,
11638,2.537727526256488e-06,
11639,2.534962801710543e-06,
11640,2.5322010891784445e-06,
11641,2.5294423854305407e-06,
11642,2.526686687104905e-06,
11643,2.523933991000885e-06,
11644,2.521184293828031e-06,
11645,2.5184375922878014e-06,
11646,2.5156938831176735e-06,
11647,2.512953163110843e-06,
11648,2.5102154289465066e-06,
11649,2.507480677398604e-06,
11650,2.504748905210235e-06,
11651,2.5020201091574024e-06,
11652,2.4992942859688404e-06,
11653,2.4965714324319373e-06,
11654,2.4938515453302648e-06,
11655,2.4911346213945847e-06,
11656,2.4884206574116322e-06,
11657,2.485709650193681e-06,
11658,2.4830015964667313e-06,
11659,2.4802964930100247e-06,
11660,2.4775943366305042e-06,
11661,2.474895124118251e-06,
11662,2.4721988522632175e-06,
11663,2.4695055178537713e-06,
11664,2.4668151176760597e-06,
11665,2.4641276485503857e-06,
11666,2.4614431072972696e-06,
11667,2.458761490745175e-06,
11668,2.456082795645316e-06,
11669,2.4534070188332288e-06,
11670,2.450734157159061e-06,
11671,2.448064207422899e-06,
11672,2.4453971664709245e-06,
11673,2.4427330310860026e-06,
11674,2.4400717981846863e-06,
11675,2.437413464597251e-06,
11676,2.4347580271000827e-06,
11677,2.4321054825414177e-06,
11678,2.4294558278097785e-06,
11679,2.4268090597203043e-06,
11680,2.4241651751505546e-06,
11681,2.421524170994615e-06,
11682,2.418886044065433e-06,
11683,2.416250791238427e-06,
11684,2.413618409383774e-06,
11685,2.410988895397223e-06,
11686,2.4083622461354018e-06,
11687,2.4057384584153956e-06,
11688,2.4031175291992402e-06,
11689,2.400499455352926e-06,
11690,2.3978842337757422e-06,
11691,2.395271861349354e-06,
11692,2.3926623349135817e-06,
11693,2.390055651434875e-06,
11694,2.387451807842319e-06,
11695,2.384850801016933e-06,
11696,2.3822526278174645e-06,
11697,2.379657285204594e-06,
11698,2.377064770126442e-06,
11699,2.3744750794424305e-06,
11700,2.3718882100964545e-06,
11701,2.3693041589953255e-06,
11702,2.366722923098986e-06,
11703,2.3641444992912465e-06,
11704,2.3615688846003077e-06,
11705,2.3589960758976678e-06,
11706,2.356426070130302e-06,
11707,2.353858864268623e-06,
11708,2.351294455273354e-06,
11709,2.348732839992655e-06,
11710,2.3461740154788793e-06,
11711,2.3436179787027897e-06,
11712,2.3410647265671767e-06,
11713,2.3385142560960965e-06,
11714,2.3359665642346955e-06,
11715,2.333421647921761e-06,
11716,2.3308795041941575e-06,
11717,2.3283401300172163e-06,
11718,2.3258035223511884e-06,
11719,2.323269678197516e-06,
11720,2.3207385945138035e-06,
11721,2.318210268301599e-06,
11722,2.3156846965483705e-06,
11723,2.313161876307813e-06,
11724,2.3106418045700565e-06,
11725,2.3081244783133713e-06,
11726,2.305609894588819e-06,
11727,2.3030980503397593e-06,
11728,2.3005889426675005e-06,
11729,2.2980825685076365e-06,
11730,2.2955789249209136e-06,
11731,2.293078008884922e-06,
11732,2.290579817481013e-06,
11733,2.288084347704141e-06,
11734,2.285591596639868e-06,
11735,2.2831015612925434e-06,
11736,2.2806142386607755e-06,
11737,2.2781296258626993e-06,
11738,2.2756477199892556e-06,
11739,2.27316851799188e-06,
11740,2.2706920169763215e-06,
11741,2.2682182139636173e-06,
11742,2.265747106010637e-06,
11743,2.2632786902112593e-06,
11744,2.2608129636374496e-06,
11745,2.258349923351782e-06,
11746,2.2558895664264742e-06,
11747,2.2534318899531245e-06,
11748,2.250976890994117e-06,
11749,2.2485245666379184e-06,
11750,2.246074913929024e-06,
11751,2.2436279300041508e-06,
11752,2.2411836119157385e-06,
11753,2.2387419567609647e-06,
11754,2.2363029616833893e-06,
11755,2.233866623789677e-06,
11756,2.231432940193058e-06,
11757,2.229001907929408e-06,
11758,2.2265735241452146e-06,
11759,2.2241477860009588e-06,
11760,2.2217246905632865e-06,
11761,2.2193042349638443e-06,
11762,2.2168864163335296e-06,
11763,2.2144712317922584e-06,
11764,2.212058678443973e-06,
11765,2.2096487534810695e-06,
11766,2.2072414539672135e-06,
11767,2.204836777064874e-06,
11768,2.202434719972664e-06,
11769,2.2000352798221804e-06,
11770,2.1976384537365993e-06,
11771,2.19524423881362e-06,
11772,2.1928526323155633e-06,
11773,2.1904636313237033e-06,
11774,2.1880772330353583e-06,
11775,2.185693434611346e-06,
11776,2.1833122332394974e-06,
11777,2.180933626054598e-06,
11778,2.178557610244392e-06,
11779,2.176184182991731e-06,
11780,2.1738133414783587e-06,
11781,2.1714450828152505e-06,
11782,2.169079404298411e-06,
11783,2.1667163030550176e-06,
11784,2.164355776251118e-06,
11785,2.161997821147407e-06,
11786,2.1596424348876753e-06,
11787,2.1572896147272543e-06,
11788,2.15493935785924e-06,
11789,2.1525916614540093e-06,
11790,2.1502465227699734e-06,
11791,2.147903939001205e-06,
11792,2.1455639073359158e-06,
11793,2.1432264249936063e-06,
11794,2.1408914892564986e-06,
11795,2.1385590973045993e-06,
11796,2.1362292463333316e-06,
11797,2.133901933695544e-06,
11798,2.131577156517049e-06,
11799,2.1292549120321945e-06,
11800,2.1269351975565845e-06,
11801,2.124618010259061e-06,
11802,2.1223033474319897e-06,
11803,2.1199912062903346e-06,
11804,2.1176815841192535e-06,
11805,2.1153744781464813e-06,
11806,2.1130698856824863e-06,
11807,2.110767803934158e-06,
11808,2.108468230202753e-06,
11809,2.1061711616899563e-06,
11810,2.1038765957407877e-06,
11811,2.101584529624775e-06,
11812,2.099294960591963e-06,
11813,2.0970078859258812e-06,
11814,2.0947233029510584e-06,
11815,2.0924412088898145e-06,
11816,2.0901616010440028e-06,
11817,2.0878844767007605e-06,
11818,2.085609833153894e-06,
11819,2.0833376677333454e-06,
11820,2.0810679777128973e-06,
11821,2.0788007604230503e-06,
11822,2.0765360131142915e-06,
11823,2.0742737331786343e-06,
11824,2.0720139178817657e-06,
11825,2.0697565645207174e-06,
11826,2.067501670438272e-06,
11827,2.0652492329479713e-06,
11828,2.062999249368926e-06,
11829,2.0607517169950164e-06,
11830,2.058506633244564e-06,
11831,2.056263995358968e-06,
11832,2.054023800727397e-06,
11833,2.0517860466932325e-06,
11834,2.049550730564185e-06,
11835,2.0473178496939526e-06,
11836,2.045087401434613e-06,
11837,2.0428593831498606e-06,
11838,2.04063379215538e-06,
11839,2.0384106258323087e-06,
11840,2.0361898815564283e-06,
11841,2.0339715566145585e-06,
11842,2.0317556484474013e-06,
11843,2.0295421543769733e-06,
11844,2.027331071839963e-06,
11845,2.025122398157458e-06,
11846,2.0229161306902853e-06,
11847,2.0207122668630294e-06,
11848,2.018510804039785e-06,
11849,2.0163117395586635e-06,
11850,2.014115070885708e-06,
11851,2.0119207953415786e-06,
11852,2.009728910342692e-06,
11853,2.0075394132992224e-06,
11854,2.0053523016271106e-06,
11855,2.003167572704957e-06,
11856,2.0009852238909608e-06,
11857,1.9988052526784956e-06,
11858,1.996627656408157e-06,
11859,1.9944524325406518e-06,
11860,1.99227957849916e-06,
11861,1.9901090916717614e-06,
11862,1.9879409694694463e-06,
11863,1.985775209307235e-06,
11864,1.983611808621371e-06,
11865,1.981450764829879e-06,
11866,1.979292075371536e-06,
11867,1.9771357377285026e-06,
11868,1.974981749351518e-06,
11869,1.9728301076167167e-06,
11870,1.970680809993215e-06,
11871,1.968533853902773e-06,
11872,1.9663892367450754e-06,
11873,1.96424695607259e-06,
11874,1.9621070092675584e-06,
11875,1.9599693938681483e-06,
11876,1.9578341072870055e-06,
11877,1.955701147047613e-06,
11878,1.953570510503308e-06,
11879,1.9514421952209853e-06,
11880,1.9493161985841595e-06,
11881,1.947192518106988e-06,
11882,1.9450711512636664e-06,
11883,1.9429520955297453e-06,
11884,1.9408353484292916e-06,
11885,1.9387209074133304e-06,
11886,1.936608769967791e-06,
11887,1.9344989335993488e-06,
11888,1.9323913958201906e-06,
11889,1.930286154082598e-06,
11890,1.928183205888543e-06,
11891,1.9260825487636865e-06,
11892,1.923984180159518e-06,
11893,1.921888097659813e-06,
11894,1.919794298696185e-06,
11895,1.917702780831563e-06,
11896,1.91561354155239e-06,
11897,1.9135265783901476e-06,
11898,1.911441888875523e-06,
11899,1.9093594705594153e-06,
11900,1.9072793209127223e-06,
11901,1.9052014374842312e-06,
11902,1.9031258178324403e-06,
11903,1.9010524594421513e-06,
11904,1.8989813598597365e-06,
11905,1.8969125166130177e-06,
11906,1.8948459272691503e-06,
11907,1.89278158940706e-06,
11908,1.8907195004933486e-06,
11909,1.888659658136349e-06,
11910,1.886602059875954e-06,
11911,1.8845467032453942e-06,
11912,1.8824935858306965e-06,
11913,1.88044270515365e-06,
11914,1.8783940588113618e-06,
11915,1.8763476443868261e-06,
11916,1.8743034594630394e-06,
11917,1.872261501573097e-06,
11918,1.8702217682762088e-06,
11919,1.868184257157916e-06,
11920,1.866148965827589e-06,
11921,1.864115891833845e-06,
11922,1.8620850327294204e-06,
11923,1.8600563861225853e-06,
11924,1.8580299496532654e-06,
11925,1.8560057208809986e-06,
11926,1.8539836974176889e-06,
11927,1.8519638768104028e-06,
11928,1.8499462566984334e-06,
11929,1.847930834745837e-06,
11930,1.8459176084941714e-06,
11931,1.8439065755108033e-06,
11932,1.841897733407741e-06,
11933,1.839891079851599e-06,
11934,1.8378866124773343e-06,
11935,1.835884328878929e-06,
11936,1.8338842266834763e-06,
11937,1.8318863034705388e-06,
11938,1.8298905568829538e-06,
11939,1.827896984541004e-06,
11940,1.8259055840888441e-06,
11941,1.8239163531969232e-06,
11942,1.8219292894410044e-06,
11943,1.8199443905100576e-06,
11944,1.8179616540075075e-06,
11945,1.8159810776280833e-06,
11946,1.8140026589752153e-06,
11947,1.8120263956984186e-06,
11948,1.8100522854613611e-06,
11949,1.8080803259387914e-06,
11950,1.8061105147216314e-06,
11951,1.804142849536963e-06,
11952,1.802177328053581e-06,
11953,1.8002139478673196e-06,
11954,1.7982527066858963e-06,
11955,1.796293602207641e-06,
11956,1.794336632033644e-06,
11957,1.7923817938858253e-06,
11958,1.7904290854288426e-06,
11959,1.7884785043284564e-06,
11960,1.786530048311976e-06,
11961,1.7845837150469465e-06,
11962,1.7826395022227168e-06,
11963,1.7806974075320148e-06,
11964,1.7787574286611467e-06,
11965,1.7768195632804926e-06,
11966,1.774883809074927e-06,
11967,1.7729501637756723e-06,
11968,1.7710186250792518e-06,
11969,1.769089190750611e-06,
11970,1.7671618584562546e-06,
11971,1.7652366258303918e-06,
11972,1.7633134906499378e-06,
11973,1.7613924506398262e-06,
11974,1.7594735035164495e-06,
11975,1.757556646999015e-06,
11976,1.7556418787703035e-06,
11977,1.7537291966529274e-06,
11978,1.7518185982648543e-06,
11979,1.749910081345404e-06,
11980,1.7480036436784419e-06,
11981,1.7460992829861209e-06,
11982,1.7441969970297755e-06,
11983,1.7422967834513723e-06,
11984,1.7403986400626025e-06,
11985,1.7385025645374131e-06,
11986,1.7366085547411845e-06,
11987,1.7347166084100893e-06,
11988,1.7328267232250653e-06,
11989,1.7309388970102512e-06,
11990,1.7290531274696224e-06,
11991,1.7271694123988208e-06,
11992,1.7252877495094153e-06,
11993,1.7234081366039681e-06,
11994,1.721530571444571e-06,
11995,1.7196550517858343e-06,
11996,1.7177815753676907e-06,
11997,1.7159101400297536e-06,
11998,1.714040743577075e-06,
11999,1.7121733837688397e-06,
12000,1.7103080582926268e-06,
12001,1.7084447649991637e-06,
12002,1.7065835016432509e-06,
12003,1.7047242660328963e-06,
12004,1.7028670559640856e-06,
12005,1.701011869259101e-06,
12006,1.699158703694308e-06,
12007,1.6973075570602592e-06,
12008,1.6954584271158493e-06,
12009,1.6936113117191208e-06,
12010,1.691766208663649e-06,
12011,1.6899231157356615e-06,
12012,1.688082030820454e-06,
12013,1.686242951661182e-06,
12014,1.6844058760954854e-06,
12015,1.682570801885958e-06,
12016,1.6807377269027767e-06,
12017,1.6789066489438284e-06,
12018,1.6770775658473176e-06,
12019,1.6752504754763661e-06,
12020,1.6734253755990913e-06,
12021,1.6716022640839172e-06,
12022,1.6697811387839028e-06,
12023,1.6679619974943499e-06,
12024,1.666144838078657e-06,
12025,1.664329658296926e-06,
12026,1.6625164561428667e-06,
12027,1.660705229379159e-06,
12028,1.658895975810959e-06,
12029,1.65708869333708e-06,
12030,1.6552833798122049e-06,
12031,1.6534800331099076e-06,
12032,1.6516786510087922e-06,
12033,1.6498792314310883e-06,
12034,1.648081772246671e-06,
12035,1.6462862713061762e-06,
12036,1.6444927264815496e-06,
12037,1.6427011356132054e-06,
12038,1.640911496601648e-06,
12039,1.6391238073102849e-06,
12040,1.6373380655935066e-06,
12041,1.6355542693636286e-06,
12042,1.633772416503758e-06,
12043,1.6319925048457435e-06,
12044,1.6302145323310263e-06,
12045,1.6284384968776731e-06,
12046,1.6266643962971439e-06,
12047,1.6248922284713752e-06,
12048,1.6231219913495068e-06,
12049,1.6213536827938242e-06,
12050,1.6195873007530612e-06,
12051,1.6178228430926823e-06,
12052,1.6160603076980119e-06,
12053,1.614299692495744e-06,
12054,1.61254099543196e-06,
12055,1.6107842143502882e-06,
12056,1.6090293472043778e-06,
12057,1.607276391905554e-06,
12058,1.6055253463573657e-06,
12059,1.6037762084826418e-06,
12060,1.6020289762080005e-06,
12061,1.6002836474304783e-06,
12062,1.5985402201284172e-06,
12063,1.5967986922212965e-06,
12064,1.5950590615734962e-06,
12065,1.5933213261818073e-06,
12066,1.5915854839637942e-06,
12067,1.5898515328841404e-06,
12068,1.5881194708584662e-06,
12069,1.5863892957910644e-06,
12070,1.5846610056679473e-06,
12071,1.5829345984266336e-06,
12072,1.581210072015146e-06,
12073,1.5794874243702605e-06,
12074,1.5777666534887819e-06,
12075,1.576047757255931e-06,
12076,1.574330733691547e-06,
12077,1.5726155807601053e-06,
12078,1.5709022963715763e-06,
12079,1.5691908785402284e-06,
12080,1.5674813252360193e-06,
12081,1.565773634373864e-06,
12082,1.5640678039288288e-06,
12083,1.5623638319408264e-06,
12084,1.5606617163261608e-06,
12085,1.5589614550561207e-06,
12086,1.5572630461474435e-06,
12087,1.5555664875930792e-06,
12088,1.5538717773745544e-06,
12089,1.5521789134328914e-06,
12090,1.5504878937316502e-06,
12091,1.5487987163459288e-06,
12092,1.5471113792407e-06,
12093,1.5454258804223231e-06,
12094,1.5437422178720228e-06,
12095,1.542060389544848e-06,
12096,1.5403803934966985e-06,
12097,1.5387022277013777e-06,
12098,1.5370258901899164e-06,
12099,1.5353513789565807e-06,
12100,1.5336786920168875e-06,
12101,1.532007827358021e-06,
12102,1.5303387830685912e-06,
12103,1.5286715571232e-06,
12104,1.5270061475106132e-06,
12105,1.5253425523102462e-06,
12106,1.5236807694642616e-06,
12107,1.5220207970814633e-06,
12108,1.5203626331373972e-06,
12109,1.5187062756828176e-06,
12110,1.5170517227684976e-06,
12111,1.5153989724137337e-06,
12112,1.5137480226314446e-06,
12113,1.5120988714643313e-06,
12114,1.5104515169399835e-06,
12115,1.5088059571465231e-06,
12116,1.5071621900794915e-06,
12117,1.5055202138163464e-06,
12118,1.503880026408041e-06,
12119,1.5022416258961544e-06,
12120,1.500605010342478e-06,
12121,1.498970177797076e-06,
12122,1.49733712631786e-06,
12123,1.4957058539626755e-06,
12124,1.4940763588008578e-06,
12125,1.4924486388796822e-06,
12126,1.4908226922935409e-06,
12127,1.4891985171038705e-06,
12128,1.4875761113652504e-06,
12129,1.4859554731631995e-06,
12130,1.484336600537368e-06,
12131,1.4827194916198944e-06,
12132,1.4811041444756586e-06,
12133,1.4794905571227445e-06,
12134,1.4778787276756325e-06,
12135,1.4762686542736265e-06,
12136,1.47466033495868e-06,
12137,1.4730537678194811e-06,
12138,1.4714489509677857e-06,
12139,1.4698458825083401e-06,
12140,1.4682445604787748e-06,
12141,1.4666449830045963e-06,
12142,1.4650471481886549e-06,
12143,1.463451054139768e-06,
12144,1.4618566988956185e-06,
12145,1.4602640806574942e-06,
12146,1.458673197524546e-06,
12147,1.4570840475451202e-06,
12148,1.455496628877768e-06,
12149,1.4539109396064215e-06,
12150,1.4523269778828031e-06,
12151,1.4507447417512053e-06,
12152,1.4491642294411057e-06,
12153,1.4475854390427008e-06,
12154,1.4460083686735253e-06,
12155,1.4444330163761968e-06,
12156,1.4428593803464007e-06,
12157,1.4412874587253714e-06,
12158,1.439717249612945e-06,
12159,1.4381487511619766e-06,
12160,1.4365819615484128e-06,
12161,1.4350168788540365e-06,
12162,1.433453501224993e-06,
12163,1.431891826825504e-06,
12164,1.4303318537799773e-06,
12165,1.4287735802594158e-06,
12166,1.4272170044199902e-06,
12167,1.4256621243653134e-06,
12168,1.4241089382627791e-06,
12169,1.4225574442680221e-06,
12170,1.4210076405311335e-06,
12171,1.4194595252715797e-06,
12172,1.417913096592313e-06,
12173,1.4163683526752522e-06,
12174,1.4148252916849116e-06,
12175,1.4132839118120054e-06,
12176,1.4117442111790176e-06,
12177,1.4102061879264886e-06,
12178,1.408669840284592e-06,
12179,1.4071351664698891e-06,
12180,1.4056021645503253e-06,
12181,1.4040708327476333e-06,
12182,1.4025411692556221e-06,
12183,1.401013172264138e-06,
12184,1.399486839949313e-06,
12185,1.3979621704883666e-06,
12186,1.3964391620743463e-06,
12187,1.3949178129155903e-06,
12188,1.3933981211641058e-06,
12189,1.3918800850230957e-06,
12190,1.3903637027153362e-06,
12191,1.3888489724303704e-06,
12192,1.387335892373798e-06,
12193,1.3858244607298497e-06,
12194,1.3843146757195532e-06,
12195,1.382806535573981e-06,
12196,1.381300038466069e-06,
12197,1.3797951826130232e-06,
12198,1.3782919662589148e-06,
12199,1.3767903875671676e-06,
12200,1.37529044473293e-06,
12201,1.37379213601152e-06,
12202,1.3722954595792152e-06,
12203,1.3708004137403061e-06,
12204,1.3693069966550205e-06,
12205,1.367815206614111e-06,
12206,1.3663250417778444e-06,
12207,1.3648365004122237e-06,
12208,1.3633495807472838e-06,
12209,1.3618642809882918e-06,
12210,1.3603805993638781e-06,
12211,1.3588985341844452e-06,
12212,1.3574180836152214e-06,
12213,1.3559392458969081e-06,
12214,1.3544620193488906e-06,
12215,1.3529864021416805e-06,
12216,1.3515123925474056e-06,
12217,1.3500399888334177e-06,
12218,1.34856918918928e-06,
12219,1.3470999919422416e-06,
12220,1.3456323953112602e-06,
12221,1.344166397517074e-06,
12222,1.3427019968812341e-06,
12223,1.341239191633607e-06,
12224,1.3397779800299712e-06,
12225,1.3383183603527135e-06,
12226,1.3368603308648543e-06,
12227,1.3354038897919504e-06,
12228,1.3339490354639453e-06,
12229,1.3324957661153704e-06,
12230,1.3310440799824767e-06,
12231,1.3295939754143846e-06,
12232,1.3281454506775353e-06,
12233,1.3266985040314503e-06,
12234,1.3252531337499843e-06,
12235,1.3238093381184333e-06,
12236,1.3223671154474651e-06,
12237,1.3209264640009654e-06,
12238,1.3194873820591714e-06,
12239,1.3180498679151006e-06,
12240,1.3166139198871982e-06,
12241,1.3151795362672362e-06,
12242,1.313746715312067e-06,
12243,1.3123154553513984e-06,
12244,1.3108857546574128e-06,
12245,1.309457611539549e-06,
12246,1.3080310243338495e-06,
12247,1.306605991315322e-06,
12248,1.3051825108091863e-06,
12249,1.3037605810737429e-06,
12250,1.3023402004756898e-06,
12251,1.3009213673411391e-06,
12252,1.2995040799381283e-06,
12253,1.2980883365946156e-06,
12254,1.2966741356021014e-06,
12255,1.29526147530437e-06,
12256,1.2938503540357921e-06,
12257,1.2924407701343674e-06,
12258,1.2910327219121565e-06,
12259,1.2896262076301713e-06,
12260,1.2882212256830017e-06,
12261,1.286817774464273e-06,
12262,1.2854158522233576e-06,
12263,1.284015457307247e-06,
12264,1.2826165880476692e-06,
12265,1.2812192427216996e-06,
12266,1.2798234197421279e-06,
12267,1.2784291174383584e-06,
12268,1.2770363341704223e-06,
12269,1.2756450682990097e-06,
12270,1.2742553181107796e-06,
12271,1.2728670819951187e-06,
12272,1.271480358315507e-06,
12273,1.2700951453858004e-06,
12274,1.2687114415554007e-06,
12275,1.267329245251484e-06,
12276,1.2659485547692166e-06,
12277,1.2645693684442438e-06,
12278,1.26319168466542e-06,
12279,1.261815501778735e-06,
12280,1.2604408182349573e-06,
12281,1.259067632311988e-06,
12282,1.257695942444596e-06,
12283,1.2563257469553474e-06,
12284,1.2549570441888778e-06,
12285,1.2535898325675257e-06,
12286,1.252224110438843e-06,
12287,1.2508598761976266e-06,
12288,1.2494971282321286e-06,
12289,1.248135864933922e-06,
12290,1.2467760846688093e-06,
12291,1.2454177858154992e-06,
12292,1.244060966689291e-06,
12293,1.2427056257872478e-06,
12294,1.2413517614394908e-06,
12295,1.2399993720851252e-06,
12296,1.2386484561054172e-06,
12297,1.2372990118346712e-06,
12298,1.2359510377013959e-06,
12299,1.2346045322011959e-06,
12300,1.2332594936150785e-06,
12301,1.2319159203233597e-06,
12302,1.2305738108357286e-06,
12303,1.2292331635020256e-06,
12304,1.2278939767325756e-06,
12305,1.2265562489246152e-06,
12306,1.2252199785109732e-06,
12307,1.223885163881579e-06,
12308,1.222551803478205e-06,
12309,1.2212198956938865e-06,
12310,1.2198894389528388e-06,
12311,1.2185604316954357e-06,
12312,1.2172328723088526e-06,
12313,1.2159067592521345e-06,
12314,1.2145820909177155e-06,
12315,1.2132588657924432e-06,
12316,1.2119370822237076e-06,
12317,1.2106167386995152e-06,
12318,1.2092978335855641e-06,
12319,1.207980365328166e-06,
12320,1.2066643323949956e-06,
12321,1.2053497332093012e-06,
12322,1.204036566238384e-06,
12323,1.2027248299052835e-06,
12324,1.201414522611604e-06,
12325,1.2001056428679948e-06,
12326,1.1987981890516713e-06,
12327,1.197492159636457e-06,
12328,1.196187553046908e-06,
12329,1.194884367806167e-06,
12330,1.1935826023060627e-06,
12331,1.1922822549889855e-06,
12332,1.1909833243867703e-06,
12333,1.189685808865132e-06,
12334,1.1883897069208172e-06,
12335,1.1870950170255074e-06,
12336,1.1858017376365245e-06,
12337,1.1845098671925924e-06,
12338,1.1832194041490433e-06,
12339,1.1819303470423564e-06,
12340,1.180642694302697e-06,
12341,1.1793564444020222e-06,
12342,1.1780715957389644e-06,
12343,1.1767881468819573e-06,
12344,1.1755060963009894e-06,
12345,1.1742254424126527e-06,
12346,1.172946183762968e-06,
12347,1.1716683187682574e-06,
12348,1.1703918459446897e-06,
12349,1.1691167637823074e-06,
12350,1.1678430707751887e-06,
12351,1.1665707653742494e-06,
12352,1.1652998461262913e-06,
12353,1.1640303114725916e-06,
12354,1.1627621598505161e-06,
12355,1.1614953898384147e-06,
12356,1.1602299999313782e-06,
12357,1.1589659886149261e-06,
12358,1.1577033543587932e-06,
12359,1.156442095642987e-06,
12360,1.1551822110439935e-06,
12361,1.153923699021547e-06,
12362,1.1526665580903253e-06,
12363,1.151410786743702e-06,
12364,1.1501563834955908e-06,
12365,1.148903346829356e-06,
12366,1.1476516753032416e-06,
12367,1.1464013673762469e-06,
12368,1.1451524216517014e-06,
12369,1.1439048365745532e-06,
12370,1.14265861063191e-06,
12371,1.1414137424344956e-06,
12372,1.1401702304421278e-06,
12373,1.1389280732201194e-06,
12374,1.1376872692167458e-06,
12375,1.1364478170070534e-06,
12376,1.135209715151755e-06,
12377,1.1339729621464893e-06,
12378,1.1327375564546778e-06,
12379,1.1315034967127588e-06,
12380,1.1302707814056873e-06,
12381,1.1290394091159205e-06,
12382,1.1278093782983123e-06,
12383,1.1265806875521544e-06,
12384,1.1253533354207362e-06,
12385,1.1241273204226709e-06,
12386,1.1229026410874445e-06,
12387,1.1216792959874657e-06,
12388,1.1204572836782077e-06,
12389,1.1192366026762817e-06,
12390,1.1180172515401863e-06,
12391,1.1167992288519186e-06,
12392,1.115582533118196e-06,
12393,1.1143671629181367e-06,
12394,1.1131531167793603e-06,
12395,1.111940393286682e-06,
12396,1.1107289910266178e-06,
12397,1.1095189084887572e-06,
12398,1.1083101442622975e-06,
12399,1.1071026969650187e-06,
12400,1.1058965651312749e-06,
12401,1.1046917472989912e-06,
12402,1.103488242028869e-06,
12403,1.102286047911784e-06,
12404,1.1010851635087631e-06,
12405,1.099885587458145e-06,
12406,1.0986873182927781e-06,
12407,1.097490354586452e-06,
12408,1.0962946948602734e-06,
12409,1.0951003377617892e-06,
12410,1.0939072818737942e-06,
12411,1.0927155257345686e-06,
12412,1.091525067994637e-06,
12413,1.0903359071753158e-06,
12414,1.0891480418782692e-06,
12415,1.0879614707000223e-06,
12416,1.0867761922474657e-06,
12417,1.0855922050578043e-06,
12418,1.0844095077587749e-06,
12419,1.0832280990101263e-06,
12420,1.082047977303058e-06,
12421,1.0808691413087607e-06,
12422,1.079691589561309e-06,
12423,1.0785153207010534e-06,
12424,1.0773403333294038e-06,
12425,1.0761666260547592e-06,
12426,1.0749941974994918e-06,
12427,1.0738230462162032e-06,
12428,1.0726531708279928e-06,
12429,1.0714845699478793e-06,
12430,1.0703172421987931e-06,
12431,1.0691511862115618e-06,
12432,1.0679864005560098e-06,
12433,1.0668228838562108e-06,
12434,1.06566063481799e-06,
12435,1.0644996519245736e-06,
12436,1.063339933905217e-06,
12437,1.062181479329381e-06,
12438,1.0610242868506588e-06,
12439,1.0598683550896435e-06,
12440,1.058713682643305e-06,
12441,1.0575602681457216e-06,
12442,1.0564081102217212e-06,
12443,1.055257207508539e-06,
12444,1.0541075586715174e-06,
12445,1.0529591623272338e-06,
12446,1.05181201706646e-06,
12447,1.050666121569164e-06,
12448,1.0495214744836834e-06,
12449,1.0483780744539418e-06,
12450,1.0472359200783075e-06,
12451,1.0460950100137106e-06,
12452,1.0449553428942986e-06,
12453,1.0438169174282579e-06,
12454,1.0426797321883373e-06,
12455,1.0415437858447455e-06,
12456,1.0404090770631876e-06,
12457,1.0392756045129707e-06,
12458,1.0381433668169601e-06,
12459,1.037012362621203e-06,
12460,1.0358825905962524e-06,
12461,1.034754049426921e-06,
12462,1.0336267377422328e-06,
12463,1.0325006542120675e-06,
12464,1.0313757974841657e-06,
12465,1.0302521662218164e-06,
12466,1.0291297591249842e-06,
12467,1.028008574790398e-06,
12468,1.026888611971357e-06,
12469,1.025769869249219e-06,
12470,1.0246523453416685e-06,
12471,1.0235360389427889e-06,
12472,1.022420948675899e-06,
12473,1.0213070732614844e-06,
12474,1.0201944113989141e-06,
12475,1.0190829616449631e-06,
12476,1.0179727227814743e-06,
12477,1.016863693472433e-06,
12478,1.0157558723891688e-06,
12479,1.0146492582338427e-06,
12480,1.0135438496803926e-06,
12481,1.0124396454182394e-06,
12482,1.01133664405478e-06,
12483,1.010234844405524e-06,
12484,1.0091342450970344e-06,
12485,1.0080348448779093e-06,
12486,1.006936642430326e-06,
12487,1.0058396363693629e-06,
12488,1.0047438254608337e-06,
12489,1.0036492083635264e-06,
12490,1.002555783804662e-06,
12491,1.0014635504724305e-06,
12492,1.0003725070450747e-06,
12493,9.992826522710178e-07,
12494,9.981939848580914e-07,
12495,9.971065035041637e-07,
12496,9.960202068689388e-07,
12497,9.949350937255222e-07,
12498,9.93851162755275e-07,
12499,9.927684126522306e-07,
12500,9.916868421711486e-07,
12501,9.906064499985528e-07,
12502,9.895272348482805e-07,
12503,9.88449195481281e-07,
12504,9.87372330544525e-07,
12505,9.862966388116677e-07,
12506,9.852221189994594e-07,
12507,9.841487698105286e-07,
12508,9.830765899500049e-07,
12509,9.82005578174931e-07,
12510,9.809357332662056e-07,
12511,9.798670538266046e-07,
12512,9.787995386647248e-07,
12513,9.77733186548578e-07,
12514,9.76667996176382e-07,
12515,9.756039662762444e-07,
12516,9.745410955680333e-07,
12517,9.734793828226708e-07,
12518,9.724188267441889e-07,
12519,9.7135942607405e-07,
12520,9.703011796013974e-07,
12521,9.692440859896897e-07,
12522,9.681881440247409e-07,
12523,9.67133352506803e-07,
12524,9.660797100980678e-07,
12525,9.650272155478476e-07,
12526,9.639758676858212e-07,
12527,9.62925665201798e-07,
12528,9.618766068686316e-07,
12529,9.608286914084246e-07,
12530,9.597819176356422e-07,
12531,9.58736284223823e-07,
12532,9.576917899864774e-07,
12533,9.566484336665638e-07,
12534,9.556062140395392e-07,
12535,9.54565129819611e-07,
12536,9.535251798433439e-07,
12537,9.524863628736932e-07,
12538,9.514486776096507e-07,
12539,9.504121228944807e-07,
12540,9.493766973933825e-07,
12541,9.483423999624565e-07,
12542,9.473092293410617e-07,
12543,9.46277184301274e-07,
12544,9.452462636179698e-07,
12545,9.442164661233338e-07,
12546,9.431877904701949e-07,
12547,9.421602355152853e-07,
12548,9.411338000258767e-07,
12549,9.401084828196207e-07,
12550,9.39084282671719e-07,
12551,9.380611983164776e-07,
12552,9.370392284965951e-07,
12553,9.360183720648879e-07,
12554,9.349986278236025e-07,
12555,9.339799945475111e-07,
12556,9.329624710461936e-07,
12557,9.319460560785681e-07,
12558,9.309307484430865e-07,
12559,9.299165469465779e-07,
12560,9.289034503331725e-07,
12561,9.278914574552606e-07,
12562,9.268805670940882e-07,
12563,9.258707780228267e-07,
12564,9.248620890455148e-07,
12565,9.23854499006844e-07,
12566,9.228480066999326e-07,
12567,9.218426109293408e-07,
12568,9.208383105079182e-07,
12569,9.198351041880776e-07,
12570,9.18832990801961e-07,
12571,9.178319692014896e-07,
12572,9.168320381379583e-07,
12573,9.158331964704862e-07,
12574,9.148354429641862e-07,
12575,9.13838776457228e-07,
12576,9.128431957713687e-07,
12577,9.118486997348705e-07,
12578,9.108552871442684e-07,
12579,9.098629568326482e-07,
12580,9.088717075714085e-07,
12581,9.078815382584004e-07,
12582,9.068924476739733e-07,
12583,9.059044346631224e-07,
12584,9.049174980316016e-07,
12585,9.039316366321964e-07,
12586,9.029468493077907e-07,
12587,9.019631348596099e-07,
12588,9.009804920971658e-07,
12589,8.99998919865254e-07,
12590,8.990184169909358e-07,
12591,8.980389823740267e-07,
12592,8.970606147891015e-07,
12593,8.960833130579525e-07,
12594,8.951070760525504e-07,
12595,8.941319025806345e-07,
12596,8.931577915351359e-07,
12597,8.921847417069621e-07,
12598,8.912127519958442e-07,
12599,8.902418211971212e-07,
12600,8.892719481962049e-07,
12601,8.883031318504488e-07,
12602,8.873353709721117e-07,
12603,8.863686644040442e-07,
12604,8.854030110127873e-07,
12605,8.844384096080027e-07,
12606,8.834748590892188e-07,
12607,8.825123583196709e-07,
12608,8.815509062001626e-07,
12609,8.805905014995149e-07,
12610,8.7963114312641e-07,
12611,8.786728299565783e-07,
12612,8.777155607670327e-07,
12613,8.767593344808507e-07,
12614,8.758041499372636e-07,
12615,8.748500060420536e-07,
12616,8.738969016309066e-07,
12617,8.729448355977461e-07,
12618,8.719938067898965e-07,
12619,8.710438140522901e-07,
12620,8.700948562834028e-07,
12621,8.691469323633258e-07,
12622,8.682000411721189e-07,
12623,8.67254181546809e-07,
12624,8.663093523982638e-07,
12625,8.653655525737033e-07,
12626,8.644227809891864e-07,
12627,8.634810365053955e-07,
12628,8.62540317987626e-07,
12629,8.616006243666312e-07,
12630,8.606619545164639e-07,
12631,8.597243072257946e-07,
12632,8.587876815061962e-07,
12633,8.578520762215129e-07,
12634,8.569174902410496e-07,
12635,8.559839223894955e-07,
12636,8.550513715954764e-07,
12637,8.54119836804632e-07,
12638,8.531893168643352e-07,
12639,8.522598106681903e-07,
12640,8.513313171180794e-07,
12641,8.504038351344827e-07,
12642,8.494773635858642e-07,
12643,8.48551901401692e-07,
12644,8.476274474595773e-07,
12645,8.467040006484695e-07,
12646,8.457815598842517e-07,
12647,8.448601240408105e-07,
12648,8.439396920860154e-07,
12649,8.430202628918475e-07,
12650,8.421018353656368e-07,
12651,8.411844084054949e-07,
12652,8.402679809500652e-07,
12653,8.393525518799293e-07,
12654,8.384381201461671e-07,
12655,8.375246846192575e-07,
12656,8.366122442333958e-07,
12657,8.357007979189345e-07,
12658,8.347903445890819e-07,
12659,8.338808831461434e-07,
12660,8.329724124875259e-07,
12661,8.320649315417953e-07,
12662,8.311584392659032e-07,
12663,8.30252934588015e-07,
12664,8.293484164089342e-07,
12665,8.284448836421963e-07,
12666,8.275423352780351e-07,
12667,8.266407701512624e-07,
12668,8.257401872615373e-07,
12669,8.248405855251566e-07,
12670,8.239419638472358e-07,
12671,8.230443211505581e-07,
12672,8.221476564155426e-07,
12673,8.212519685359491e-07,
12674,8.203572564682911e-07,
12675,8.194635191356816e-07,
12676,8.185707554656065e-07,
12677,8.176789644087158e-07,
12678,8.167881449357948e-07,
12679,8.158982959405944e-07,
12680,8.150094164008866e-07,
12681,8.141215052708147e-07,
12682,8.132345614383536e-07,
12683,8.123485838829072e-07,
12684,8.114635715750869e-07,
12685,8.105795234353249e-07,
12686,8.096964384418571e-07,
12687,8.088143155361503e-07,
12688,8.079331536460984e-07,
12689,8.07052951733192e-07,
12690,8.061737087755188e-07,
12691,8.052954237056759e-07,
12692,8.044180954150036e-07,
12693,8.035417229379142e-07,
12694,8.026663052621101e-07,
12695,8.01791841322405e-07,
12696,8.009183300826444e-07,
12697,8.000457704602304e-07,
12698,7.991741614749713e-07,
12699,7.98303502036519e-07,
12700,7.97433791143327e-07,
12701,7.96565027752848e-07,
12702,7.956972108418375e-07,
12703,7.948303393536784e-07,
12704,7.9396441229129e-07,
12705,7.930994286344956e-07,
12706,7.922353873106524e-07,
12707,7.913722872969233e-07,
12708,7.905101276415758e-07,
12709,7.89648907210708e-07,
12710,7.887886250430767e-07,
12711,7.879292801308138e-07,
12712,7.870708714058537e-07,
12713,7.862133979043019e-07,
12714,7.85356858586434e-07,
12715,7.845012524070989e-07,
12716,7.83646578368684e-07,
12717,7.827928354469149e-07,
12718,7.819400226162351e-07,
12719,7.810881388742674e-07,
12720,7.802371831904806e-07,
12721,7.793871546144056e-07,
12722,7.785380521223906e-07,
12723,7.776898746605093e-07,
12724,7.7684262126536e-07,
12725,7.759962909103312e-07,
12726,7.751508825440153e-07,
12727,7.743063952551672e-07,
12728,7.734628279866935e-07,
12729,7.726201797400228e-07,
12730,7.717784494788901e-07,
12731,7.709376362342517e-07,
12732,7.700977390345323e-07,
12733,7.692587568861333e-07,
12734,7.684206887656782e-07,
12735,7.67583533672188e-07,
12736,7.66747290613296e-07,
12737,7.659119585709009e-07,
12738,7.65077536585199e-07,
12739,7.642440236423209e-07,
12740,7.634114188211323e-07,
12741,7.625797210368552e-07,
12742,7.617489293694263e-07,
12743,7.609190428016213e-07,
12744,7.600900603321816e-07,
12745,7.592619810103458e-07,
12746,7.584348039097312e-07,
12747,7.576085279332452e-07,
12748,7.567831521120459e-07,
12749,7.559586754750035e-07,
12750,7.551350970991831e-07,
12751,7.543124159584598e-07,
12752,7.534906311254914e-07,
12753,7.526697415536739e-07,
12754,7.518497463092278e-07,
12755,7.510306443966191e-07,
12756,7.502124348519711e-07,
12757,7.493951167246454e-07,
12758,7.485786890317501e-07,
12759,7.477631507843857e-07,
12760,7.46948501005347e-07,
12761,7.461347387540213e-07,
12762,7.45321863067024e-07,
12763,7.445098729303026e-07,
12764,7.436987674233316e-07,
12765,7.4288854557729e-07,
12766,7.420792064347328e-07,
12767,7.412707490106737e-07,
12768,7.404631723488614e-07,
12769,7.396564755143254e-07,
12770,7.388506575319281e-07,
12771,7.380457174558776e-07,
12772,7.372416543193374e-07,
12773,7.364384671892394e-07,
12774,7.356361550862104e-07,
12775,7.348347170848971e-07,
12776,7.340341522304887e-07,
12777,7.332344594900001e-07,
12778,7.324356379477475e-07,
12779,7.316376867038381e-07,
12780,7.308406048121325e-07,
12781,7.300443912892024e-07,
12782,7.29249045212249e-07,
12783,7.284545656490443e-07,
12784,7.276609515865336e-07,
12785,7.268682021333226e-07,
12786,7.260763163604969e-07,
12787,7.252852933181552e-07,
12788,7.244951320630803e-07,
12789,7.23705831599174e-07,
12790,7.229173910263664e-07,
12791,7.221298095002259e-07,
12792,7.213430859586502e-07,
12793,7.205572194641835e-07,
12794,7.197722091809868e-07,
12795,7.189880541045953e-07,
12796,7.182047533134864e-07,
12797,7.174223058861089e-07,
12798,7.166407109041263e-07,
12799,7.158599674383047e-07,
12800,7.150800745597343e-07,
12801,7.143010313679924e-07,
12802,7.135228368432934e-07,
12803,7.127454901263928e-07,
12804,7.119689902766121e-07,
12805,7.111933363769076e-07,
12806,7.104185275500973e-07,
12807,7.096445628411807e-07,
12808,7.088714413082044e-07,
12809,7.080991620552508e-07,
12810,7.073277241606859e-07,
12811,7.065571266868978e-07,
12812,7.057873687608353e-07,
12813,7.050184494605195e-07,
12814,7.042503678953596e-07,
12815,7.034831230925235e-07,
12816,7.027167141418963e-07,
12817,7.019511401659969e-07,
12818,7.011864002432454e-07,
12819,7.004224934338902e-07,
12820,6.996594188778999e-07,
12821,6.988971756478461e-07,
12822,6.981357629061594e-07,
12823,6.973751796059473e-07,
12824,6.966154249795576e-07,
12825,6.958564980489261e-07,
12826,6.950983979232155e-07,
12827,6.943411236753203e-07,
12828,6.935846744429572e-07,
12829,6.928290493486711e-07,
12830,6.920742474647945e-07,
12831,6.913202678748885e-07,
12832,6.905671097607829e-07,
12833,6.898147721217226e-07,
12834,6.890632541815728e-07,
12835,6.883125549727869e-07,
12836,6.875626735932196e-07,
12837,6.868136091643428e-07,
12838,6.860653608234647e-07,
12839,6.853179276717411e-07,
12840,6.845713087930997e-07,
12841,6.838255032755782e-07,
12842,6.830805103146795e-07,
12843,6.823363289664499e-07,
12844,6.815929583754911e-07,
12845,6.808503976108983e-07,
12846,6.80108645856264e-07,
12847,6.793677022383693e-07,
12848,6.786275658000958e-07,
12849,6.778882356935184e-07,
12850,6.771497110592444e-07,
12851,6.764119910307357e-07,
12852,6.756750746828534e-07,
12853,6.749389611767498e-07,
12854,6.74203649652907e-07,
12855,6.734691392254562e-07,
12856,6.727354290183115e-07,
12857,6.720025181320958e-07,
12858,6.712704056969517e-07,
12859,6.70539090891464e-07,
12860,6.698085728055193e-07,
12861,6.690788505856887e-07,
12862,6.683499233605004e-07,
12863,6.676217902589782e-07,
12864,6.668944504314713e-07,
12865,6.661679029958272e-07,
12866,6.65442147092228e-07,
12867,6.647171818582746e-07,
12868,6.639930064140052e-07,
12869,6.632696199128701e-07,
12870,6.625470215221482e-07,
12871,6.618252103560303e-07,
12872,6.611041855749845e-07,
12873,6.603839463163605e-07,
12874,6.596644917100235e-07,
12875,6.589458209459657e-07,
12876,6.582279331469396e-07,
12877,6.575108274448955e-07,
12878,6.567945030131412e-07,
12879,6.560789589757014e-07,
12880,6.553641944724142e-07,
12881,6.54650208637011e-07,
12882,6.539370006753723e-07,
12883,6.532245696988045e-07,
12884,6.525129148664975e-07,
12885,6.51802035358381e-07,
12886,6.51091930339593e-07,
12887,6.503825989561785e-07,
12888,6.496740403166243e-07,
12889,6.489662536324135e-07,
12890,6.482592380667717e-07,
12891,6.475529927239205e-07,
12892,6.468475167786656e-07,
12893,6.461428094039491e-07,
12894,6.454388698113456e-07,
12895,6.447356971093734e-07,
12896,6.440332905197869e-07,
12897,6.433316491366396e-07,
12898,6.42630772151498e-07,
12899,6.419306587547218e-07,
12900,6.412313080815636e-07,
12901,6.405327193036814e-07,
12902,6.398348916166984e-07,
12903,6.391378241693748e-07,
12904,6.384415161544988e-07,
12905,6.377459667031836e-07,
12906,6.370511750508891e-07,
12907,6.363571403419236e-07,
12908,6.356638617346769e-07,
12909,6.34971338394212e-07,
12910,6.342795695083721e-07,
12911,6.335885543075816e-07,
12912,6.32898291914948e-07,
12913,6.322087815135665e-07,
12914,6.315200223370482e-07,
12915,6.30832013530978e-07,
12916,6.301447542666318e-07,
12917,6.294582437572805e-07,
12918,6.287724811370026e-07,
12919,6.280874656294549e-07,
12920,6.274031964007742e-07,
12921,6.267196726423471e-07,
12922,6.260368935819338e-07,
12923,6.25354858347059e-07,
12924,6.246735661698455e-07,
12925,6.239930162360196e-07,
12926,6.233132077241855e-07,
12927,6.226341398406517e-07,
12928,6.219558117059845e-07,
12929,6.212782225963285e-07,
12930,6.206013717051031e-07,
12931,6.199252581879593e-07,
12932,6.192498812693075e-07,
12933,6.185752401340306e-07,
12934,6.179013340444169e-07,
12935,6.172281620983613e-07,
12936,6.1655572355843e-07,
12937,6.158840175776996e-07,
12938,6.152130434147985e-07,
12939,6.145428002125576e-07,
12940,6.138732871996235e-07,
12941,6.132045036181179e-07,
12942,6.125364486048061e-07,
12943,6.118691214359172e-07,
12944,6.112025212745339e-07,
12945,6.105366473186485e-07,
12946,6.098714988385184e-07,
12947,6.092070749751286e-07,
12948,6.085433749514741e-07,
12949,6.07880398033277e-07,
12950,6.072181434203383e-07,
12951,6.065566102631171e-07,
12952,6.058957978168696e-07,
12953,6.052357053136832e-07,
12954,6.045763319075904e-07,
12955,6.039176768774698e-07,
12956,6.032597393840343e-07,
12957,6.026025187241611e-07,
12958,6.019460140354853e-07,
12959,6.01290224595671e-07,
12960,6.006351496371704e-07,
12961,5.999807883321856e-07,
12962,5.99327139940919e-07,
12963,5.986742036172885e-07,
12964,5.980219786196311e-07,
12965,5.973704642399436e-07,
12966,5.967196596159444e-07,
12967,5.960695640413145e-07,
12968,5.95420176720212e-07,
12969,5.94771496865673e-07,
12970,5.941235236763872e-07,
12971,5.934762564393872e-07,
12972,5.928296943246577e-07,
12973,5.921838366338053e-07,
12974,5.915386825807733e-07,
12975,5.908942313790917e-07,
12976,5.902504822690576e-07,
12977,5.896074345077258e-07,
12978,5.889650873353101e-07,
12979,5.883234399953045e-07,
12980,5.876824916540241e-07,
12981,5.870422415770946e-07,
12982,5.864026890118883e-07,
12983,5.85763833259871e-07,
12984,5.851256734745538e-07,
12985,5.844882089480614e-07,
12986,5.838514389365681e-07,
12987,5.832153626178502e-07,
12988,5.82579979279587e-07,
12989,5.819452881334461e-07,
12990,5.813112884513624e-07,
12991,5.806779794876584e-07,
12992,5.800453604655492e-07,
12993,5.794134306337131e-07,
12994,5.787821893028073e-07,
12995,5.781516356592991e-07,
12996,5.77521768992861e-07,
12997,5.768925884539605e-07,
12998,5.762640934033485e-07,
12999,5.756362830940429e-07,
13000,5.750091567426335e-07,
13001,5.743827136072596e-07,
13002,5.737569530068052e-07,
13003,5.731318741418051e-07,
13004,5.725074762130256e-07,
13005,5.718837585341835e-07,
13006,5.712607204028085e-07,
13007,5.706383610258475e-07,
13008,5.700166796542095e-07,
13009,5.693956756107751e-07,
13010,5.687753481365004e-07,
13011,5.681556964275686e-07,
13012,5.675367198297066e-07,
13013,5.669184175702185e-07,
13014,5.663007889030323e-07,
13015,5.656838331556387e-07,
13016,5.650675495038784e-07,
13017,5.644519372254366e-07,
13018,5.638369956377716e-07,
13019,5.632227240276249e-07,
13020,5.626091216667963e-07,
13021,5.619961877546944e-07,
13022,5.613839216054434e-07,
13023,5.607723225031891e-07,
13024,5.601613897199608e-07,
13025,5.595511224789117e-07,
13026,5.589415201398858e-07,
13027,5.583325818719474e-07,
13028,5.577243070092198e-07,
13029,5.571166948710416e-07,
13030,5.565097446815714e-07,
13031,5.559034557306609e-07,
13032,5.552978273090255e-07,
13033,5.546928586618643e-07,
13034,5.54088549116205e-07,
13035,5.534848979132822e-07,
13036,5.528819043902151e-07,
13037,5.522795678186466e-07,
13038,5.516778874514745e-07,
13039,5.510768625983412e-07,
13040,5.504764925207629e-07,
13041,5.498767764849805e-07,
13042,5.492777137865727e-07,
13043,5.486793038036297e-07,
13044,5.480815457238738e-07,
13045,5.474844388614972e-07,
13046,5.468879825087725e-07,
13047,5.462921759815783e-07,
13048,5.45697018528248e-07,
13049,5.451025094749887e-07,
13050,5.445086480982878e-07,
13051,5.439154337149533e-07,
13052,5.433228655965569e-07,
13053,5.427309430450264e-07,
13054,5.421396653733251e-07,
13055,5.415490318659439e-07,
13056,5.409590418545385e-07,
13057,5.403696945999612e-07,
13058,5.397809893973069e-07,
13059,5.39192925571493e-07,
13060,5.386055024229229e-07,
13061,5.380187192561611e-07,
13062,5.374325753345909e-07,
13063,5.368470699848843e-07,
13064,5.36262202533623e-07,
13065,5.35677972232818e-07,
13066,5.35094378461226e-07,
13067,5.345114204599157e-07,
13068,5.33929097559247e-07,
13069,5.333474090888681e-07,
13070,5.327663543030796e-07,
13071,5.321859325232037e-07,
13072,5.316061431064186e-07,
13073,5.310269853453217e-07,
13074,5.304484585658147e-07,
13075,5.298705620508835e-07,
13076,5.292932951301073e-07,
13077,5.287166570859001e-07,
13078,5.281406472936201e-07,
13079,5.275652650640263e-07,
13080,5.269905096028708e-07,
13081,5.264163803264154e-07,
13082,5.258428765625707e-07,
13083,5.252699975755688e-07,
13084,5.24697742737848e-07,
13085,5.241261113638738e-07,
13086,5.235551027324428e-07,
13087,5.229847161804317e-07,
13088,5.224149510020503e-07,
13089,5.218458065596099e-07,
13090,5.21277282219959e-07,
13091,5.207093772492883e-07,
13092,5.201420909828141e-07,
13093,5.195754227522447e-07,
13094,5.190093718410264e-07,
13095,5.184439376322078e-07,
13096,5.178791194496324e-07,
13097,5.173149166120987e-07,
13098,5.167513284027988e-07,
13099,5.161883541785725e-07,
13100,5.156259933268832e-07,
13101,5.150642451013294e-07,
13102,5.145031089040362e-07,
13103,5.139425840214119e-07,
13104,5.133826698085219e-07,
13105,5.12823365612088e-07,
13106,5.122646707310564e-07,
13107,5.117065845188848e-07,
13108,5.111491062721195e-07,
13109,5.105922354071413e-07,
13110,5.100359712279782e-07,
13111,5.094803130732504e-07,
13112,5.08925260281519e-07,
13113,5.083708122142214e-07,
13114,5.078169681916881e-07,
13115,5.072637274994439e-07,
13116,5.067110895727288e-07,
13117,5.061590537075202e-07,
13118,5.056076192358421e-07,
13119,5.050567855679747e-07,
13120,5.045065520196095e-07,
13121,5.03956917890677e-07,
13122,5.034078825800689e-07,
13123,5.0285944538988e-07,
13124,5.023116057204556e-07,
13125,5.017643629033908e-07,
13126,5.01217716243826e-07,
13127,5.00671665145677e-07,
13128,5.001262089480016e-07,
13129,4.995813469855129e-07,
13130,4.990370786379236e-07,
13131,4.984934032413079e-07,
13132,4.979503201152787e-07,
13133,4.974078286824917e-07,
13134,4.968659282420277e-07,
13135,4.963246181615072e-07,
13136,4.957838977895401e-07,
13137,4.95243766569247e-07,
13138,4.947042237688661e-07,
13139,4.941652687883748e-07,
13140,4.936269009945843e-07,
13141,4.930891196762486e-07,
13142,4.925519241917894e-07,
13143,4.920153140332365e-07,
13144,4.91479288460491e-07,
13145,4.909438468739039e-07,
13146,4.904089886158637e-07,
13147,4.898747130951503e-07,
13148,4.893410196294945e-07,
13149,4.888079075647673e-07,
13150,4.882753763129543e-07,
13151,4.87743425232484e-07,
13152,4.872120536701528e-07,
13153,4.866812609971977e-07,
13154,4.861510466244319e-07,
13155,4.85621409869426e-07,
13156,4.850923501166532e-07,
13157,4.845638667843064e-07,
13158,4.840359592043528e-07,
13159,4.835086267336263e-07,
13160,4.829818687725636e-07,
13161,4.824556846870777e-07,
13162,4.819300738722789e-07,
13163,4.814050356594215e-07,
13164,4.808805694786325e-07,
13165,4.80356674647338e-07,
13166,4.798333505588595e-07,
13167,4.793105965931162e-07,
13168,4.787884121489211e-07,
13169,4.782667966319148e-07,
13170,4.777457494219448e-07,
13171,4.772252698040504e-07,
13172,4.7670535725411473e-07,
13173,4.7618601113596876e-07,
13174,4.7566723078883986e-07,
13175,4.751490156363502e-07,
13176,4.74631365050379e-07,
13177,4.741142784144099e-07,
13178,4.735977550999751e-07,
13179,4.730817944679313e-07,
13180,4.725663960129942e-07,
13181,4.7205155908482896e-07,
13182,4.7153728298466065e-07,
13183,4.7102356718350234e-07,
13184,4.7051041106370355e-07,
13185,4.6999781400715283e-07,
13186,4.694857753736989e-07,
13187,4.6897429457609914e-07,
13188,4.6846337100263184e-07,
13189,4.679530040688861e-07,
13190,4.6744319313969505e-07,
13191,4.6693393764262135e-07,
13192,4.6642523694902917e-07,
13193,4.6591709046422076e-07,
13194,4.654094975969402e-07,
13195,4.6490245769802837e-07,
13196,4.643959702014744e-07,
13197,4.638900344998028e-07,
13198,4.633846499584726e-07,
13199,4.628798160439373e-07,
13200,4.623755321093224e-07,
13201,4.6187179756200313e-07,
13202,4.613686118447452e-07,
13203,4.6086597433524556e-07,
13204,4.603638843867633e-07,
13205,4.598623414339046e-07,
13206,4.593613448696389e-07,
13207,4.5886089413896304e-07,
13208,4.58360988618508e-07,
13209,4.578616277719401e-07,
13210,4.5736281088786665e-07,
13211,4.568645374583121e-07,
13212,4.5636680686396536e-07,
13213,4.558696184997622e-07,
13214,4.5537297183398055e-07,
13215,4.54876866242301e-07,
13216,4.5438130114208187e-07,
13217,4.538862758994016e-07,
13218,4.5339178997816174e-07,
13219,4.5289784279433537e-07,
13220,4.5240443372918953e-07,
13221,4.5191156220905e-07,
13222,4.514192276484272e-07,
13223,4.509274294490417e-07,
13224,4.5043616699996503e-07,
13225,4.4994543977523367e-07,
13226,4.494552471713476e-07,
13227,4.489655886320175e-07,
13228,4.484764635612458e-07,
13229,4.479878713599624e-07,
13230,4.474998114549334e-07,
13231,4.4701228326568104e-07,
13232,4.4652528617210017e-07,
13233,4.4603881968926035e-07,
13234,4.4555288317810355e-07,
13235,4.450674760514311e-07,
13236,4.445825977817373e-07,
13237,4.440982477328056e-07,
13238,4.4361442539738063e-07,
13239,4.431311301093989e-07,
13240,4.4264836132469356e-07,
13241,4.4216611848850835e-07,
13242,4.416844011027533e-07,
13243,4.4120320852204567e-07,
13244,4.4072254016712124e-07,
13245,4.4024239548376146e-07,
13246,4.397627738421699e-07,
13247,4.3928367475658093e-07,
13248,4.3880509760933427e-07,
13249,4.383270418588433e-07,
13250,4.378495069167878e-07,
13251,4.3737249223356943e-07,
13252,4.3689599720853775e-07,
13253,4.3642002134429143e-07,
13254,4.3594456401627527e-07,
13255,4.354696247104365e-07,
13256,4.3499520281097214e-07,
13257,4.3452129775558097e-07,
13258,4.3404790898061204e-07,
13259,4.3357503592186406e-07,
13260,4.3310267805676387e-07,
13261,4.326308348067355e-07,
13262,4.321595056178987e-07,
13263,4.3168868991667375e-07,
13264,4.3121838714474416e-07,
13265,4.307485967419402e-07,
13266,4.3027931814334447e-07,
13267,4.298105507818739e-07,
13268,4.293422941414562e-07,
13269,4.288745476261523e-07,
13270,4.2840731072428103e-07,
13271,4.2794058286065747e-07,
13272,4.2747436343652616e-07,
13273,4.270086519150811e-07,
13274,4.265434478250944e-07,
13275,4.260787505544572e-07,
13276,4.256145595288357e-07,
13277,4.251508741731721e-07,
13278,4.246876940373143e-07,
13279,4.2422501847139926e-07,
13280,4.2376284701808736e-07,
13281,4.2330117908598446e-07,
13282,4.2284001405542766e-07,
13283,4.2237935146950383e-07,
13284,4.2191919071186124e-07,
13285,4.214595312986017e-07,
13286,4.2100037264824554e-07,
13287,4.20541714241811e-07,
13288,4.200835555114621e-07,
13289,4.196258959206647e-07,
13290,4.191687349284962e-07,
13291,4.1871207195244754e-07,
13292,4.182559065514577e-07,
13293,4.17800238102989e-07,
13294,4.1734506608670516e-07,
13295,4.168903899725041e-07,
13296,4.164362091492283e-07,
13297,4.1598252315759433e-07,
13298,4.155293314370948e-07,
13299,4.1507663343492177e-07,
13300,4.1462442863779713e-07,
13301,4.141727164507893e-07,
13302,4.1372149643472976e-07,
13303,4.1327076797734e-07,
13304,4.1282053058814895e-07,
13305,4.123707836896847e-07,
13306,4.119215268010093e-07,
13307,4.114727593272815e-07,
13308,4.110244807792195e-07,
13309,4.1057669059425325e-07,
13310,4.101293882648834e-07,
13311,4.096825732548731e-07,
13312,4.0923624502166945e-07,
13313,4.087904030395602e-07,
13314,4.0834504676892227e-07,
13315,4.079001757052576e-07,
13316,4.0745578929231985e-07,
13317,4.0701188700233427e-07,
13318,4.0656846835400913e-07,
13319,4.06125532770483e-07,
13320,4.056830797458216e-07,
13321,4.052411087371226e-07,
13322,4.047996192064414e-07,
13323,4.0435861067339833e-07,
13324,4.0391808263816496e-07,
13325,4.0347803453763757e-07,
13326,4.030384658780251e-07,
13327,4.025993760538305e-07,
13328,4.0216076460721824e-07,
13329,4.017226310060044e-07,
13330,4.0128497469741357e-07,
13331,4.008477951962235e-07,
13332,4.0041109200301185e-07,
13333,3.999748645652218e-07,
13334,3.9953911236352145e-07,
13335,3.9910383495230226e-07,
13336,3.986690316791495e-07,
13337,3.982347021386917e-07,
13338,3.9780084575146955e-07,
13339,3.97367462039447e-07,
13340,3.9693455049436277e-07,
13341,3.9650211059137624e-07,
13342,3.9607014180441793e-07,
13343,3.95638643605489e-07,
13344,3.9520761547440884e-07,
13345,3.94777056964376e-07,
13346,3.943469675720626e-07,
13347,3.9391734668647423e-07,
13348,3.934881938721252e-07,
13349,3.9305950855869146e-07,
13350,3.9263129025140447e-07,
13351,3.922035385057827e-07,
13352,3.917762527948725e-07,
13353,3.913494325622229e-07,
13354,3.909230773223216e-07,
13355,3.9049718656205265e-07,
13356,3.90071759821789e-07,
13357,3.8964679657416697e-07,
13358,3.892222962846143e-07,
13359,3.887982584637026e-07,
13360,3.8837468266712206e-07,
13361,3.8795156830207657e-07,
13362,3.875289149013039e-07,
13363,3.871067219671871e-07,
13364,3.8668498897235466e-07,
13365,3.8626371544712857e-07,
13366,3.85842900870388e-07,
13367,3.854225447228943e-07,
13368,3.850026465548054e-07,
13369,3.845832057927526e-07,
13370,3.8416422201556204e-07,
13371,3.837456947165141e-07,
13372,3.8332762337466754e-07,
13373,3.8291000752245607e-07,
13374,3.824928466317433e-07,
13375,3.820761401983077e-07,
13376,3.816598877391035e-07,
13377,3.812440887762673e-07,
13378,3.808287428176901e-07,
13379,3.804138493436857e-07,
13380,3.799994078705305e-07,
13381,3.795854178997291e-07,
13382,3.791718789872972e-07,
13383,3.7875879061131367e-07,
13384,3.7834615225334503e-07,
13385,3.7793396345005886e-07,
13386,3.7752222370727577e-07,
13387,3.7711093254290827e-07,
13388,3.7670008940765206e-07,
13389,3.7628969388367156e-07,
13390,3.7587974549186724e-07,
13391,3.754702436860343e-07,
13392,3.750611880094877e-07,
13393,3.746525779896272e-07,
13394,3.742444130918116e-07,
13395,3.7383669289915653e-07,
13396,3.7342941689882285e-07,
13397,3.7302258466533246e-07,
13398,3.7261619565091176e-07,
13399,3.7221024932337333e-07,
13400,3.7180474531041697e-07,
13401,3.7139968305599096e-07,
13402,3.709950621011996e-07,
13403,3.70590881922304e-07,
13404,3.701871420882526e-07,
13405,3.697838420723305e-07,
13406,3.69380981442288e-07,
13407,3.6897855973189393e-07,
13408,3.685765764539271e-07,
13409,3.681750311247876e-07,
13410,3.677739232418196e-07,
13411,3.6737325232403487e-07,
13412,3.6697301791343233e-07,
13413,3.6657321954517736e-07,
13414,3.6617385673314525e-07,
13415,3.657749290346811e-07,
13416,3.6537643591039603e-07,
13417,3.649783769488214e-07,
13418,3.645807516363802e-07,
13419,3.6418355951405446e-07,
13420,3.6378680013973136e-07,
13421,3.6339047299876936e-07,
13422,3.6299457760863794e-07,
13423,3.625991134961319e-07,
13424,3.622040802862476e-07,
13425,3.618094774323961e-07,
13426,3.614153044479739e-07,
13427,3.61021560916724e-07,
13428,3.606282463627922e-07,
13429,3.6023536028759093e-07,
13430,3.598429022165782e-07,
13431,3.5945087170269206e-07,
13432,3.590592683050247e-07,
13433,3.5866809157036655e-07,
13434,3.582773410150091e-07,
13435,3.57887016156922e-07,
13436,3.5749711651142726e-07,
13437,3.571076416556464e-07,
13438,3.5671859111573636e-07,
13439,3.563299643799359e-07,
13440,3.5594176106013355e-07,
13441,3.5555398066760825e-07,
13442,3.5516662276946913e-07,
13443,3.547796868567076e-07,
13444,3.543931724682045e-07,
13445,3.5400707921376843e-07,
13446,3.5362140659364254e-07,
13447,3.5323615413731244e-07,
13448,3.5285132136662457e-07,
13449,3.5246690783786046e-07,
13450,3.5208291310850957e-07,
13451,3.516993367688901e-07,
13452,3.5131617828454796e-07,
13453,3.5093343723774437e-07,
13454,3.505511131728989e-07,
13455,3.5016920566231967e-07,
13456,3.497877141898925e-07,
13457,3.494066383289467e-07,
13458,3.490259776369782e-07,
13459,3.486457316457593e-07,
13460,3.482658999204988e-07,
13461,3.47886481998772e-07,
13462,3.47507477422547e-07,
13463,3.471288857497946e-07,
13464,3.467507065477573e-07,
13465,3.463729393648182e-07,
13466,3.4599558373281507e-07,
13467,3.4561863921652505e-07,
13468,3.4524210537743095e-07,
13469,3.448659817552775e-07,
13470,3.444902678666929e-07,
13471,3.4411496333672083e-07,
13472,3.437400676867092e-07,
13473,3.433655804385043e-07,
13474,3.429915011777331e-07,
13475,3.4261782944107546e-07,
13476,3.4224456478810604e-07,
13477,3.418717067700508e-07,
13478,3.4149925501221726e-07,
13479,3.4112720899356755e-07,
13480,3.407555683246878e-07,
13481,3.4038433248960905e-07,
13482,3.4001350112476105e-07,
13483,3.3964307375317256e-07,
13484,3.3927304996631836e-07,
13485,3.389034293039254e-07,
13486,3.385342112868544e-07,
13487,3.3816539554597053e-07,
13488,3.377969816003143e-07,
13489,3.3742896904965597e-07,
13490,3.370613574302756e-07,
13491,3.366941462965835e-07,
13492,3.363273352193952e-07,
13493,3.3596092373273555e-07,
13494,3.355949114534034e-07,
13495,3.352292979430474e-07,
13496,3.348640827534711e-07,
13497,3.344992654299408e-07,
13498,3.3413484556211583e-07,
13499,3.3377082273260416e-07,
13500,3.33407196492109e-07,
13501,3.330439664069111e-07,
13502,3.326811320197815e-07,
13503,3.3231869294874315e-07,
13504,3.3195664874713497e-07,
13505,3.3159499893092705e-07,
13506,3.312337430920529e-07,
13507,3.308728808021525e-07,
13508,3.305124116880549e-07,
13509,3.30152335283863e-07,
13510,3.2979265118332326e-07,
13511,3.2943335892097925e-07,
13512,3.2907445809782245e-07,
13513,3.287159483193317e-07,
13514,3.2835782907957263e-07,
13515,3.280001000112214e-07,
13516,3.276427606743161e-07,
13517,3.272858106250957e-07,
13518,3.269292494635757e-07,
13519,3.265730767294194e-07,
13520,3.262172920396666e-07,
13521,3.2586189497177975e-07,
13522,3.255068850806485e-07,
13523,3.2515226195422467e-07,
13524,3.247980251710412e-07,
13525,3.24444174314814e-07,
13526,3.24090708964927e-07,
13527,3.2373762869347417e-07,
13528,3.2338493307503333e-07,
13529,3.2303262172380573e-07,
13530,3.226806941456586e-07,
13531,3.223291500229734e-07,
13532,3.2197798887474716e-07,
13533,3.216272102642075e-07,
13534,3.2127681382887675e-07,
13535,3.2092679914874993e-07,
13536,3.2057716580978744e-07,
13537,3.202279133591842e-07,
13538,3.1987904142168814e-07,
13539,3.195305495334022e-07,
13540,3.1918243732329895e-07,
13541,3.1883470435627764e-07,
13542,3.1848735023551106e-07,
13543,3.181403745398132e-07,
13544,3.1779377684476584e-07,
13545,3.1744755673515954e-07,
13546,3.171017138146079e-07,
13547,3.1675624771904095e-07,
13548,3.164111579451777e-07,
13549,3.160664441403256e-07,
13550,3.1572210587603094e-07,
13551,3.153781427847158e-07,
13552,3.1503455444927055e-07,
13553,3.146913404298288e-07,
13554,3.143485002576251e-07,
13555,3.1400603359108024e-07,
13556,3.1366394004218686e-07,
13557,3.133222191776843e-07,
13558,3.129808706480186e-07,
13559,3.126398939803815e-07,
13560,3.122992887564522e-07,
13561,3.1195905461308796e-07,
13562,3.1161919113788226e-07,
13563,3.1127969797192243e-07,
13564,3.1094057462026335e-07,
13565,3.106018207636397e-07,
13566,3.102634359600152e-07,
13567,3.0992541981913155e-07,
13568,3.0958777196050336e-07,
13569,3.0925049191155396e-07,
13570,3.0891357929062266e-07,
13571,3.085770337425682e-07,
13572,3.082408547957228e-07,
13573,3.0790504211930514e-07,
13574,3.075695952725185e-07,
13575,3.0723451388903804e-07,
13576,3.068997975879455e-07,
13577,3.0656544593812697e-07,
13578,3.062314585423789e-07,
13579,3.0589783501099553e-07,
13580,3.0556457493013653e-07,
13581,3.0523167795218704e-07,
13582,3.0489914364944986e-07,
13583,3.045669716267775e-07,
13584,3.042351614689197e-07,
13585,3.0390371278487214e-07,
13586,3.035726252153175e-07,
13587,3.0324189834408015e-07,
13588,3.029115317631928e-07,
13589,3.025815251097119e-07,
13590,3.022518779674471e-07,
13591,3.019225899473375e-07,
13592,3.0159366069632046e-07,
13593,3.0126508982270285e-07,
13594,3.0093687684747424e-07,
13595,3.0060902147022297e-07,
13596,3.002815233010987e-07,
13597,2.999543819254611e-07,
13598,2.99627596951971e-07,
13599,2.9930116799928377e-07,
13600,2.989750946609058e-07,
13601,2.986493765339801e-07,
13602,2.9832401328928005e-07,
13603,2.9799900450400227e-07,
13604,2.9767434980063644e-07,
13605,2.9735004877872764e-07,
13606,2.9702610110480524e-07,
13607,2.967025063554946e-07,
13608,2.963792641398389e-07,
13609,2.960563740402962e-07,
13610,2.957338357294011e-07,
13611,2.9541164883492156e-07,
13612,2.950898129073218e-07,
13613,2.9476832761004293e-07,
13614,2.944471925928243e-07,
13615,2.941264074126671e-07,
13616,2.9380597172174084e-07,
13617,2.934858851047782e-07,
13618,2.931661471794561e-07,
13619,2.9284675761098304e-07,
13620,2.9252771601389077e-07,
13621,2.922090220294585e-07,
13622,2.9189067520658733e-07,
13623,2.9157267525526336e-07,
13624,2.9125502173434084e-07,
13625,2.909377142715919e-07,
13626,2.9062075246679225e-07,
13627,2.9030413599049086e-07,
13628,2.899878644567306e-07,
13629,2.896719374815604e-07,
13630,2.893563547202794e-07,
13631,2.8904111574276967e-07,
13632,2.887262201876047e-07,
13633,2.884116677238167e-07,
13634,2.880974579357589e-07,
13635,2.877835904778393e-07,
13636,2.8747006494388676e-07,
13637,2.871568809720037e-07,
13638,2.8684403818287704e-07,
13639,2.865315362674453e-07,
13640,2.862193747792389e-07,
13641,2.859075534004145e-07,
13642,2.855960717141468e-07,
13643,2.8528492939246436e-07,
13644,2.84974126011045e-07,
13645,2.846636612421777e-07,
13646,2.8435353472073545e-07,
13647,2.8404374607455137e-07,
13648,2.837342949106381e-07,
13649,2.834251808690498e-07,
13650,2.8311640359085147e-07,
13651,2.828079627233977e-07,
13652,2.8249985788876526e-07,
13653,2.821920886903286e-07,
13654,2.8188465481037355e-07,
13655,2.8157755585963154e-07,
13656,2.81270791491369e-07,
13657,2.8096436132109175e-07,
13658,2.806582649861523e-07,
13659,2.803525021130266e-07,
13660,2.800470723888461e-07,
13661,2.797419754250958e-07,
13662,2.7943721080388965e-07,
13663,2.791327781950253e-07,
13664,2.7882867726934783e-07,
13665,2.785249076721535e-07,
13666,2.7822146900889733e-07,
13667,2.7791836089822547e-07,
13668,2.7761558298455254e-07,
13669,2.773131349820827e-07,
13670,2.770110164713345e-07,
13671,2.7670922709968487e-07,
13672,2.764077665368044e-07,
13673,2.7610663440189254e-07,
13674,2.7580583031812164e-07,
13675,2.755053539561583e-07,
13676,2.752052049434463e-07,
13677,2.749053829688074e-07,
13678,2.746058875998648e-07,
13679,2.7430671851742244e-07,
13680,2.740078753888241e-07,
13681,2.7370935782666856e-07,
13682,2.734111654291282e-07,
13683,2.73113297938705e-07,
13684,2.7281575496052587e-07,
13685,2.7251853613222236e-07,
13686,2.72221641143375e-07,
13687,2.719250695524398e-07,
13688,2.7162882105367983e-07,
13689,2.713328953136105e-07,
13690,2.710372919885862e-07,
13691,2.7074201071504884e-07,
13692,2.704470510934694e-07,
13693,2.7015241281131207e-07,
13694,2.6985809552951575e-07,
13695,2.695640989204493e-07,
13696,2.6927042262154486e-07,
13697,2.6897706625244114e-07,
13698,2.686840294429013e-07,
13699,2.683913119132273e-07,
13700,2.6809891328634176e-07,
13701,2.678068332018196e-07,
13702,2.6751507131731105e-07,
13703,2.672236272956515e-07,
13704,2.669325008034317e-07,
13705,2.666416914814799e-07,
13706,2.663511989832261e-07,
13707,2.6606102297240784e-07,
13708,2.657711630497928e-07,
13709,2.654816189791118e-07,
13710,2.6519239033896575e-07,
13711,2.649034767561674e-07,
13712,2.6461487791588714e-07,
13713,2.6432659351939765e-07,
13714,2.6403862319388124e-07,
13715,2.6375096661135124e-07,
13716,2.634636233963729e-07,
13717,2.631765932615152e-07,
13718,2.628898758356726e-07,
13719,2.626034707437611e-07,
13720,2.623173776783123e-07,
13721,2.620315963145516e-07,
13722,2.6174612625759505e-07,
13723,2.6146096719488674e-07,
13724,2.6117611883751835e-07,
13725,2.6089158078326933e-07,
13726,2.6060735272911683e-07,
13727,2.6032343432005114e-07,
13728,2.600398252590868e-07,
13729,2.5975652511564926e-07,
13730,2.5947353368064125e-07,
13731,2.591908505509888e-07,
13732,2.5890847536001744e-07,
13733,2.5862640781904975e-07,
13734,2.583446475878513e-07,
13735,2.5806319425711427e-07,
13736,2.5778204750308006e-07,
13737,2.5750120710552517e-07,
13738,2.5722067268893533e-07,
13739,2.5694044391553636e-07,
13740,2.5666052041238503e-07,
13741,2.563809018962638e-07,
13742,2.5610158806041533e-07,
13743,2.558225785024552e-07,
13744,2.555438728872549e-07,
13745,2.5526547088893325e-07,
13746,2.5498737220911415e-07,
13747,2.547095764934291e-07,
13748,2.544320834038795e-07,
13749,2.5415489262434226e-07,
13750,2.5387800383867125e-07,
13751,2.536014167016048e-07,
13752,2.533251308984298e-07,
13753,2.5304914609871e-07,
13754,2.527734619639917e-07,
13755,2.524980781920464e-07,
13756,2.5222299445883343e-07,
13757,2.519482103610293e-07,
13758,2.516737256707547e-07,
13759,2.513995399893038e-07,
13760,2.5112565302132946e-07,
13761,2.5085206440413977e-07,
13762,2.5057877387510167e-07,
13763,2.5030578114731996e-07,
13764,2.5003308577957587e-07,
13765,2.4976068750572154e-07,
13766,2.49488585979977e-07,
13767,2.492167809274093e-07,
13768,2.489452719386386e-07,
13769,2.486740587736046e-07,
13770,2.4840314108918165e-07,
13771,2.481325185483664e-07,
13772,2.478621908351761e-07,
13773,2.475921576318352e-07,
13774,2.473224186326828e-07,
13775,2.4705297351046643e-07,
13776,2.467838219030622e-07,
13777,2.4651496349528505e-07,
13778,2.462463979856124e-07,
13779,2.4597812511311946e-07,
13780,2.45710144510143e-07,
13781,2.454424558772008e-07,
13782,2.4517505887361225e-07,
13783,2.449079531928705e-07,
13784,2.4464113848842746e-07,
13785,2.44374614476904e-07,
13786,2.4410838079971523e-07,
13787,2.4384243714225605e-07,
13788,2.435767832765233e-07,
13789,2.4331141877158834e-07,
13790,2.430463433616986e-07,
13791,2.427815567666951e-07,
13792,2.4251705862236445e-07,
13793,2.4225284871665694e-07,
13794,2.4198892664989776e-07,
13795,2.417252920945697e-07,
13796,2.4146194477645663e-07,
13797,2.411988843209486e-07,
13798,2.4093611046797094e-07,
13799,2.4067362285242527e-07,
13800,2.404114212046931e-07,
13801,2.401495052237716e-07,
13802,2.3988787453036e-07,
13803,2.396265289271484e-07,
13804,2.3936546805541155e-07,
13805,2.3910469157799113e-07,
13806,2.3884419922407364e-07,
13807,2.3858399065837714e-07,
13808,2.3832406559109772e-07,
13809,2.380644237297703e-07,
13810,2.3780506471823404e-07,
13811,2.3754598826245838e-07,
13812,2.3728719407782146e-07,
13813,2.3702868181262168e-07,
13814,2.3677045118123127e-07,
13815,2.365125018904792e-07,
13816,2.3625483356188105e-07,
13817,2.3599744596133186e-07,
13818,2.357403388312182e-07,
13819,2.3548351178825828e-07,
13820,2.3522696450077903e-07,
13821,2.3497069672015853e-07,
13822,2.3471470814672632e-07,
13823,2.3445899847543738e-07,
13824,2.3420356736874083e-07,
13825,2.3394841456329538e-07,
13826,2.336935396909751e-07,
13827,2.3343894250622054e-07,
13828,2.3318462265744078e-07,
13829,2.3293057992213784e-07,
13830,2.3267681392669888e-07,
13831,2.324233243856422e-07,
13832,2.3217011102262346e-07,
13833,2.3191717349800028e-07,
13834,2.3166451155711205e-07,
13835,2.3141212491436037e-07,
13836,2.311600132410989e-07,
13837,2.3090817622289584e-07,
13838,2.306566135509028e-07,
13839,2.304053249616744e-07,
13840,2.3015431015561054e-07,
13841,2.2990356878816187e-07,
13842,2.2965310058216362e-07,
13843,2.2940290522852306e-07,
13844,2.2915298248583724e-07,
13845,2.2890333206936645e-07,
13846,2.2865395357034735e-07,
13847,2.2840484673082583e-07,
13848,2.2815601130825065e-07,
13849,2.279074469813836e-07,
13850,2.2765915346783505e-07,
13851,2.2741113048385703e-07,
13852,2.2716337765480575e-07,
13853,2.269158947255275e-07,
13854,2.266686814382711e-07,
13855,2.264217374904369e-07,
13856,2.26175062548588e-07,
13857,2.2592865637055103e-07,
13858,2.256825186227443e-07,
13859,2.2543664903918333e-07,
13860,2.2519104733675593e-07,
13861,2.2494571320104126e-07,
13862,2.2470064634615844e-07,
13863,2.2445584645581996e-07,
13864,2.242113132682188e-07,
13865,2.23967046524044e-07,
13866,2.2372304582943163e-07,
13867,2.2347931099942738e-07,
13868,2.2323584168836507e-07,
13869,2.2299263766343474e-07,
13870,2.227496985863276e-07,
13871,2.2250702413283512e-07,
13872,2.2226461406323383e-07,
13873,2.2202246808342941e-07,
13874,2.217805859562894e-07,
13875,2.2153896733223265e-07,
13876,2.2129761193993673e-07,
13877,2.21056519495432e-07,
13878,2.2081568968014678e-07,
13879,2.2057512222910946e-07,
13880,2.2033481691132456e-07,
13881,2.2009477337818953e-07,
13882,2.1985499136289607e-07,
13883,2.1961547059373167e-07,
13884,2.1937621073103844e-07,
13885,2.1913721153903034e-07,
13886,2.1889847277144177e-07,
13887,2.1865999406660133e-07,
13888,2.184217751331339e-07,
13889,2.181838157759993e-07,
13890,2.1794611568791612e-07,
13891,2.1770867454849075e-07,
13892,2.1747149206350641e-07,
13893,2.1723456799809451e-07,
13894,2.1699790206308192e-07,
13895,2.167614939037333e-07,
13896,2.1652534331966196e-07,
13897,2.162894500018482e-07,
13898,2.1605381370921044e-07,
13899,2.158184341413408e-07,
13900,2.1558331096824153e-07,
13901,2.153484439755346e-07,
13902,2.1511383282805862e-07,
13903,2.1487947730836217e-07,
13904,2.146453770526233e-07,
13905,2.1441153185261153e-07,
13906,2.1417794144912016e-07,
13907,2.139446055115487e-07,
13908,2.1371152380765422e-07,
13909,2.1347869605185285e-07,
13910,2.1324612192485123e-07,
13911,2.1301380114403493e-07,
13912,2.1278173345358012e-07,
13913,2.1254991865808862e-07,
13914,2.1231835637426564e-07,
13915,2.1208704636138962e-07,
13916,2.1185598836896024e-07,
13917,2.116251820966256e-07,
13918,2.1139462728305773e-07,
13919,2.111643236427255e-07,
13920,2.1093427086443135e-07,
13921,2.1070446872773493e-07,
13922,2.1047491695342997e-07,
13923,2.1024561529565306e-07,
13924,2.1001656342567768e-07,
13925,2.0978776109905008e-07,
13926,2.095592080748792e-07,
13927,2.0933090400415415e-07,
13928,2.0910284866961956e-07,
13929,2.0887504181851272e-07,
13930,2.08647483103129e-07,
13931,2.0842017227944742e-07,
13932,2.081931091302205e-07,
13933,2.0796629338165518e-07,
13934,2.0773972471278978e-07,
13935,2.075134029066812e-07,
13936,2.0728732768278e-07,
13937,2.0706149868978068e-07,
13938,2.068359157444077e-07,
13939,2.0661057859159148e-07,
13940,2.0638548691166566e-07,
13941,2.061606404353401e-07,
13942,2.0593603898686795e-07,
13943,2.0571168221717262e-07,
13944,2.0548756983857222e-07,
13945,2.0526370164386336e-07,
13946,2.0504007731768582e-07,
13947,2.048166966141576e-07,
13948,2.0459355927055995e-07,
13949,2.0437066502110496e-07,
13950,2.0414801358659533e-07,
13951,2.0392560476275917e-07,
13952,2.037034381955384e-07,
13953,2.0348151371196283e-07,
13954,2.0325983101736786e-07,
13955,2.0303838981994952e-07,
13956,2.0281718986948658e-07,
13957,2.0259623090118272e-07,
13958,2.023755126413878e-07,
13959,2.0215503486343422e-07,
13960,2.019347972822709e-07,
13961,2.0171479962816465e-07,
13962,2.0149504167345192e-07,
13963,2.012755231312039e-07,
13964,2.0105624371085822e-07,
13965,2.0083720322154296e-07,
13966,2.006184013469159e-07,
13967,2.003998378465221e-07,
13968,2.0018151243441865e-07,
13969,1.9996342488538446e-07,
13970,1.9974557491961638e-07,
13971,1.995279623268107e-07,
13972,1.993105867723633e-07,
13973,1.9909344806906138e-07,
13974,1.988765459408058e-07,
13975,1.9865988012717704e-07,
13976,1.984434503152548e-07,
13977,1.9822725631808495e-07,
13978,1.980112978154615e-07,
13979,1.9779557464536718e-07,
13980,1.9758008647067508e-07,
13981,1.9736483305861087e-07,
13982,1.971498141779845e-07,
13983,1.969350295383866e-07,
13984,1.9672047889496645e-07,
13985,1.9650616199632004e-07,
13986,1.9629207855434703e-07,
13987,1.960782283719971e-07,
13988,1.958646111768335e-07,
13989,1.9565122670541757e-07,
13990,1.9543807468809157e-07,
13991,1.9522515490427306e-07,
13992,1.9501246705760152e-07,
13993,1.9480001091590025e-07,
13994,1.9458778626681259e-07,
13995,1.9437579279281567e-07,
13996,1.9416403025199227e-07,
13997,1.9395249847154715e-07,
13998,1.9374119715715417e-07,
13999,1.935301260509642e-07,
14000,1.9331928486777756e-07,
14001,1.9310867338872988e-07,
14002,1.9289829133556124e-07,
14003,1.9268813850413287e-07,
14004,1.9247821460365033e-07,
14005,1.9226851939677807e-07,
14006,1.920590526649886e-07,
14007,1.9184981412592262e-07,
14008,1.9164080353957792e-07,
14009,1.9143202066444968e-07,
14010,1.9122346526477462e-07,
14011,1.9101513706700477e-07,
14012,1.9080703579841523e-07,
14013,1.9059916128974848e-07,
14014,1.9039151323624573e-07,
14015,1.9018409140426277e-07,
14016,1.899768955516979e-07,
14017,1.8976992541797948e-07,
14018,1.895631807781275e-07,
14019,1.8935666138329576e-07,
14020,1.8915036696382643e-07,
14021,1.889442972575831e-07,
14022,1.8873845208763496e-07,
14023,1.885328312122027e-07,
14024,1.8832743432273324e-07,
14025,1.8812226119247293e-07,
14026,1.879173116141241e-07,
14027,1.8771258531287556e-07,
14028,1.8750808206855357e-07,
14029,1.8730380164654812e-07,
14030,1.8709974368382113e-07,
14031,1.8689590805889763e-07,
14032,1.8669229451623595e-07,
14033,1.864889028019929e-07,
14034,1.8628573261480202e-07,
14035,1.8608278385407642e-07,
14036,1.858800561675746e-07,
14037,1.856775493471983e-07,
14038,1.854752631419424e-07,
14039,1.852731973506506e-07,
14040,1.8507135165969682e-07,
14041,1.8486972590415565e-07,
14042,1.8466831976342036e-07,
14043,1.8446713306306717e-07,
14044,1.8426616551415668e-07,
14045,1.8406541691499035e-07,
14046,1.8386488704890241e-07,
14047,1.8366457564474937e-07,
14048,1.8346448245001398e-07,
14049,1.8326460725249033e-07,
14050,1.8306494980730753e-07,
14051,1.8286550989176723e-07,
14052,1.8266628724409773e-07,
14053,1.8246728163032325e-07,
14054,1.8226849284306456e-07,
14055,1.8206992064201168e-07,
14056,1.8187156475746174e-07,
14057,1.8167342497051486e-07,
14058,1.814755010787908e-07,
14059,1.81277792809061e-07,
14060,1.8108029988857454e-07,
14061,1.8088302216888844e-07,
14062,1.8068595937699805e-07,
14063,1.804891112282068e-07,
14064,1.8029247754881146e-07,
14065,1.8009605805083158e-07,
14066,1.7989985257563036e-07,
14067,1.7970386084683265e-07,
14068,1.7950808268278005e-07,
14069,1.7931251782682238e-07,
14070,1.7911716601875346e-07,
14071,1.7892202700436684e-07,
14072,1.7872710057730396e-07,
14073,1.7853238651501946e-07,
14074,1.7833788459821736e-07,
14075,1.78143594552463e-07,
14076,1.779495162042369e-07,
14077,1.7775564926993502e-07,
14078,1.775619935771602e-07,
14079,1.773685488526623e-07,
14080,1.7717531489474017e-07,
14081,1.7698229145030877e-07,
14082,1.7678947827354412e-07,
14083,1.7659687519677796e-07,
14084,1.7640448192672135e-07,
14085,1.7621229825910977e-07,
14086,1.760203239812988e-07,
14087,1.758285588394089e-07,
14088,1.756370026243381e-07,
14089,1.7544565508995968e-07,
14090,1.7525451603778279e-07,
14091,1.7506358519888332e-07,
14092,1.7487286240090253e-07,
14093,1.7468234733276895e-07,
14094,1.7449203983492809e-07,
14095,1.7430193966170496e-07,
14096,1.7411204661726425e-07,
14097,1.739223604665476e-07,
14098,1.73732880949956e-07,
14099,1.7354360785359572e-07,
14100,1.733545409648593e-07,
14101,1.7316568006218925e-07,
14102,1.7297702488851716e-07,
14103,1.7278857525076566e-07,
14104,1.726003309054709e-07,
14105,1.7241229167421977e-07,
14106,1.722244572717531e-07,
14107,1.7203682749954695e-07,
14108,1.7184940216592726e-07,
14109,1.7166218103367468e-07,
14110,1.7147516384543296e-07,
14111,1.7128835040522746e-07,
14112,1.7110174047475932e-07,
14113,1.709153338642359e-07,
14114,1.7072913031511157e-07,
14115,1.7054312967590173e-07,
14116,1.7035733162777509e-07,
14117,1.701717360045424e-07,
14118,1.6998634259450074e-07,
14119,1.6980115118625767e-07,
14120,1.6961616145811753e-07,
14121,1.694313733399437e-07,
14122,1.692467865426158e-07,
14123,1.690624007975608e-07,
14124,1.6887821592527682e-07,
14125,1.6869423172599157e-07,
14126,1.6851044794217163e-07,
14127,1.683268643913372e-07,
14128,1.681434808604235e-07,
14129,1.6796029711700762e-07,
14130,1.677773129699247e-07,
14131,1.6759452813987542e-07,
14132,1.674119424488213e-07,
14133,1.6722955567188294e-07,
14134,1.6704736761015185e-07,
14135,1.6686537804451555e-07,
14136,1.6668358672112499e-07,
14137,1.6650199345353711e-07,
14138,1.6632059801896276e-07,
14139,1.6613940022255306e-07,
14140,1.6595839984549728e-07,
14141,1.6577759665657108e-07,
14142,1.6559699041755772e-07,
14143,1.6541658090496973e-07,
14144,1.6523636798707062e-07,
14145,1.6505635141466153e-07,
14146,1.6487653099371493e-07,
14147,1.6469690645984102e-07,
14148,1.6451747756868042e-07,
14149,1.6433824417740908e-07,
14150,1.6415920609033303e-07,
14151,1.6398036302869749e-07,
14152,1.6380171478145584e-07,
14153,1.6362326116058212e-07,
14154,1.634450019541065e-07,
14155,1.632669369320266e-07,
14156,1.6308906592562896e-07,
14157,1.6291138871368092e-07,
14158,1.627339050599312e-07,
14159,1.6255661480463743e-07,
14160,1.6237951763624403e-07,
14161,1.6220261347647338e-07,
14162,1.6202590201844394e-07,
14163,1.6184938305758646e-07,
14164,1.616730564010405e-07,
14165,1.6149692183532003e-07,
14166,1.6132097918702122e-07,
14167,1.6114522817261752e-07,
14168,1.609696686783522e-07,
14169,1.6079430041388196e-07,
14170,1.6061912321563062e-07,
14171,1.604441369005991e-07,
14172,1.602693412053976e-07,
14173,1.6009473589753765e-07,
14174,1.5992032085671442e-07,
14175,1.5974609583822336e-07,
14176,1.595720606599949e-07,
14177,1.5939821507725356e-07,
14178,1.59224558866056e-07,
14179,1.5905109183946412e-07,
14180,1.58877813800236e-07,
14181,1.5870472453908204e-07,
14182,1.585318238315095e-07,
14183,1.5835911153866785e-07,
14184,1.5818658733325823e-07,
14185,1.5801425116690462e-07,
14186,1.5784210276609108e-07,
14187,1.576701418337939e-07,
14188,1.5749836823435502e-07,
14189,1.573267818224657e-07,
14190,1.5715538231558342e-07,
14191,1.5698416954606743e-07,
14192,1.5681314333029645e-07,
14193,1.566423034039474e-07,
14194,1.5647164961105007e-07,
14195,1.563011817747777e-07,
14196,1.5613089959855818e-07,
14197,1.5596080294176612e-07,
14198,1.5579089158391044e-07,
14199,1.55621165361553e-07,
14200,1.5545162404087227e-07,
14201,1.552822674272491e-07,
14202,1.5511309530667463e-07,
14203,1.549441074886441e-07,
14204,1.5477530381795348e-07,
14205,1.5460668406321115e-07,
14206,1.5443824797668518e-07,
14207,1.542699954327691e-07,
14208,1.541019261406223e-07,
14209,1.5393403994766874e-07,
14210,1.537663366656894e-07,
14211,1.535988160561349e-07,
14212,1.534314779760965e-07,
14213,1.5326432219191204e-07,
14214,1.5309734851775712e-07,
14215,1.5293055676296775e-07,
14216,1.5276394673491148e-07,
14217,1.5259751823437542e-07,
14218,1.5243127101781586e-07,
14219,1.522652049357065e-07,
14220,1.5209931977309585e-07,
14221,1.519336153156066e-07,
14222,1.517680913870148e-07,
14223,1.5160274777831295e-07,
14224,1.514375843253611e-07,
14225,1.5127260080988098e-07,
14226,1.5110779701027142e-07,
14227,1.509431727630471e-07,
14228,1.5077872788860246e-07,
14229,1.50614462136061e-07,
14230,1.5045037536787915e-07,
14231,1.5028646734015324e-07,
14232,1.5012273789874783e-07,
14233,1.499591868611945e-07,
14234,1.497958139807603e-07,
14235,1.4963261908862542e-07,
14236,1.4946960198305115e-07,
14237,1.4930676251136894e-07,
14238,1.4914410044867602e-07,
14239,1.4898161555696295e-07,
14240,1.4881930768518653e-07,
14241,1.486571766580321e-07,
14242,1.4849522225930732e-07,
14243,1.4833344427507605e-07,
14244,1.4817184258732766e-07,
14245,1.480104169497574e-07,
14246,1.4784916716962095e-07,
14247,1.4768809306619148e-07,
14248,1.475271944190442e-07,
14249,1.473664710661857e-07,
14250,1.4720592280301731e-07,
14251,1.4704554943559994e-07,
14252,1.468853508160735e-07,
14253,1.467253267456914e-07,
14254,1.4656547697087652e-07,
14255,1.4640580138348698e-07,
14256,1.4624629973700307e-07,
14257,1.4608697186828654e-07,
14258,1.459278175649995e-07,
14259,1.4576883663699604e-07,
14260,1.4561002891487554e-07,
14261,1.4545139425187223e-07,
14262,1.452929323847094e-07,
14263,1.4513464316661923e-07,
14264,1.4497652642726903e-07,
14265,1.4481858189480292e-07,
14266,1.4466080943381284e-07,
14267,1.4450320886553648e-07,
14268,1.443457799832968e-07,
14269,1.4418852262611848e-07,
14270,1.4403143661298088e-07,
14271,1.4387452173980188e-07,
14272,1.437177777839884e-07,
14273,1.4356120459566006e-07,
14274,1.4340480197554118e-07,
14275,1.4324856977728525e-07,
14276,1.4309250782262724e-07,
14277,1.4293661583978124e-07,
14278,1.4278089371722422e-07,
14279,1.4262534119919638e-07,
14280,1.4246995815170067e-07,
14281,1.4231474440672146e-07,
14282,1.4215969978245406e-07,
14283,1.4200482405625755e-07,
14284,1.4185011699659868e-07,
14285,1.4169557850926814e-07,
14286,1.4154120842149624e-07,
14287,1.4138700651349082e-07,
14288,1.412329725610258e-07,
14289,1.4107910643093807e-07,
14290,1.40925407958417e-07,
14291,1.407718769311354e-07,
14292,1.4061851316958394e-07,
14293,1.4046531648626297e-07,
14294,1.4031228672002718e-07,
14295,1.4015942368652653e-07,
14296,1.4000672715561727e-07,
14297,1.3985419694954257e-07,
14298,1.3970183294280348e-07,
14299,1.3954963489102675e-07,
14300,1.3939760267908408e-07,
14301,1.392457361050917e-07,
14302,1.3909403495887055e-07,
14303,1.3894249910350352e-07,
14304,1.3879112836539736e-07,
14305,1.3863992255204722e-07,
14306,1.384888814585816e-07,
14307,1.3833800488708476e-07,
14308,1.3818729270575843e-07,
14309,1.3803674470617143e-07,
14310,1.3788636074844567e-07,
14311,1.37736140622631e-07,
14312,1.3758608414494712e-07,
14313,1.3743619116574073e-07,
14314,1.372864614653764e-07,
14315,1.3713689489722474e-07,
14316,1.369874912827732e-07,
14317,1.368382504201352e-07,
14318,1.3668917216725934e-07,
14319,1.3654025628488278e-07,
14320,1.363915026587058e-07,
14321,1.362429110287238e-07,
14322,1.3609448129137076e-07,
14323,1.3594621327335717e-07,
14324,1.3579810678242836e-07,
14325,1.3565016164731682e-07,
14326,1.3550237770371752e-07,
14327,1.353547548065657e-07,
14328,1.3520729272735802e-07,
14329,1.350599913032854e-07,
14330,1.3491285034744187e-07,
14331,1.347658697111732e-07,
14332,1.3461904919531628e-07,
14333,1.3447238860165316e-07,
14334,1.343258877753909e-07,
14335,1.3417954656466797e-07,
14336,1.3403336480274754e-07,
14337,1.338873422782642e-07,
14338,1.337414788577391e-07,
14339,1.3359577432368636e-07,
14340,1.3345022852609656e-07,
14341,1.3330484132180658e-07,
14342,1.3315961249958824e-07,
14343,1.3301454191140576e-07,
14344,1.3286962933963962e-07,
14345,1.3272487470531498e-07,
14346,1.3258027773298603e-07,
14347,1.3243583831308874e-07,
14348,1.322915562058483e-07,
14349,1.321474313338687e-07,
14350,1.3200346347608268e-07,
14351,1.3185965243569143e-07,
14352,1.3171599808189266e-07,
14353,1.3157250023687173e-07,
14354,1.3142915870778591e-07,
14355,1.3128597335473296e-07,
14356,1.311429439863671e-07,
14357,1.310000704488029e-07,
14358,1.3085735251312898e-07,
14359,1.3071479012165677e-07,
14360,1.3057238302815307e-07,
14361,1.3043013110300594e-07,
14362,1.302880341312635e-07,
14363,1.3014609194369748e-07,
14364,1.3000430442348658e-07,
14365,1.2986267136958927e-07,
14366,1.2972119261184084e-07,
14367,1.2957986799136942e-07,
14368,1.294386973285031e-07,
14369,1.2929768044392703e-07,
14370,1.2915681724880298e-07,
14371,1.2901610749791e-07,
14372,1.2887555101916257e-07,
14373,1.2873514766086847e-07,
14374,1.285948972986032e-07,
14375,1.2845479972368074e-07,
14376,1.2831485476855076e-07,
14377,1.281750623066222e-07,
14378,1.2803542211400054e-07,
14379,1.2789593406230657e-07,
14380,1.2775659798803298e-07,
14381,1.27617413715249e-07,
14382,1.274783810555171e-07,
14383,1.2733949990827932e-07,
14384,1.2720077003038663e-07,
14385,1.2706219132031372e-07,
14386,1.26923763563148e-07,
14387,1.2678548661177674e-07,
14388,1.266473602848582e-07,
14389,1.2650938444051944e-07,
14390,1.263715589606791e-07,
14391,1.2623388363120076e-07,
14392,1.260963582827249e-07,
14393,1.2595898276425619e-07,
14394,1.2582175686425952e-07,
14395,1.2568468048409884e-07,
14396,1.255477534299139e-07,
14397,1.2541097556714306e-07,
14398,1.252743466945334e-07,
14399,1.251378667292279e-07,
14400,1.2500153546856696e-07,
14401,1.2486535267063472e-07,
14402,1.247293182029438e-07,
14403,1.2459343196201924e-07,
14404,1.244576937772614e-07,
14405,1.2432210345930014e-07,
14406,1.2418666084815866e-07,
14407,1.2405136580201217e-07,
14408,1.2391621822061318e-07,
14409,1.2378121784279213e-07,
14410,1.2364636455471996e-07,
14411,1.2351165817866458e-07,
14412,1.2337709849805052e-07,
14413,1.2324268542734933e-07,
14414,1.231084187920591e-07,
14415,1.22974298458754e-07,
14416,1.228403242262086e-07,
14417,1.2270649595679652e-07,
14418,1.225728135070269e-07,
14419,1.2243927668922245e-07,
14420,1.223058853774264e-07,
14421,1.2217263936549e-07,
14422,1.220395385139385e-07,
14423,1.2190658266057122e-07,
14424,1.2177377166280405e-07,
14425,1.2164110534295608e-07,
14426,1.2150858357836662e-07,
14427,1.213762061569953e-07,
14428,1.2124397299599005e-07,
14429,1.2111188386208007e-07,
14430,1.2097993866333747e-07,
14431,1.2084813719577882e-07,
14432,1.2071647931236838e-07,
14433,1.2058496487497005e-07,
14434,1.2045359369847928e-07,
14435,1.203223656485011e-07,
14436,1.2019128061453599e-07,
14437,1.200603383740646e-07,
14438,1.1992953874644777e-07,
14439,1.1979888163462794e-07,
14440,1.196683668859936e-07,
14441,1.195379943220222e-07,
14442,1.1940776379340633e-07,
14443,1.1927767511107943e-07,
14444,1.1914772817541242e-07,
14445,1.1901792281299488e-07,
14446,1.1888825886479365e-07,
14447,1.1875873619805224e-07,
14448,1.1862935461521002e-07,
14449,1.1850011396867204e-07,
14450,1.1837101416711051e-07,
14451,1.1824205500918235e-07,
14452,1.1811323635668533e-07,
14453,1.1798455801202603e-07,
14454,1.1785601986212192e-07,
14455,1.1772762171832511e-07,
14456,1.1759936346095757e-07,
14457,1.174712450040055e-07,
14458,1.1734326609152788e-07,
14459,1.1721542662033778e-07,
14460,1.1708772639455959e-07,
14461,1.1696016531162034e-07,
14462,1.1683274322300425e-07,
14463,1.167054599623575e-07,
14464,1.1657831533738734e-07,
14465,1.1645130923752878e-07,
14466,1.1632444146608261e-07,
14467,1.1619771193391795e-07,
14468,1.1607112047116089e-07,
14469,1.1594466687867174e-07,
14470,1.1581835110393599e-07,
14471,1.1569217288429701e-07,
14472,1.1556613215292217e-07,
14473,1.1544022876377351e-07,
14474,1.1531446251759374e-07,
14475,1.1518883328126125e-07,
14476,1.1506334096389702e-07,
14477,1.1493798533018597e-07,
14478,1.14812766261842e-07,
14479,1.1468768357226327e-07,
14480,1.1456273716318672e-07,
14481,1.1443792690867006e-07,
14482,1.1431325263579018e-07,
14483,1.1418871420820896e-07,
14484,1.1406431142197375e-07,
14485,1.1394004419660204e-07,
14486,1.1381591233152565e-07,
14487,1.1369191576247012e-07,
14488,1.135680542371819e-07,
14489,1.1344432763019598e-07,
14490,1.1332073581692935e-07,
14491,1.1319727865828576e-07,
14492,1.1307395601148612e-07,
14493,1.1295076774143857e-07,
14494,1.1282771366769814e-07,
14495,1.1270479364134736e-07,
14496,1.1258200748747702e-07,
14497,1.1245935512946736e-07,
14498,1.1233683641992414e-07,
14499,1.1221445117891089e-07,
14500,1.1209219924394085e-07,
14501,1.1197008053014232e-07,
14502,1.118480948717187e-07,
14503,1.117262420768863e-07,
14504,1.1160452199862526e-07,
14505,1.1148293455277049e-07,
14506,1.113614795679008e-07,
14507,1.1124015692334677e-07,
14508,1.1111896647773987e-07,
14509,1.1099790803546243e-07,
14510,1.1087698146351169e-07,
14511,1.1075618664012713e-07,
14512,1.1063552341918517e-07,
14513,1.105149916928409e-07,
14514,1.1039459128906225e-07,
14515,1.1027432200347015e-07,
14516,1.1015418376110988e-07,
14517,1.1003417638110935e-07,
14518,1.099142997733598e-07,
14519,1.0979455377435975e-07,
14520,1.0967493819357209e-07,
14521,1.0955545298959012e-07,
14522,1.0943609792473498e-07,
14523,1.0931687286623391e-07,
14524,1.091977776962314e-07,
14525,1.0907881229395557e-07,
14526,1.0895997648880376e-07,
14527,1.0884127013544404e-07,
14528,1.0872269312237191e-07,
14529,1.0860424533272259e-07,
14530,1.084859265471716e-07,
14531,1.0836773665451901e-07,
14532,1.0824967554776814e-07,
14533,1.0813174304400188e-07,
14534,1.0801393903198297e-07,
14535,1.0789626337440843e-07,
14536,1.0777871591014425e-07,
14537,1.0766129652497522e-07,
14538,1.0754400504662728e-07,
14539,1.0742684136553918e-07,
14540,1.0730980531870575e-07,
14541,1.0719289677744538e-07,
14542,1.070761155863231e-07,
14543,1.0695946158247854e-07,
14544,1.0684293472058484e-07,
14545,1.0672653478958601e-07,
14546,1.0661026166329512e-07,
14547,1.0649411522441678e-07,
14548,1.0637809536388853e-07,
14549,1.0626220187436048e-07,
14550,1.0614643462973295e-07,
14551,1.0603079352595952e-07,
14552,1.0591527838421046e-07,
14553,1.0579988911270944e-07,
14554,1.0568462548092923e-07,
14555,1.0556948746436655e-07,
14556,1.0545447491132072e-07,
14557,1.0533958766021807e-07,
14558,1.052248255549207e-07,
14559,1.0511018845257975e-07,
14560,1.0499567623360427e-07,
14561,1.0488128883584978e-07,
14562,1.0476702604506942e-07,
14563,1.0465288769249159e-07,
14564,1.0453887368433173e-07,
14565,1.0442498388668173e-07,
14566,1.0431121820901119e-07,
14567,1.0419757644118718e-07,
14568,1.0408405848771495e-07,
14569,1.0397066421176652e-07,
14570,1.0385739345814601e-07,
14571,1.0374424612211228e-07,
14572,1.0363122204940089e-07,
14573,1.035183211090719e-07,
14574,1.0340554317232057e-07,
14575,1.0329288806168434e-07,
14576,1.0318035572524882e-07,
14577,1.0306794603360312e-07,
14578,1.0295565874108412e-07,
14579,1.0284349380440558e-07,
14580,1.0273145105818428e-07,
14581,1.0261953039284813e-07,
14582,1.0250773165223236e-07,
14583,1.0239605466904878e-07,
14584,1.0228449938193172e-07,
14585,1.0217306564262966e-07,
14586,1.0206175330463195e-07,
14587,1.0195056218686592e-07,
14588,1.018394922443201e-07,
14589,1.017285432979496e-07,
14590,1.0161771524077004e-07,
14591,1.0150700794215488e-07,
14592,1.0139642123586348e-07,
14593,1.0128595500960823e-07,
14594,1.0117560915049432e-07,
14595,1.010653834990866e-07,
14596,1.0095527790533276e-07,
14597,1.0084529226314695e-07,
14598,1.0073542645371559e-07,
14599,1.0062568033439419e-07,
14600,1.0051605378290482e-07,
14601,1.0040654666870021e-07,
14602,1.0029715884935407e-07,
14603,1.0018789018684845e-07,
14604,1.0007874054553979e-07,
14605,9.996970986309239e-08,
14606,9.986079800309543e-08,
14607,9.975200477308142e-08,
14608,9.964333005018187e-08,
14609,9.953477373175816e-08,
14610,9.942633567471506e-08,
14611,9.931801574480216e-08,
14612,9.920981384951791e-08,
14613,9.91017298518255e-08,
14614,9.899376358979727e-08,
14615,9.888591494929454e-08,
14616,9.877818376533076e-08,
14617,9.867056994073334e-08,
14618,9.856307339205748e-08,
14619,9.845569394198402e-08,
14620,9.834843149895236e-08,
14621,9.824128590561641e-08,
14622,9.813425703490025e-08,
14623,9.802734476177019e-08,
14624,9.792054898715248e-08,
14625,9.78138695503154e-08,
14626,9.77073063457189e-08,
14627,9.760085923079326e-08,
14628,9.749452808917455e-08,
14629,9.738831278226705e-08,
14630,9.728221315939241e-08,
14631,9.717622915133181e-08,
14632,9.707036063059116e-08,
14633,9.696460742421431e-08,
14634,9.68589694333433e-08,
14635,9.675344652852317e-08,
14636,9.66480385818364e-08,
14637,9.654274545059337e-08,
14638,9.643756702640646e-08,
14639,9.633250321955706e-08,
14640,9.622755387981137e-08,
14641,9.612271888948497e-08,
14642,9.601799808730895e-08,
14643,9.591339139299301e-08,
14644,9.58088986448079e-08,
14645,9.5704519753014e-08,
14646,9.560025461253768e-08,
14647,9.549610300558123e-08,
14648,9.539206489562296e-08,
14649,9.528814014280996e-08,
14650,9.518432856519431e-08,
14651,9.508063008129229e-08,
14652,9.497704456091978e-08,
14653,9.487357197276112e-08,
14654,9.477021204440948e-08,
14655,9.466696474085101e-08,
14656,9.456382991096062e-08,
14657,9.446080745607891e-08,
14658,9.435789721969871e-08,
14659,9.425509909605773e-08,
14660,9.415241297595191e-08,
14661,9.404983872027733e-08,
14662,9.394737626198745e-08,
14663,9.384502542083575e-08,
14664,9.374278602685032e-08,
14665,9.364065802526715e-08,
14666,9.353864132604589e-08,
14667,9.343673576350397e-08,
14668,9.333494121524456e-08,
14669,9.3233257551884e-08,
14670,9.313168468989417e-08,
14671,9.303022251925706e-08,
14672,9.292887086576717e-08,
14673,9.282762961130413e-08,
14674,9.272649866671521e-08,
14675,9.262547790001018e-08,
14676,9.252456718087112e-08,
14677,9.242376636908367e-08,
14678,9.232307540826584e-08,
14679,9.222249412527917e-08,
14680,9.212202241853267e-08,
14681,9.202166020188108e-08,
14682,9.192140731746224e-08,
14683,9.182126365364723e-08,
14684,9.172122910096089e-08,
14685,9.162130350259086e-08,
14686,9.15214867658229e-08,
14687,9.142177879042387e-08,
14688,9.13221794735677e-08,
14689,9.122268862652863e-08,
14690,9.112330615986683e-08,
14691,9.102403193504638e-08,
14692,9.092486589234286e-08,
14693,9.082580792327107e-08,
14694,9.07268578109728e-08,
14695,9.062801551130719e-08,
14696,9.052928089870728e-08,
14697,9.043065386076745e-08,
14698,9.033213429142535e-08,
14699,9.023372205161427e-08,
14700,9.013541704801782e-08,
14701,9.003721912264542e-08,
14702,8.993912818052793e-08,
14703,8.98411441161955e-08,
14704,8.974326675300723e-08,
14705,8.964549602361817e-08,
14706,8.95478318050376e-08,
14707,8.945027396788064e-08,
14708,8.935282246200104e-08,
14709,8.925547714058188e-08,
14710,8.915823783229026e-08,
14711,8.906110452568408e-08,
14712,8.896407700802512e-08,
14713,8.886715519444543e-08,
14714,8.87703389641453e-08,
14715,8.86736282330131e-08,
14716,8.857702283485058e-08,
14717,8.848052269648802e-08,
14718,8.838412766781796e-08,
14719,8.828783767943384e-08,
14720,8.819165258970252e-08,
14721,8.809557229951438e-08,
14722,8.799959666572935e-08,
14723,8.790372561126561e-08,
14724,8.780795901766015e-08,
14725,8.77122967497131e-08,
14726,8.761673872959219e-08,
14727,8.752128481178242e-08,
14728,8.742593489239727e-08,
14729,8.733068889137297e-08,
14730,8.723554657547053e-08,
14731,8.714050790576355e-08,
14732,8.704557274603703e-08,
14733,8.695074105524509e-08,
14734,8.685601269313342e-08,
14735,8.676138749502623e-08,
14736,8.666686540700626e-08,
14737,8.657244628056613e-08,
14738,8.647813001134357e-08,
14739,8.638391650640237e-08,
14740,8.62898056565445e-08,
14741,8.619579732530936e-08,
14742,8.610189141580345e-08,
14743,8.600808781362727e-08,
14744,8.591438638550225e-08,
14745,8.582078703060644e-08,
14746,8.572728964665922e-08,
14747,8.563389412807794e-08,
14748,8.554060034307238e-08,
14749,8.544740825067353e-08,
14750,8.535431765989903e-08,
14751,8.526132852167879e-08,
14752,8.516844063480669e-08,
14753,8.507565398561974e-08,
14754,8.498296839421557e-08,
14755,8.489038380753503e-08,
14756,8.479790011563774e-08,
14757,8.470551712230769e-08,
14758,8.461323481717877e-08,
14759,8.452105302561434e-08,
14760,8.442897167383106e-08,
14761,8.433699059591687e-08,
14762,8.424510979184271e-08,
14763,8.415332904972866e-08,
14764,8.406164830752024e-08,
14765,8.397006741435166e-08,
14766,8.387858633756993e-08,
14767,8.37872049349857e-08,
14768,8.36959230426278e-08,
14769,8.360474058363246e-08,
14770,8.351365746203137e-08,
14771,8.342267358305179e-08,
14772,8.33317888389381e-08,
14773,8.324100309938286e-08,
14774,8.315031629214145e-08,
14775,8.305972827261476e-08,
14776,8.296923894798723e-08,
14777,8.287884816497219e-08,
14778,8.278855588084878e-08,
14779,8.269836198271372e-08,
14780,8.26082663605702e-08,
14781,8.251826887786682e-08,
14782,8.242836942706054e-08,
14783,8.233856793960197e-08,
14784,8.224886429713132e-08,
14785,8.21592583708331e-08,
14786,8.206975007256386e-08,
14787,8.19803392672655e-08,
14788,8.189102584871148e-08,
14789,8.18018097382795e-08,
14790,8.171269082393041e-08,
14791,8.162366902049307e-08,
14792,8.153474419234093e-08,
14793,8.144591622893936e-08,
14794,8.135718508768653e-08,
14795,8.126855057222096e-08,
14796,8.11800126539559e-08,
14797,8.109157115806542e-08,
14798,8.100322603530166e-08,
14799,8.091497718486416e-08,
14800,8.082682446698553e-08,
14801,8.073876777103783e-08,
14802,8.06508070104805e-08,
14803,8.056294207042731e-08,
14804,8.047517284217051e-08,
14805,8.038749925066077e-08,
14806,8.029992120983616e-08,
14807,8.021243858820668e-08,
14808,8.012505124264127e-08,
14809,8.003775912711787e-08,
14810,7.99505620873928e-08,
14811,7.986346004522721e-08,
14812,7.977645288474498e-08,
14813,7.968954049869507e-08,
14814,7.960272281265789e-08,
14815,7.951599969644791e-08,
14816,7.94293710726468e-08,
14817,7.934283680169035e-08,
14818,7.925639683552251e-08,
14819,7.917005104895313e-08,
14820,7.908379934912291e-08,
14821,7.89976415846643e-08,
14822,7.89115776841978e-08,
14823,7.882560755466068e-08,
14824,7.873973106309783e-08,
14825,7.865394813540458e-08,
14826,7.856825871016377e-08,
14827,7.848266262840425e-08,
14828,7.83971597360645e-08,
14829,7.831175000461884e-08,
14830,7.822643337227791e-08,
14831,7.814120968911406e-08,
14832,7.805607880391246e-08,
14833,7.797104071766049e-08,
14834,7.788609523985681e-08,
14835,7.78012423724755e-08,
14836,7.771648192680016e-08,
14837,7.763181383049076e-08,
14838,7.754723793853941e-08,
14839,7.746275418615652e-08,
14840,7.737836245610916e-08,
14841,7.729406265230316e-08,
14842,7.72098546878338e-08,
14843,7.712573851667322e-08,
14844,7.70417139890168e-08,
14845,7.695778099512648e-08,
14846,7.687393942302342e-08,
14847,7.679018917433848e-08,
14848,7.670653017898696e-08,
14849,7.66229623508896e-08,
14850,7.653948560135125e-08,
14851,7.645609971750942e-08,
14852,7.637280475707411e-08,
14853,7.628960050222347e-08,
14854,7.62064868888145e-08,
14855,7.612346378975094e-08,
14856,7.604053114336122e-08,
14857,7.595768884320328e-08,
14858,7.587493681851264e-08,
14859,7.579227497329599e-08,
14860,7.570970312953844e-08,
14861,7.562722126028792e-08,
14862,7.554482927071726e-08,
14863,7.546252706095409e-08,
14864,7.538031451494126e-08,
14865,7.529819151795466e-08,
14866,7.521615798606826e-08,
14867,7.513421380683228e-08,
14868,7.505235892767317e-08,
14869,7.497059320705887e-08,
14870,7.488891657110024e-08,
14871,7.480732891498262e-08,
14872,7.472583017440559e-08,
14873,7.464442022646336e-08,
14874,7.456309897349903e-08,
14875,7.448186630046408e-08,
14876,7.440072213193126e-08,
14877,7.431966631574965e-08,
14878,7.42386988130888e-08,
14879,7.415781953911866e-08,
14880,7.407702836261752e-08,
14881,7.399632524536257e-08,
14882,7.391571004392158e-08,
14883,7.383518265134246e-08,
14884,7.375474296883319e-08,
14885,7.367439096363802e-08,
14886,7.35941264888718e-08,
14887,7.351394943507836e-08,
14888,7.343385971280512e-08,
14889,7.33538572771567e-08,
14890,7.327394201189606e-08,
14891,7.319411380654893e-08,
14892,7.311437255281578e-08,
14893,7.303471813128934e-08,
14894,7.295515049611057e-08,
14895,7.287566953958273e-08,
14896,7.279627520033059e-08,
14897,7.271696736639055e-08,
14898,7.263774594301203e-08,
14899,7.255861083262662e-08,
14900,7.247956193255917e-08,
14901,7.240059913277164e-08,
14902,7.232172235847616e-08,
14903,7.22429315085087e-08,
14904,7.216422655611256e-08,
14905,7.208560735340951e-08,
14906,7.200707379236895e-08,
14907,7.192862577721864e-08,
14908,7.185026321052238e-08,
14909,7.177198601221762e-08,
14910,7.169379412019677e-08,
14911,7.161568739940098e-08,
14912,7.153766577449981e-08,
14913,7.145972910959591e-08,
14914,7.138187737144072e-08,
14915,7.130411044535025e-08,
14916,7.122642828547645e-08,
14917,7.114883071094959e-08,
14918,7.107131772250203e-08,
14919,7.099388914211021e-08,
14920,7.091654493088349e-08,
14921,7.083928500316517e-08,
14922,7.07621092537641e-08,
14923,7.068501750665013e-08,
14924,7.06080097920745e-08,
14925,7.0531085953885e-08,
14926,7.045424591453687e-08,
14927,7.037748962836216e-08,
14928,7.030081698297212e-08,
14929,7.022422785733162e-08,
14930,7.014772214595366e-08,
14931,7.00712997760339e-08,
14932,6.999496067244647e-08,
14933,6.991870474756882e-08,
14934,6.984253188124433e-08,
14935,6.976644204442688e-08,
14936,6.969043508511907e-08,
14937,6.961451093591444e-08,
14938,6.953866948434871e-08,
14939,6.946291065485688e-08,
14940,6.938723438742662e-08,
14941,6.931164051660088e-08,
14942,6.923612898468455e-08,
14943,6.916069972751889e-08,
14944,6.908535266234851e-08,
14945,6.901008769369079e-08,
14946,6.89349047282854e-08,
14947,6.885980368038997e-08,
14948,6.878478446304876e-08,
14949,6.870984698338893e-08,
14950,6.863499113112415e-08,
14951,6.856021683794504e-08,
14952,6.848552404155741e-08,
14953,6.841091258338829e-08,
14954,6.8336382426878e-08,
14955,6.826193343114415e-08,
14956,6.818756555806796e-08,
14957,6.8113278721451e-08,
14958,6.803907274819708e-08,
14959,6.79649476262568e-08,
14960,6.789090329887706e-08,
14961,6.781693963247954e-08,
14962,6.774305655492917e-08,
14963,6.766925396788352e-08,
14964,6.759553177183369e-08,
14965,6.752188990448494e-08,
14966,6.744832826399581e-08,
14967,6.737484671849043e-08,
14968,6.730144525391108e-08,
14969,6.722812377312656e-08,
14970,6.715488216649224e-08,
14971,6.708172034167347e-08,
14972,6.700863827614308e-08,
14973,6.693563580273468e-08,
14974,6.686271286807626e-08,
14975,6.678986937087309e-08,
14976,6.671710524197138e-08,
14977,6.66444203688398e-08,
14978,6.657181467983097e-08,
14979,6.649928803578589e-08,
14980,6.642684044615297e-08,
14981,6.635447180564955e-08,
14982,6.628218194846316e-08,
14983,6.620997086752137e-08,
14984,6.613783848734325e-08,
14985,6.60657846418355e-08,
14986,6.599380933206787e-08,
14987,6.592191247065376e-08,
14988,6.585009390743917e-08,
14989,6.57783535894728e-08,
14990,6.570669145612106e-08,
14991,6.563510736090624e-08,
14992,6.556360129909459e-08,
14993,6.549217309436801e-08,
14994,6.542082272755054e-08,
14995,6.534955003591017e-08,
14996,6.52783550054313e-08,
14997,6.520723759336252e-08,
14998,6.513619764289452e-08,
14999,6.506523507747883e-08,
15000,6.499434981857463e-08,
15001,6.492354181644343e-08,
15002,6.485281094988128e-08,
15003,6.478215711231678e-08,
15004,6.471158026461568e-08,
15005,6.464108029542596e-08,
15006,6.45706571211385e-08,
15007,6.450031069618153e-08,
15008,6.443004092009777e-08,
15009,6.435984767890979e-08,
15010,6.42897309267885e-08,
15011,6.421969055301528e-08,
15012,6.414972646100265e-08,
15013,6.407983862409708e-08,
15014,6.401002693816079e-08,
15015,6.394029130729083e-08,
15016,6.387063164137659e-08,
15017,6.380104787742542e-08,
15018,6.373153993276004e-08,
15019,6.366210770283551e-08,
15020,6.35927510965397e-08,
15021,6.35234700264034e-08,
15022,6.345426445935778e-08,
15023,6.338513424339495e-08,
15024,6.331607937615224e-08,
15025,6.32470997652094e-08,
15026,6.317819529561118e-08,
15027,6.31093658896807e-08,
15028,6.304061151380617e-08,
15029,6.297193199288705e-08,
15030,6.290332727715899e-08,
15031,6.283479731478595e-08,
15032,6.276634202392044e-08,
15033,6.269796132505408e-08,
15034,6.262965509864573e-08,
15035,6.256142326055169e-08,
15036,6.249326579673723e-08,
15037,6.242518253248245e-08,
15038,6.235717352349987e-08,
15039,6.228923857453898e-08,
15040,6.222137761910451e-08,
15041,6.215359058969208e-08,
15042,6.208587742646749e-08,
15043,6.201823805417129e-08,
15044,6.195067236909597e-08,
15045,6.188318028540504e-08,
15046,6.18157617050542e-08,
15047,6.174841659909927e-08,
15048,6.168114485775791e-08,
15049,6.161394639678912e-08,
15050,6.154682113555244e-08,
15051,6.1479769003833e-08,
15052,6.141278993206806e-08,
15053,6.134588385430377e-08,
15054,6.127905065003653e-08,
15055,6.121229023838207e-08,
15056,6.114560257676965e-08,
15057,6.107898755512432e-08,
15058,6.101244508822191e-08,
15059,6.094597515295214e-08,
15060,6.08795776548157e-08,
15061,6.081325245456013e-08,
15062,6.074699956959385e-08,
15063,6.068081879451937e-08,
15064,6.061471012920088e-08,
15065,6.054867345785854e-08,
15066,6.048270879846261e-08,
15067,6.041681598506814e-08,
15068,6.035099493463508e-08,
15069,6.028524559488883e-08,
15070,6.02195678705183e-08,
15071,6.015396174896144e-08,
15072,6.008842708750703e-08,
15073,6.002296379305005e-08,
15074,5.995757185765639e-08,
15075,5.989225114218377e-08,
15076,5.982700158614025e-08,
15077,5.976182314230344e-08,
15078,5.969671566856069e-08,
15079,5.963167912114155e-08,
15080,5.9566713447364234e-08,
15081,5.950181855287288e-08,
15082,5.943699437319212e-08,
15083,5.937224080907183e-08,
15084,5.930755783999871e-08,
15085,5.9242945311277655e-08,
15086,5.917840313437218e-08,
15087,5.911393128778378e-08,
15088,5.904952967661522e-08,
15089,5.898519822904799e-08,
15090,5.892093687749579e-08,
15091,5.885674553405954e-08,
15092,5.8792624122060725e-08,
15093,5.872857255909338e-08,
15094,5.866459074222408e-08,
15095,5.8600678627517185e-08,
15096,5.853683615938208e-08,
15097,5.847306327090182e-08,
15098,5.8409359858032275e-08,
15099,5.8345725836538884e-08,
15100,5.828216112706966e-08,
15101,5.821866566349798e-08,
15102,5.815523940612127e-08,
15103,5.809188225687829e-08,
15104,5.8028594151616687e-08,
15105,5.796537495311039e-08,
15106,5.790222461472579e-08,
15107,5.783914311873721e-08,
15108,5.777613030088621e-08,
15109,5.771318613981163e-08,
15110,5.765031056447393e-08,
15111,5.7587503499222184e-08,
15112,5.752476485359514e-08,
15113,5.7462094569183005e-08,
15114,5.739949252004374e-08,
15115,5.733695869387384e-08,
15116,5.7274492977505825e-08,
15117,5.7212095297941096e-08,
15118,5.7149765655390645e-08,
15119,5.7087503874640595e-08,
15120,5.702530992865754e-08,
15121,5.6963183781882e-08,
15122,5.690112533653349e-08,
15123,5.683913449352093e-08,
15124,5.67772112088498e-08,
15125,5.67153553165387e-08,
15126,5.665356684081838e-08,
15127,5.6591845661605095e-08,
15128,5.653019174074058e-08,
15129,5.646860498829947e-08,
15130,5.6407085353558726e-08,
15131,5.6345632713678623e-08,
15132,5.6284247019894705e-08,
15133,5.622292823097049e-08,
15134,5.616167622767743e-08,
15135,5.6100490954394675e-08,
15136,5.6039372332542405e-08,
15137,5.5978320304775335e-08,
15138,5.591733476589663e-08,
15139,5.5856415629395174e-08,
15140,5.5795562907227805e-08,
15141,5.5734776509441935e-08,
15142,5.567405630875155e-08,
15143,5.561340233052315e-08,
15144,5.5552814404437925e-08,
15145,5.549229247284515e-08,
15146,5.5431836437154985e-08,
15147,5.537144628245834e-08,
15148,5.53111219231216e-08,
15149,5.52508632881294e-08,
15150,5.5190670290377474e-08,
15151,5.513054288249764e-08,
15152,5.5070480942322893e-08,
15153,5.501048448624663e-08,
15154,5.495055335574487e-08,
15155,5.489068754551451e-08,
15156,5.483088698916413e-08,
15157,5.477115153811608e-08,
15158,5.4711481166149216e-08,
15159,5.465187584673705e-08,
15160,5.4592335392342975e-08,
15161,5.453285981677307e-08,
15162,5.447344906183775e-08,
15163,5.4414103074306954e-08,
15164,5.4354821651362545e-08,
15165,5.429560486425326e-08,
15166,5.423645260113853e-08,
15167,5.417736477924567e-08,
15168,5.4118341284166367e-08,
15169,5.405938205244507e-08,
15170,5.400048713398166e-08,
15171,5.3941656357191515e-08,
15172,5.3882889660847086e-08,
15173,5.3824186996972945e-08,
15174,5.376554832846129e-08,
15175,5.370697353398115e-08,
15176,5.364846251950582e-08,
15177,5.3590015266845203e-08,
15178,5.35316317025151e-08,
15179,5.3473311747776424e-08,
15180,5.341505529564839e-08,
15181,5.3356862310288314e-08,
15182,5.329873272627473e-08,
15183,5.324066647179843e-08,
15184,5.31826635019991e-08,
15185,5.3124723692501794e-08,
15186,5.306684701636877e-08,
15187,5.300903339165425e-08,
15188,5.295128272405368e-08,
15189,5.289359500100625e-08,
15190,5.283597012757053e-08,
15191,5.2778407987560006e-08,
15192,5.2720908614907303e-08,
15193,5.266347185238509e-08,
15194,5.260609770545459e-08,
15195,5.254878605264846e-08,
15196,5.249153683564718e-08,
15197,5.2434349982359755e-08,
15198,5.2377225443237295e-08,
15199,5.232016315229623e-08,
15200,5.226316299060178e-08,
15201,5.2206224961952716e-08,
15202,5.2149348969538625e-08,
15203,5.209253488990145e-08,
15204,5.203578270258304e-08,
15205,5.197909237558275e-08,
15206,5.192246379745385e-08,
15207,5.1865896922967574e-08,
15208,5.1809391642340136e-08,
15209,5.175294796150288e-08,
15210,5.169656576578862e-08,
15211,5.164024498893744e-08,
15212,5.1583985590561375e-08,
15213,5.152778746347379e-08,
15214,5.1471650580880697e-08,
15215,5.141557482356714e-08,
15216,5.1359560173609716e-08,
15217,5.13036065358357e-08,
15218,5.1247713878796664e-08,
15219,5.119188210315547e-08,
15220,5.113611115757819e-08,
15221,5.108040096611923e-08,
15222,5.102475146903842e-08,
15223,5.0969162630326976e-08,
15224,5.091363430636096e-08,
15225,5.085816650946381e-08,
15226,5.080275914244278e-08,
15227,5.074741212867696e-08,
15228,5.0692125368408356e-08,
15229,5.063689888692065e-08,
15230,5.058173255577632e-08,
15231,5.0526626380673765e-08,
15232,5.047158018204167e-08,
15233,5.041659394569019e-08,
15234,5.036166766073916e-08,
15235,5.0306801225420535e-08,
15236,5.025199455326314e-08,
15237,5.019724755349847e-08,
15238,5.0142560221700385e-08,
15239,5.008793245666111e-08,
15240,5.0033364203617104e-08,
15241,4.9978855423861696e-08,
15242,4.992440601762777e-08,
15243,4.987001589673489e-08,
15244,4.981568508464154e-08,
15245,4.976141339714374e-08,
15246,4.970720086915036e-08,
15247,4.965304742657758e-08,
15248,4.959895297117477e-08,
15249,4.954491746138029e-08,
15250,4.949094079032967e-08,
15251,4.9437022901412285e-08,
15252,4.938316377672871e-08,
15253,4.932936335185857e-08,
15254,4.9275621545395104e-08,
15255,4.9221938294257376e-08,
15256,4.916831352064314e-08,
15257,4.9114747158927444e-08,
15258,4.906123912691142e-08,
15259,4.9007789400128346e-08,
15260,4.895439790540889e-08,
15261,4.8901064549968324e-08,
15262,4.884778933801732e-08,
15263,4.8794572148418586e-08,
15264,4.8741412967962304e-08,
15265,4.8688311679936086e-08,
15266,4.8635268276192104e-08,
15267,4.858228261481057e-08,
15268,4.852935469277849e-08,
15269,4.847648445015916e-08,
15270,4.8423671799158746e-08,
15271,4.837091665800273e-08,
15272,4.831821903238272e-08,
15273,4.826557878952628e-08,
15274,4.8212995923068664e-08,
15275,4.8160470335296206e-08,
15276,4.810800197134771e-08,
15277,4.8055590772563497e-08,
15278,4.80032366699384e-08,
15279,4.795093956541126e-08,
15280,4.789869944259153e-08,
15281,4.7846516251404424e-08,
15282,4.779438993201481e-08,
15283,4.774232038161794e-08,
15284,4.769030756406143e-08,
15285,4.763835142697544e-08,
15286,4.758645189003156e-08,
15287,4.7534608873809144e-08,
15288,4.748282234451642e-08,
15289,4.743109222538595e-08,
15290,4.737941845819102e-08,
15291,4.732780102295914e-08,
15292,4.727623979928564e-08,
15293,4.722473473538882e-08,
15294,4.7173285793539094e-08,
15295,4.712189289265763e-08,
15296,4.7070556000972635e-08,
15297,4.7019275088941163e-08,
15298,4.696804998681642e-08,
15299,4.691688069371958e-08,
15300,4.6865767117940874e-08,
15301,4.6814709249136546e-08,
15302,4.6763706999961464e-08,
15303,4.671276032636426e-08,
15304,4.6661869118959265e-08,
15305,4.661103340790845e-08,
15306,4.656025307277612e-08,
15307,4.650952805282009e-08,
15308,4.645885826451666e-08,
15309,4.640824370840316e-08,
15310,4.635768428001249e-08,
15311,4.630717996996771e-08,
15312,4.6256730662663906e-08,
15313,4.620633631703389e-08,
15314,4.615599684498567e-08,
15315,4.6105712228178345e-08,
15316,4.605548242334366e-08,
15317,4.60053073329766e-08,
15318,4.595518691126464e-08,
15319,4.5905121063721444e-08,
15320,4.585510979711956e-08,
15321,4.580515304467807e-08,
15322,4.57552506745212e-08,
15323,4.570540269677873e-08,
15324,4.5655609006982853e-08,
15325,4.560586956822229e-08,
15326,4.555618428804399e-08,
15327,4.550655311527798e-08,
15328,4.545697602955469e-08,
15329,4.5407452977146846e-08,
15330,4.535798392002559e-08,
15331,4.5308568749354934e-08,
15332,4.525920741405448e-08,
15333,4.5209899821098866e-08,
15334,4.516064593312666e-08,
15335,4.511144573232452e-08,
15336,4.506229910070194e-08,
15337,4.501320600777754e-08,
15338,4.496416642692198e-08,
15339,4.491518029143356e-08,
15340,4.4866247499369984e-08,
15341,4.4817368005203054e-08,
15342,4.4768541762285214e-08,
15343,4.471976872287169e-08,
15344,4.467104882916894e-08,
15345,4.462238201375606e-08,
15346,4.4573768201498456e-08,
15347,4.452520732455811e-08,
15348,4.447669937341069e-08,
15349,4.442824427357932e-08,
15350,4.437984195456195e-08,
15351,4.433149240811149e-08,
15352,4.428319550264639e-08,
15353,4.4234951225680044e-08,
15354,4.4186759502774124e-08,
15355,4.4138620274543694e-08,
15356,4.409053352810452e-08,
15357,4.4042499136566456e-08,
15358,4.399451709245127e-08,
15359,4.3946587350064146e-08,
15360,4.3898709820675894e-08,
15361,4.38508844359773e-08,
15362,4.38031111280975e-08,
15363,4.3755389838003886e-08,
15364,4.3707720576013605e-08,
15365,4.366010325638888e-08,
15366,4.361253784180372e-08,
15367,4.356502419671447e-08,
15368,4.3517562321807225e-08,
15369,4.34701521690356e-08,
15370,4.342279362069998e-08,
15371,4.337548671315824e-08,
15372,4.332823134331779e-08,
15373,4.328102748963076e-08,
15374,4.323387502625942e-08,
15375,4.318677392390053e-08,
15376,4.313972412398409e-08,
15377,4.309272556559642e-08,
15378,4.304577823315531e-08,
15379,4.299888208784707e-08,
15380,4.2952036980311574e-08,
15381,4.290524289991796e-08,
15382,4.2858499811103433e-08,
15383,4.2811807675185064e-08,
15384,4.276516632388172e-08,
15385,4.271857587042028e-08,
15386,4.2672036180417725e-08,
15387,4.262554715793904e-08,
15388,4.257910877910201e-08,
15389,4.253272101463357e-08,
15390,4.248638378557e-08,
15391,4.2440097036928925e-08,
15392,4.239386071570799e-08,
15393,4.234767476702603e-08,
15394,4.230153914343165e-08,
15395,4.225545377662244e-08,
15396,4.220941863743042e-08,
15397,4.216343364236922e-08,
15398,4.2117498738796866e-08,
15399,4.207161390355735e-08,
15400,4.202577901861974e-08,
15401,4.197999407845533e-08,
15402,4.193425899622795e-08,
15403,4.1888573740483374e-08,
15404,4.184293826507328e-08,
15405,4.17973525118238e-08,
15406,4.175181642205998e-08,
15407,4.1706329953261604e-08,
15408,4.1660893027154136e-08,
15409,4.161550562658408e-08,
15410,4.1570167626429746e-08,
15411,4.152487906670527e-08,
15412,4.147963983030023e-08,
15413,4.143444989111553e-08,
15414,4.138930916162552e-08,
15415,4.1344217615068226e-08,
15416,4.1299175196825685e-08,
15417,4.1254181842470604e-08,
15418,4.120923748165406e-08,
15419,4.1164342090833114e-08,
15420,4.111949560005403e-08,
15421,4.1074698027993266e-08,
15422,4.102994928513544e-08,
15423,4.098524927811616e-08,
15424,4.094059795628087e-08,
15425,4.089599521758816e-08,
15426,4.0851441114663655e-08,
15427,4.0806935603630974e-08,
15428,4.076247852786876e-08,
15429,4.0718069914142104e-08,
15430,4.0673709672874246e-08,
15431,4.062939773338848e-08,
15432,4.058513411398685e-08,
15433,4.054091867220144e-08,
15434,4.049675140590507e-08,
15435,4.0452632269958446e-08,
15436,4.0408561192488466e-08,
15437,4.0364538108041246e-08,
15438,4.0320563034345966e-08,
15439,4.0276635886947783e-08,
15440,4.023275660765029e-08,
15441,4.018892508357953e-08,
15442,4.01451413082311e-08,
15443,4.0101405246014026e-08,
15444,4.005771683298915e-08,
15445,4.001407599449504e-08,
15446,3.9970482705502266e-08,
15447,3.992693691536101e-08,
15448,3.9883438577727604e-08,
15449,3.983998760622801e-08,
15450,3.979658399766401e-08,
15451,3.975322764316163e-08,
15452,3.970991850515999e-08,
15453,3.9666656588653246e-08,
15454,3.962344178867541e-08,
15455,3.9580274075707734e-08,
15456,3.9537153381998e-08,
15457,3.949407967117139e-08,
15458,3.94510529041072e-08,
15459,3.940807298381501e-08,
15460,3.936513987331419e-08,
15461,3.932225359107214e-08,
15462,3.9279414008608896e-08,
15463,3.9236621045195723e-08,
15464,3.9193874695199585e-08,
15465,3.91511749761257e-08,
15466,3.9108521793100036e-08,
15467,3.9065915056181806e-08,
15468,3.902335472735807e-08,
15469,3.898084078035044e-08,
15470,3.893837316105497e-08,
15471,3.889595179119172e-08,
15472,3.885357666519856e-08,
15473,3.881124769325284e-08,
15474,3.8768964825247825e-08,
15475,3.8726728040561356e-08,
15476,3.868453726548494e-08,
15477,3.8642392470056476e-08,
15478,3.860029355148968e-08,
15479,3.8558240501825534e-08,
15480,3.851623327862001e-08,
15481,3.8474271836852374e-08,
15482,3.8432356054209246e-08,
15483,3.839048592917835e-08,
15484,3.834866149110744e-08,
15485,3.830688261540042e-08,
15486,3.826514924212967e-08,
15487,3.822346132997314e-08,
15488,3.818181882843821e-08,
15489,3.8140221672344456e-08,
15490,3.8098669890288054e-08,
15491,3.805716333309351e-08,
15492,3.8015702017229364e-08,
15493,3.797428585691572e-08,
15494,3.793291477828081e-08,
15495,3.789158880024933e-08,
15496,3.7850307848466895e-08,
15497,3.7809071879983446e-08,
15498,3.776788080582321e-08,
15499,3.772673458174755e-08,
15500,3.768563322070331e-08,
15501,3.7644576625555015e-08,
15502,3.760356475860843e-08,
15503,3.756259762210435e-08,
15504,3.752167510505843e-08,
15505,3.7480797141981226e-08,
15506,3.743996370445323e-08,
15507,3.739917475936847e-08,
15508,3.7358430246438804e-08,
15509,3.7317730123576195e-08,
15510,3.727707435733921e-08,
15511,3.723646284372803e-08,
15512,3.7195895599254165e-08,
15513,3.71553725739953e-08,
15514,3.7114893680550866e-08,
15515,3.7074458846860026e-08,
15516,3.7034068089222025e-08,
15517,3.699372140267818e-08,
15518,3.695341863366362e-08,
15519,3.691315978651427e-08,
15520,3.687294477801968e-08,
15521,3.683277359250065e-08,
15522,3.6792646154150954e-08,
15523,3.675256240208239e-08,
15524,3.671252234476567e-08,
15525,3.667252595474244e-08,
15526,3.663257311404342e-08,
15527,3.6592663782959905e-08,
15528,3.6552797931212645e-08,
15529,3.651297550134218e-08,
15530,3.64731964542116e-08,
15531,3.6433460765627165e-08,
15532,3.63937683872373e-08,
15533,3.635411922613831e-08,
15534,3.631451329097011e-08,
15535,3.627495049626444e-08,
15536,3.6235430794867614e-08,
15537,3.619595414448502e-08,
15538,3.615652045433952e-08,
15539,3.6117129764958204e-08,
15540,3.607778199208177e-08,
15541,3.603847705971428e-08,
15542,3.599921499382794e-08,
15543,3.595999568329237e-08,
15544,3.592081908508567e-08,
15545,3.588168515899078e-08,
15546,3.5842593883044445e-08,
15547,3.580354522504805e-08,
15548,3.576453907769215e-08,
15549,3.572557539424105e-08,
15550,3.568665422797821e-08,
15551,3.564777542533002e-08,
15552,3.56089390101501e-08,
15553,3.557014489351181e-08,
15554,3.553139308663002e-08,
15555,3.549268345175164e-08,
15556,3.54540159761899e-08,
15557,3.5415390649808064e-08,
15558,3.5376807397663864e-08,
15559,3.533826620606786e-08,
15560,3.529976696216245e-08,
15561,3.526130965297e-08,
15562,3.522289425884314e-08,
15563,3.5184520704535066e-08,
15564,3.514618895201212e-08,
15565,3.510789896986421e-08,
15566,3.506965075997524e-08,
15567,3.503144415168032e-08,
15568,3.4993279200140446e-08,
15569,3.495515576986211e-08,
15570,3.4917073931095615e-08,
15571,3.487903356700384e-08,
15572,3.484103464838952e-08,
15573,3.4803077156731064e-08,
15574,3.4765160960150073e-08,
15575,3.4727286098065937e-08,
15576,3.4689452492569206e-08,
15577,3.46516600908547e-08,
15578,3.4613908873519315e-08,
15579,3.4576198802138105e-08,
15580,3.453852979400253e-08,
15581,3.450090184499064e-08,
15582,3.44633148735193e-08,
15583,3.4425768816931996e-08,
15584,3.4388263700367834e-08,
15585,3.435079943395959e-08,
15586,3.431337599880146e-08,
15587,3.4275993329093214e-08,
15588,3.423865141114293e-08,
15589,3.420135019263827e-08,
15590,3.4164089549828594e-08,
15591,3.412686950768872e-08,
15592,3.408969003649042e-08,
15593,3.4052551051487255e-08,
15594,3.401545251420848e-08,
15595,3.397839442591982e-08,
15596,3.39413767130624e-08,
15597,3.3904399326492173e-08,
15598,3.3867462188343166e-08,
15599,3.383056530696204e-08,
15600,3.379370863480677e-08,
15601,3.375689211800005e-08,
15602,3.3720115708181914e-08,
15603,3.3683379363410694e-08,
15604,3.364668305501054e-08,
15605,3.361002674877206e-08,
15606,3.3573410342661194e-08,
15607,3.353683382598736e-08,
15608,3.350029717630124e-08,
15609,3.346380032026788e-08,
15610,3.342734322954835e-08,
15611,3.339092586860579e-08,
15612,3.335454822154964e-08,
15613,3.3318210148218975e-08,
15614,3.3281911662590293e-08,
15615,3.3245652733709316e-08,
15616,3.320943332633806e-08,
15617,3.317325333604795e-08,
15618,3.3137112768958284e-08,
15619,3.310101158239228e-08,
15620,3.3064949698421e-08,
15621,3.3028927119481294e-08,
15622,3.2992943772296796e-08,
15623,3.295699965698388e-08,
15624,3.2921094706396954e-08,
15625,3.288522887936147e-08,
15626,3.2849402153929545e-08,
15627,3.281361443514619e-08,
15628,3.2777865699943344e-08,
15629,3.274215582654637e-08,
15630,3.27064849253461e-08,
15631,3.267085285893263e-08,
15632,3.263525960156656e-08,
15633,3.2599705167351445e-08,
15634,3.256418947292865e-08,
15635,3.252871245224983e-08,
15636,3.249327409665065e-08,
15637,3.245787436116821e-08,
15638,3.24225131373368e-08,
15639,3.2387190448933396e-08,
15640,3.235190625794061e-08,
15641,3.2316660483433415e-08,
15642,3.2281453129000383e-08,
15643,3.224628415545908e-08,
15644,3.221115344934688e-08,
15645,3.217606105190769e-08,
15646,3.2141006828435517e-08,
15647,3.2105990831538114e-08,
15648,3.207101298863762e-08,
15649,3.203607321094805e-08,
15650,3.200117150977869e-08,
15651,3.1966307858126205e-08,
15652,3.1931482158608234e-08,
15653,3.189669445031672e-08,
15654,3.186194465478343e-08,
15655,3.182723270780116e-08,
15656,3.1792558575502133e-08,
15657,3.1757922268373675e-08,
15658,3.1723323672770886e-08,
15659,3.168876277900175e-08,
15660,3.165423951878797e-08,
15661,3.1619753833202486e-08,
15662,3.158530574446651e-08,
15663,3.155089519668449e-08,
15664,3.151652214011012e-08,
15665,3.1482186495940904e-08,
15666,3.144788824814191e-08,
15667,3.141362737609552e-08,
15668,3.137940382137815e-08,
15669,3.134521755609324e-08,
15670,3.131106852868608e-08,
15671,3.12769567266472e-08,
15672,3.1242882111422445e-08,
15673,3.120884457215001e-08,
15674,3.117484411107003e-08,
15675,3.11408806961485e-08,
15676,3.11069542879137e-08,
15677,3.107306484400746e-08,
15678,3.1039212351779155e-08,
15679,3.100539670658909e-08,
15680,3.0971617876714307e-08,
15681,3.0937875880698826e-08,
15682,3.090417068769151e-08,
15683,3.087050220223263e-08,
15684,3.083687034541575e-08,
15685,3.080327512751665e-08,
15686,3.076971650194353e-08,
15687,3.073619442734511e-08,
15688,3.070270891912282e-08,
15689,3.066925990909326e-08,
15690,3.06358472869037e-08,
15691,3.060247106114459e-08,
15692,3.056913128497811e-08,
15693,3.0535827774334145e-08,
15694,3.050256049860353e-08,
15695,3.0469329522253737e-08,
15696,3.0436134711812434e-08,
15697,3.0402976101028746e-08,
15698,3.036985358724053e-08,
15699,3.0336767175296914e-08,
15700,3.030371682016197e-08,
15701,3.0270702464788615e-08,
15702,3.023772407352966e-08,
15703,3.0204781565210174e-08,
15704,3.0171874960026395e-08,
15705,3.0139004243815725e-08,
15706,3.0106169315267763e-08,
15707,3.007337018532989e-08,
15708,3.004060681786333e-08,
15709,3.0007879149855875e-08,
15710,2.9975187136029526e-08,
15711,2.994253070898367e-08,
15712,2.990990986071574e-08,
15713,2.987732457959616e-08,
15714,2.984477478632238e-08,
15715,2.981226041815399e-08,
15716,2.977978146224714e-08,
15717,2.9747337885316305e-08,
15718,2.9714929696956277e-08,
15719,2.9682556822840435e-08,
15720,2.9650219190374256e-08,
15721,2.961791679133102e-08,
15722,2.9585649599054587e-08,
15723,2.9553417565843308e-08,
15724,2.952122063562024e-08,
15725,2.9489058757669018e-08,
15726,2.945693188457473e-08,
15727,2.9424840024697518e-08,
15728,2.9392783151171824e-08,
15729,2.9360761235191463e-08,
15730,2.9328774194911153e-08,
15731,2.9296822025705465e-08,
15732,2.926490463352559e-08,
15733,2.9233021997538104e-08,
15734,2.9201174116872667e-08,
15735,2.916936093725228e-08,
15736,2.9137582449689406e-08,
15737,2.9105838517753045e-08,
15738,2.9074129216874906e-08,
15739,2.904245444364444e-08,
15740,2.9010814165915283e-08,
15741,2.897920837214963e-08,
15742,2.894763700020832e-08,
15743,2.8916100016582127e-08,
15744,2.8884597397979493e-08,
15745,2.8853129112828678e-08,
15746,2.882169507894236e-08,
15747,2.8790295327847166e-08,
15748,2.8758929764200553e-08,
15749,2.87275983833724e-08,
15750,2.8696301117169705e-08,
15751,2.8665037913788276e-08,
15752,2.8633808829727295e-08,
15753,2.8602613756974506e-08,
15754,2.8571452663432805e-08,
15755,2.8540325515562512e-08,
15756,2.850923230109601e-08,
15757,2.8478172968513937e-08,
15758,2.844714745792991e-08,
15759,2.8416155725085717e-08,
15760,2.8385197801187338e-08,
15761,2.8354273598213738e-08,
15762,2.8323383057869904e-08,
15763,2.829252619803528e-08,
15764,2.8261702921940964e-08,
15765,2.8230913229212765e-08,
15766,2.8200157072731276e-08,
15767,2.8169434465150573e-08,
15768,2.813874533195293e-08,
15769,2.8108089606958463e-08,
15770,2.8077467292204867e-08,
15771,2.8046878344792653e-08,
15772,2.8016322694849927e-08,
15773,2.7985800353986327e-08,
15774,2.795531127176117e-08,
15775,2.79248553880956e-08,
15776,2.78944326878234e-08,
15777,2.7864043136046433e-08,
15778,2.7833686685260555e-08,
15779,2.7803363274064684e-08,
15780,2.7773072908368472e-08,
15781,2.7742815573944396e-08,
15782,2.771259119953006e-08,
15783,2.768239975813478e-08,
15784,2.765224121477801e-08,
15785,2.7622115533744293e-08,
15786,2.759202266649126e-08,
15787,2.7561962570257246e-08,
15788,2.7531935200746557e-08,
15789,2.7501940536556784e-08,
15790,2.7471978559251693e-08,
15791,2.7442049243939627e-08,
15792,2.7412152570615775e-08,
15793,2.7382288428225576e-08,
15794,2.7352456830221393e-08,
15795,2.7322657740221777e-08,
15796,2.7292891134296548e-08,
15797,2.7263156897637208e-08,
15798,2.7233455099414668e-08,
15799,2.720378568100399e-08,
15800,2.717414851923727e-08,
15801,2.714454368959505e-08,
15802,2.711497112131186e-08,
15803,2.708543071914941e-08,
15804,2.7055922466634556e-08,
15805,2.702644642699807e-08,
15806,2.6997002494596856e-08,
15807,2.696759063393697e-08,
15808,2.6938210839768902e-08,
15809,2.690886303423472e-08,
15810,2.687954720608028e-08,
15811,2.6850263344710527e-08,
15812,2.682101135773999e-08,
15813,2.679179123941075e-08,
15814,2.6762602955620488e-08,
15815,2.6733446447977947e-08,
15816,2.6704321755379964e-08,
15817,2.6675228797700308e-08,
15818,2.6646167496765216e-08,
15819,2.6617137809846523e-08,
15820,2.6588139798059002e-08,
15821,2.655917340027172e-08,
15822,2.6530238549661487e-08,
15823,2.6501335197930925e-08,
15824,2.647246335805455e-08,
15825,2.644362296777889e-08,
15826,2.641481400884202e-08,
15827,2.638603642484411e-08,
15828,2.635729017556943e-08,
15829,2.6328575254672186e-08,
15830,2.6299891622583386e-08,
15831,2.6271239211928015e-08,
15832,2.6242618055658816e-08,
15833,2.621402807212573e-08,
15834,2.618546918767356e-08,
15835,2.6156941424946393e-08,
15836,2.6128444770521632e-08,
15837,2.6099979142879624e-08,
15838,2.6071544549188638e-08,
15839,2.604314093667649e-08,
15840,2.6014768265773482e-08,
15841,2.5986426552302644e-08,
15842,2.595811566356932e-08,
15843,2.5929835612285047e-08,
15844,2.5901586394083217e-08,
15845,2.587336793943055e-08,
15846,2.584518021990285e-08,
15847,2.5817023203629155e-08,
15848,2.578889686774684e-08,
15849,2.576080121085585e-08,
15850,2.5732736153624865e-08,
15851,2.5704701645704424e-08,
15852,2.5676697650960938e-08,
15853,2.564872420484828e-08,
15854,2.5620781217386616e-08,
15855,2.5592868659356357e-08,
15856,2.5564986495460127e-08,
15857,2.5537134723062812e-08,
15858,2.5509313290834716e-08,
15859,2.548152221070701e-08,
15860,2.545376138989109e-08,
15861,2.5426030825446113e-08,
15862,2.5398330449606474e-08,
15863,2.5370660218170303e-08,
15864,2.534302021151935e-08,
15865,2.531541027934385e-08,
15866,2.5287830424089988e-08,
15867,2.526028062519164e-08,
15868,2.5232760860053863e-08,
15869,2.5205271081275812e-08,
15870,2.5177811226472908e-08,
15871,2.515038127013181e-08,
15872,2.5122981207702468e-08,
15873,2.5095610975990745e-08,
15874,2.5068270609120676e-08,
15875,2.5040960007688104e-08,
15876,2.501367915370822e-08,
15877,2.498642803788942e-08,
15878,2.4959206585724118e-08,
15879,2.493201486642201e-08,
15880,2.4904852701112983e-08,
15881,2.48777201216816e-08,
15882,2.4850617110546342e-08,
15883,2.4823543647536714e-08,
15884,2.4796499669002513e-08,
15885,2.476948512303074e-08,
15886,2.47425000470333e-08,
15887,2.4715544345428392e-08,
15888,2.468861802411407e-08,
15889,2.466172104661753e-08,
15890,2.4634853341516003e-08,
15891,2.4608014955074907e-08,
15892,2.458120578120275e-08,
15893,2.4554425768432898e-08,
15894,2.4527674988240508e-08,
15895,2.4500953356056785e-08,
15896,2.4474260853312765e-08,
15897,2.4447597437677613e-08,
15898,2.442096302917675e-08,
15899,2.4394357670079693e-08,
15900,2.436778122194565e-08,
15901,2.434123377785329e-08,
15902,2.431471525303415e-08,
15903,2.4288225598200258e-08,
15904,2.4261764810068168e-08,
15905,2.4235332842949856e-08,
15906,2.420892967730371e-08,
15907,2.418255527807196e-08,
15908,2.4156209634786322e-08,
15909,2.4129892695296898e-08,
15910,2.4103604416978208e-08,
15911,2.407734478905823e-08,
15912,2.405111374408304e-08,
15913,2.4024911283375607e-08,
15914,2.3998737386668877e-08,
15915,2.3972591991400976e-08,
15916,2.3946475056950873e-08,
15917,2.392038663371901e-08,
15918,2.3894326575176303e-08,
15919,2.3868294921097528e-08,
15920,2.3842291607989377e-08,
15921,2.3816316637966013e-08,
15922,2.3790369971123507e-08,
15923,2.3764451587198585e-08,
15924,2.37385614326805e-08,
15925,2.371269945621669e-08,
15926,2.3686865662142965e-08,
15927,2.3661060013514882e-08,
15928,2.3635282503387737e-08,
15929,2.3609533095428116e-08,
15930,2.3583811731787796e-08,
15931,2.3558118399566722e-08,
15932,2.3532453065692455e-08,
15933,2.3506815635375035e-08,
15934,2.348120614230886e-08,
15935,2.3455624551151763e-08,
15936,2.343007086082009e-08,
15937,2.34045450025195e-08,
15938,2.3379046926505157e-08,
15939,2.335357666695393e-08,
15940,2.3328134131351608e-08,
15941,2.330271927821568e-08,
15942,2.3277332163195685e-08,
15943,2.3251972723837742e-08,
15944,2.3226640883822954e-08,
15945,2.3201336674638176e-08,
15946,2.317606000255157e-08,
15947,2.3150810836560727e-08,
15948,2.3125589203933425e-08,
15949,2.31003950662426e-08,
15950,2.3075228339972704e-08,
15951,2.3050089046471417e-08,
15952,2.3024977162891095e-08,
15953,2.2999892651202748e-08,
15954,2.2974835428628333e-08,
15955,2.294980548415478e-08,
15956,2.2924802826961666e-08,
15957,2.289982741835196e-08,
15958,2.2874879217106508e-08,
15959,2.2849958195045535e-08,
15960,2.2825064348899176e-08,
15961,2.2800197608919524e-08,
15962,2.2775357960091314e-08,
15963,2.2750545334515132e-08,
15964,2.2725759772577306e-08,
15965,2.2701001203788388e-08,
15966,2.267626962175024e-08,
15967,2.2651564964277845e-08,
15968,2.2626887225396495e-08,
15969,2.2602236401596467e-08,
15970,2.2577612400814943e-08,
15971,2.2553015234840826e-08,
15972,2.2528444912007284e-08,
15973,2.2503901314730625e-08,
15974,2.247938447442246e-08,
15975,2.2454894338941697e-08,
15976,2.2430430902038385e-08,
15977,2.2405994136164117e-08,
15978,2.2381583959890728e-08,
15979,2.2357200373517416e-08,
15980,2.233284335577378e-08,
15981,2.2308512857105405e-08,
15982,2.2284208824443395e-08,
15983,2.225993131647298e-08,
15984,2.2235680267429585e-08,
15985,2.221145565466479e-08,
15986,2.2187257442680337e-08,
15987,2.216308556821714e-08,
15988,2.2138940051917906e-08,
15989,2.2114820814148824e-08,
15990,2.2090727863435113e-08,
15991,2.206666116304284e-08,
15992,2.204262069264065e-08,
15993,2.201860641254522e-08,
15994,2.1994618251451647e-08,
15995,2.1970656280041303e-08,
15996,2.1946720372814525e-08,
15997,2.1922810527185762e-08,
15998,2.1898926757332836e-08,
15999,2.187506900933111e-08,
16000,2.185123722128101e-08,
16001,2.1827431398587516e-08,
16002,2.1803651496802237e-08,
16003,2.1779897563277334e-08,
16004,2.175616949067611e-08,
16005,2.173246723809796e-08,
16006,2.1708790831085708e-08,
16007,2.1685140201563282e-08,
16008,2.1661515346836953e-08,
16009,2.1637916209484014e-08,
16010,2.1614342805373872e-08,
16011,2.1590795106950243e-08,
16012,2.156727307534206e-08,
16013,2.1543776653214943e-08,
16014,2.1520305786949083e-08,
16015,2.149686052739083e-08,
16016,2.1473440787269133e-08,
16017,2.1450046593511144e-08,
16018,2.142667788352637e-08,
16019,2.1403334641188132e-08,
16020,2.1380016809693338e-08,
16021,2.1356724386567486e-08,
16022,2.133345730264379e-08,
16023,2.1310215546884125e-08,
16024,2.1286999184139586e-08,
16025,2.1263808088568696e-08,
16026,2.1240642256235225e-08,
16027,2.121750165301709e-08,
16028,2.1194386261385187e-08,
16029,2.1171296048501596e-08,
16030,2.1148231022267506e-08,
16031,2.112519106287786e-08,
16032,2.110217625364086e-08,
16033,2.1079186517064923e-08,
16034,2.1056221820690406e-08,
16035,2.103328214661033e-08,
16036,2.1010367483604513e-08,
16037,2.098747777115196e-08,
16038,2.0964613021113238e-08,
16039,2.0941773145166684e-08,
16040,2.0918958166534397e-08,
16041,2.089616805833567e-08,
16042,2.087340274623398e-08,
16043,2.0850662225138734e-08,
16044,2.082794653154207e-08,
16045,2.080525559037708e-08,
16046,2.0782589363899988e-08,
16047,2.0759947769894816e-08,
16048,2.0737330854231918e-08,
16049,2.071473859501823e-08,
16050,2.0692170938330667e-08,
16051,2.066962786280177e-08,
16052,2.0647109330960305e-08,
16053,2.062461536221018e-08,
16054,2.0602145884397653e-08,
16055,2.057970092638875e-08,
16056,2.0557280391765526e-08,
16057,2.05348842899942e-08,
16058,2.0512512555729767e-08,
16059,2.0490165242748462e-08,
16060,2.0467842269264962e-08,
16061,2.0445543604259222e-08,
16062,2.0423269275807206e-08,
16063,2.0401019175382117e-08,
16064,2.0378793306307724e-08,
16065,2.0356591662258318e-08,
16066,2.033441419467758e-08,
16067,2.0312260898227794e-08,
16068,2.0290131700715232e-08,
16069,2.0268026623327964e-08,
16070,2.0245945646039884e-08,
16071,2.022388872674681e-08,
16072,2.0201855821345268e-08,
16073,2.0179846936303185e-08,
16074,2.015786203019271e-08,
16075,2.0135901055823495e-08,
16076,2.011396399131182e-08,
16077,2.0092050851950918e-08,
16078,2.0070161600993933e-08,
16079,2.004829614270796e-08,
16080,2.002645454637627e-08,
16081,2.000463675617854e-08,
16082,1.998284273721271e-08,
16083,1.9961072459983405e-08,
16084,1.9939325909771707e-08,
16085,1.9917603070618857e-08,
16086,1.9895903912024184e-08,
16087,1.9874228348566525e-08,
16088,1.9852576442209342e-08,
16089,1.983094803863003e-08,
16090,1.980934322078028e-08,
16091,1.978776193404608e-08,
16092,1.9766204217732352e-08,
16093,1.9744669976870442e-08,
16094,1.9723159151948504e-08,
16095,1.970167177588143e-08,
16096,1.968020782112502e-08,
16097,1.9658767224121086e-08,
16098,1.9637349994329662e-08,
16099,1.9615956146616623e-08,
16100,1.9594585555771167e-08,
16101,1.957323824732334e-08,
16102,1.9551914209137895e-08,
16103,1.953061336876776e-08,
16104,1.950933575512071e-08,
16105,1.9488081321353482e-08,
16106,1.9466850022805856e-08,
16107,1.94456418779135e-08,
16108,1.9424456876534247e-08,
16109,1.9403294951338103e-08,
16110,1.9382156046522558e-08,
16111,1.9361040161836166e-08,
16112,1.933994730344676e-08,
16113,1.9318877416755536e-08,
16114,1.9297830479817093e-08,
16115,1.9276806526844566e-08,
16116,1.9255805444504684e-08,
16117,1.9234827215065518e-08,
16118,1.9213871883565244e-08,
16119,1.9192939310791475e-08,
16120,1.917202957883023e-08,
16121,1.9151142627610888e-08,
16122,1.913027845954404e-08,
16123,1.910943699640057e-08,
16124,1.908861824068263e-08,
16125,1.9067822138134247e-08,
16126,1.9047048714675348e-08,
16127,1.9026297930941093e-08,
16128,1.900556978956845e-08,
16129,1.898486420857619e-08,
16130,1.8964181182092782e-08,
16131,1.894352065096547e-08,
16132,1.892288264435845e-08,
16133,1.8902267129478193e-08,
16134,1.8881674055440886e-08,
16135,1.886110342064349e-08,
16136,1.8840555211983985e-08,
16137,1.8820029383445305e-08,
16138,1.879952592947942e-08,
16139,1.8779044801747207e-08,
16140,1.8758585982230096e-08,
16141,1.8738149455195807e-08,
16142,1.8717735176629316e-08,
16143,1.869734317320253e-08,
16144,1.867697338687156e-08,
16145,1.8656625763719113e-08,
16146,1.8636300304518835e-08,
16147,1.8615997030959384e-08,
16148,1.859571583318796e-08,
16149,1.8575456727423434e-08,
16150,1.8555219732970756e-08,
16151,1.8535004761819267e-08,
16152,1.8514811827955062e-08,
16153,1.8494640909180587e-08,
16154,1.8474491976975575e-08,
16155,1.8454364986391246e-08,
16156,1.8434259921110146e-08,
16157,1.8414176732340105e-08,
16158,1.839411543644605e-08,
16159,1.8374075980096116e-08,
16160,1.8354058348721944e-08,
16161,1.833406250620683e-08,
16162,1.8314088497651185e-08,
16163,1.8294136245401537e-08,
16164,1.8274205711720957e-08,
16165,1.8254296858310338e-08,
16166,1.8234409719119816e-08,
16167,1.8214544248140497e-08,
16168,1.819470042774414e-08,
16169,1.8174878261371517e-08,
16170,1.8155077660389665e-08,
16171,1.8135298600265832e-08,
16172,1.8115541119355777e-08,
16173,1.8095805159875298e-08,
16174,1.8076090713942493e-08,
16175,1.805639773621959e-08,
16176,1.8036726183186558e-08,
16177,1.8017076074264176e-08,
16178,1.7997447342331435e-08,
16179,1.7977840048966117e-08,
16180,1.795825411190186e-08,
16181,1.79386895342661e-08,
16182,1.791914621846137e-08,
16183,1.7899624226467947e-08,
16184,1.788012352103057e-08,
16185,1.7860644056006175e-08,
16186,1.7841185811393745e-08,
16187,1.7821748746723042e-08,
16188,1.7802332894291942e-08,
16189,1.7782938173980886e-08,
16190,1.7763564594295898e-08,
16191,1.7744212127347183e-08,
16192,1.7724880745950004e-08,
16193,1.770557044672784e-08,
16194,1.7686281120988466e-08,
16195,1.766701283045285e-08,
16196,1.764776551914162e-08,
16197,1.7628539171201797e-08,
16198,1.760933383255891e-08,
16199,1.7590149387858016e-08,
16200,1.7570985839062835e-08,
16201,1.7551843106020136e-08,
16202,1.7532721266375374e-08,
16203,1.7513620217758928e-08,
16204,1.749454000699475e-08,
16205,1.7475480599403712e-08,
16206,1.7456441967612438e-08,
16207,1.7437424030090497e-08,
16208,1.741842681176998e-08,
16209,1.7399450327123982e-08,
16210,1.7380494531782226e-08,
16211,1.736155940072499e-08,
16212,1.73426448793001e-08,
16213,1.7323750948119814e-08,
16214,1.7304877636678663e-08,
16215,1.7286024836369704e-08,
16216,1.726719255556577e-08,
16217,1.7248380835536485e-08,
16218,1.7229589565732542e-08,
16219,1.7210818817216622e-08,
16220,1.7192068536991417e-08,
16221,1.7173338647395728e-08,
16222,1.7154629148234407e-08,
16223,1.7135940053241298e-08,
16224,1.7117271326110696e-08,
16225,1.7098622933016785e-08,
16226,1.7079994834539356e-08,
16227,1.7061387036203837e-08,
16228,1.7042799522193716e-08,
16229,1.7024232261838294e-08,
16230,1.7005685193266746e-08,
16231,1.6987158367305613e-08,
16232,1.6968651726874907e-08,
16233,1.6950165259712087e-08,
16234,1.693169895167503e-08,
16235,1.691325274785415e-08,
16236,1.6894826611594896e-08,
16237,1.687642058666143e-08,
16238,1.685803461385925e-08,
16239,1.6839668630629245e-08,
16240,1.6821322676951966e-08,
16241,1.680299667752795e-08,
16242,1.6784690657762424e-08,
16243,1.676640458549209e-08,
16244,1.6748138409124633e-08,
16245,1.6729892160083576e-08,
16246,1.6711665776869873e-08,
16247,1.669345925820669e-08,
16248,1.6675272537136338e-08,
16249,1.6657105701232718e-08,
16250,1.6638958648118672e-08,
16251,1.6620831368394917e-08,
16252,1.660272382148083e-08,
16253,1.6584636010307222e-08,
16254,1.6566567917253484e-08,
16255,1.6548519488543997e-08,
16256,1.653049073550465e-08,
16257,1.6512481564158473e-08,
16258,1.6494492039510447e-08,
16259,1.647652214427565e-08,
16260,1.64585718346676e-08,
16261,1.6440641053312035e-08,
16262,1.6422729817132122e-08,
16263,1.640483809920264e-08,
16264,1.6386965857484978e-08,
16265,1.6369113103577752e-08,
16266,1.6351279797383596e-08,
16267,1.6333465877478915e-08,
16268,1.6315671383878898e-08,
16269,1.6297896331079707e-08,
16270,1.6280140623320477e-08,
16271,1.6262404271360392e-08,
16272,1.6244687259738643e-08,
16273,1.6226989526378917e-08,
16274,1.620931105036554e-08,
16275,1.619165180727831e-08,
16276,1.617401183010058e-08,
16277,1.6156391069991998e-08,
16278,1.613878948126111e-08,
16279,1.612120711327807e-08,
16280,1.6103643928328627e-08,
16281,1.6086099803787185e-08,
16282,1.6068574815330257e-08,
16283,1.6051068940612354e-08,
16284,1.603358214166176e-08,
16285,1.6016114413051083e-08,
16286,1.5998665673690373e-08,
16287,1.5981235939901353e-08,
16288,1.5963825194201954e-08,
16289,1.594643342655384e-08,
16290,1.5929060618336916e-08,
16291,1.5911706709399364e-08,
16292,1.5894371702729647e-08,
16293,1.587705556793731e-08,
16294,1.585975829883913e-08,
16295,1.5842479893256013e-08,
16296,1.5825220334314575e-08,
16297,1.5807979577598773e-08,
16298,1.57907576044769e-08,
16299,1.57735543579558e-08,
16300,1.5756369864691636e-08,
16301,1.5739204118523105e-08,
16302,1.5722057041615247e-08,
16303,1.5704928676822677e-08,
16304,1.568781896352334e-08,
16305,1.567072789540484e-08,
16306,1.565365543292751e-08,
16307,1.5636601567027252e-08,
16308,1.5619566307049017e-08,
16309,1.560254958417937e-08,
16310,1.5585551405694987e-08,
16311,1.556857173467625e-08,
16312,1.5551610527423862e-08,
16313,1.553466784422249e-08,
16314,1.55177436408435e-08,
16315,1.550083782395931e-08,
16316,1.5483950477747522e-08,
16317,1.546708151779864e-08,
16318,1.54502309087829e-08,
16319,1.5433398676138278e-08,
16320,1.5416584772205823e-08,
16321,1.5399789171823136e-08,
16322,1.5383011872128263e-08,
16323,1.5366252846305764e-08,
16324,1.5349512112044077e-08,
16325,1.5332789629651366e-08,
16326,1.531608531854117e-08,
16327,1.529939922283475e-08,
16328,1.5282731297199574e-08,
16329,1.5266081543599777e-08,
16330,1.5249449929196328e-08,
16331,1.523283640698675e-08,
16332,1.521624099820719e-08,
16333,1.5199663698965585e-08,
16334,1.5183104453925024e-08,
16335,1.5166563243378442e-08,
16336,1.51500400559425e-08,
16337,1.513353484751807e-08,
16338,1.5117047615147958e-08,
16339,1.510057833596829e-08,
16340,1.5084127022245814e-08,
16341,1.506769366272025e-08,
16342,1.5051278191561685e-08,
16343,1.5034880574304485e-08,
16344,1.501850084429203e-08,
16345,1.5002138972493987e-08,
16346,1.4985794949420414e-08,
16347,1.49694687089015e-08,
16348,1.495316022000833e-08,
16349,1.493686953756226e-08,
16350,1.4920596602772602e-08,
16351,1.4904341330314168e-08,
16352,1.4888103793420452e-08,
16353,1.4871883944150211e-08,
16354,1.4855681757766365e-08,
16355,1.4839497258233738e-08,
16356,1.4823330383424494e-08,
16357,1.4807181115803826e-08,
16358,1.4791049443608028e-08,
16359,1.4774935387011708e-08,
16360,1.4758838852232583e-08,
16361,1.4742759875640029e-08,
16362,1.4726698403325473e-08,
16363,1.471065443692506e-08,
16364,1.4694627903595843e-08,
16365,1.4678618856731557e-08,
16366,1.46626272267695e-08,
16367,1.4646653045928746e-08,
16368,1.4630696285651839e-08,
16369,1.4614756885944968e-08,
16370,1.4598834874514154e-08,
16371,1.4582930218283984e-08,
16372,1.4567042848192589e-08,
16373,1.4551172811736533e-08,
16374,1.4535320054252057e-08,
16375,1.4519484553970027e-08,
16376,1.4503666299251163e-08,
16377,1.4487865304872764e-08,
16378,1.4472081519544442e-08,
16379,1.4456314901646496e-08,
16380,1.444056548065545e-08,
16381,1.4424833232200336e-08,
16382,1.4409118169467134e-08,
16383,1.4393420185536607e-08,
16384,1.437773932698797e-08,
16385,1.4362075517695886e-08,
16386,1.4346428770808896e-08,
16387,1.4330799047376055e-08,
16388,1.4315186402031709e-08,
16389,1.4299590753843255e-08,
16390,1.4284012072218063e-08,
16391,1.4268450345450589e-08,
16392,1.4252905582409247e-08,
16393,1.423737778272007e-08,
16394,1.4221866901812186e-08,
16395,1.420637292671192e-08,
16396,1.4190895813312869e-08,
16397,1.4175435554199902e-08,
16398,1.4159992132039082e-08,
16399,1.4144565522937861e-08,
16400,1.4129155756835203e-08,
16401,1.411376280964588e-08,
16402,1.4098386555314261e-08,
16403,1.4083027056930434e-08,
16404,1.406768433071768e-08,
16405,1.4052358277338698e-08,
16406,1.4037048925590969e-08,
16407,1.4021756277241697e-08,
16408,1.4006480298815596e-08,
16409,1.3991220969681912e-08,
16410,1.3975978245389187e-08,
16411,1.3960752139951735e-08,
16412,1.3945542607476973e-08,
16413,1.393034967375698e-08,
16414,1.3915173256843046e-08,
16415,1.3900013398959665e-08,
16416,1.388487003489079e-08,
16417,1.3869743147597796e-08,
16418,1.3854632785562923e-08,
16419,1.3839538871530194e-08,
16420,1.3824461387485533e-08,
16421,1.3809400328754644e-08,
16422,1.3794355740566405e-08,
16423,1.3779327498602734e-08,
16424,1.3764315614528924e-08,
16425,1.3749320087835327e-08,
16426,1.3734340902498379e-08,
16427,1.3719378026869753e-08,
16428,1.370443145384569e-08,
16429,1.3689501154079861e-08,
16430,1.3674587136773177e-08,
16431,1.365968934818632e-08,
16432,1.3644807808749605e-08,
16433,1.3629942504532596e-08,
16434,1.3615093392342688e-08,
16435,1.3600260471021294e-08,
16436,1.3585443679314623e-08,
16437,1.3570643021799872e-08,
16438,1.3555858499758459e-08,
16439,1.35410900872371e-08,
16440,1.3526337775308114e-08,
16441,1.351160153992194e-08,
16442,1.349688133990806e-08,
16443,1.3482177169179057e-08,
16444,1.3467489033257188e-08,
16445,1.3452816872202e-08,
16446,1.3438160699330552e-08,
16447,1.3423520497778745e-08,
16448,1.3408896256230136e-08,
16449,1.3394287973143857e-08,
16450,1.33796955728377e-08,
16451,1.3365119042486136e-08,
16452,1.3350558455997672e-08,
16453,1.3336013709331485e-08,
16454,1.3321484810915586e-08,
16455,1.3306971741748762e-08,
16456,1.3292474520790463e-08,
16457,1.3277993098933725e-08,
16458,1.326352745229217e-08,
16459,1.3249077534739253e-08,
16460,1.3234643346587176e-08,
16461,1.3220224885422445e-08,
16462,1.3205822138804348e-08,
16463,1.3191435082387444e-08,
16464,1.3177063691750442e-08,
16465,1.3162707993172373e-08,
16466,1.3148367939811701e-08,
16467,1.313404344946885e-08,
16468,1.3119734573356176e-08,
16469,1.3105441315574313e-08,
16470,1.309116362864164e-08,
16471,1.3076901502097765e-08,
16472,1.3062654899232525e-08,
16473,1.3048423828660122e-08,
16474,1.303420822293766e-08,
16475,1.3020008103868506e-08,
16476,1.300582344210543e-08,
16477,1.2991654242174605e-08,
16478,1.2977500516911964e-08,
16479,1.2963362208247751e-08,
16480,1.2949239328103522e-08,
16481,1.2935131770131015e-08,
16482,1.292103962745134e-08,
16483,1.2906962823713454e-08,
16484,1.2892901358144004e-08,
16485,1.2878855236763242e-08,
16486,1.2864824422382518e-08,
16487,1.2850808884796729e-08,
16488,1.2836808577419254e-08,
16489,1.2822823526765265e-08,
16490,1.2808853693055366e-08,
16491,1.2794899085800703e-08,
16492,1.278095968610007e-08,
16493,1.2767035466169887e-08,
16494,1.2753126454049817e-08,
16495,1.2739232570088005e-08,
16496,1.272535382284126e-08,
16497,1.2711490198219662e-08,
16498,1.2697641718248568e-08,
16499,1.2683808338088107e-08,
16500,1.2669989984365582e-08,
16501,1.2656186661599079e-08,
16502,1.264239840189729e-08,
16503,1.2628625162207517e-08,
16504,1.2614866924441145e-08,
16505,1.2601123652894003e-08,
16506,1.2587395349981337e-08,
16507,1.2573681991359085e-08,
16508,1.2559983597232306e-08,
16509,1.2546300119531642e-08,
16510,1.2532631591528113e-08,
16511,1.2518977986784973e-08,
16512,1.2505339213784972e-08,
16513,1.2491715282997167e-08,
16514,1.247810616668323e-08,
16515,1.2464511870620402e-08,
16516,1.2450932423898121e-08,
16517,1.2437367810028239e-08,
16518,1.2423817942769396e-08,
16519,1.2410282845671e-08,
16520,1.2396762449664014e-08,
16521,1.2383256823854134e-08,
16522,1.2369765905093769e-08,
16523,1.2356289701492599e-08,
16524,1.2342828179691172e-08,
16525,1.2329381292167809e-08,
16526,1.2315949037996693e-08,
16527,1.2302531439618456e-08,
16528,1.2289128436844292e-08,
16529,1.22757400485895e-08,
16530,1.22623662765453e-08,
16531,1.2249007065879849e-08,
16532,1.2235662399030258e-08,
16533,1.2222332278568844e-08,
16534,1.2209016701131233e-08,
16535,1.2195715621942565e-08,
16536,1.2182428988369095e-08,
16537,1.2169156884794293e-08,
16538,1.2155899188928845e-08,
16539,1.2142655967441635e-08,
16540,1.2129427148372488e-08,
16541,1.2116212727493319e-08,
16542,1.2103012720626538e-08,
16543,1.2089827085968132e-08,
16544,1.2076655825709739e-08,
16545,1.206349895676922e-08,
16546,1.2050356375599072e-08,
16547,1.2037228125887071e-08,
16548,1.2024114156153304e-08,
16549,1.2011014486155348e-08,
16550,1.1997929108930849e-08,
16551,1.1984857967277827e-08,
16552,1.1971801095729026e-08,
16553,1.1958758426975697e-08,
16554,1.1945729947583712e-08,
16555,1.1932715636496802e-08,
16556,1.1919715572971088e-08,
16557,1.1906729656466494e-08,
16558,1.1893757873779795e-08,
16559,1.188080024092082e-08,
16560,1.1867856709228826e-08,
16561,1.1854927277318824e-08,
16562,1.1842011941129233e-08,
16563,1.1829110681035179e-08,
16564,1.1816223443704835e-08,
16565,1.1803350270787887e-08,
16566,1.1790491130963317e-08,
16567,1.1777645989658622e-08,
16568,1.176481482662233e-08,
16569,1.1751997731619723e-08,
16570,1.1739194553938971e-08,
16571,1.1726405307495205e-08,
16572,1.1713630003530719e-08,
16573,1.1700868566066078e-08,
16574,1.168812105935021e-08,
16575,1.1675387457303251e-08,
16576,1.1662667714422926e-08,
16577,1.1649961828485976e-08,
16578,1.1637269759313727e-08,
16579,1.1624591540655798e-08,
16580,1.1611927158449265e-08,
16581,1.1599276538050461e-08,
16582,1.1586639717609088e-08,
16583,1.157401667007028e-08,
16584,1.1561407372640656e-08,
16585,1.1548811814190567e-08,
16586,1.153622995320675e-08,
16587,1.1523661799193927e-08,
16588,1.1511107379375852e-08,
16589,1.1498566649533724e-08,
16590,1.1486039572733846e-08,
16591,1.1473526117778732e-08,
16592,1.1461026290318206e-08,
16593,1.1448540087883057e-08,
16594,1.1436067485284147e-08,
16595,1.1423608433759303e-08,
16596,1.1411162987745307e-08,
16597,1.139873113785486e-08,
16598,1.1386312784775417e-08,
16599,1.1373907976219621e-08,
16600,1.1361516703873042e-08,
16601,1.1349138949093145e-08,
16602,1.133677463115478e-08,
16603,1.1324423786307693e-08,
16604,1.1312086406785219e-08,
16605,1.1299762471788026e-08,
16606,1.1287451969635243e-08,
16607,1.1275154871073103e-08,
16608,1.1262871178585766e-08,
16609,1.1250600850490338e-08,
16610,1.1238343867024986e-08,
16611,1.1226100224969012e-08,
16612,1.1213869966070335e-08,
16613,1.1201652986270144e-08,
16614,1.1189449373259302e-08,
16615,1.1177259042573654e-08,
16616,1.1165082010778677e-08,
16617,1.1152918236944552e-08,
16618,1.1140767708639408e-08,
16619,1.1128630428717499e-08,
16620,1.1116506373976045e-08,
16621,1.110439550223815e-08,
16622,1.1092297865469325e-08,
16623,1.108021339628453e-08,
16624,1.1068142076704361e-08,
16625,1.1056083912737058e-08,
16626,1.1044038880388878e-08,
16627,1.1032006963679801e-08,
16628,1.1019988128941167e-08,
16629,1.1007982407982554e-08,
16630,1.0995989767558994e-08,
16631,1.098401020848377e-08,
16632,1.0972043718105915e-08,
16633,1.0960090248785557e-08,
16634,1.0948149752592676e-08,
16635,1.0936222288290189e-08,
16636,1.0924307819046121e-08,
16637,1.0912406386131555e-08,
16638,1.0900517859257372e-08,
16639,1.0888642283765364e-08,
16640,1.087677962712397e-08,
16641,1.0864929887633128e-08,
16642,1.08530930830807e-08,
16643,1.0841269162863489e-08,
16644,1.0829458158604022e-08,
16645,1.0817660044699762e-08,
16646,1.0805874762420843e-08,
16647,1.0794102299014211e-08,
16648,1.0782342642023227e-08,
16649,1.07705958396859e-08,
16650,1.0758861798028496e-08,
16651,1.0747140582877284e-08,
16652,1.0735432101868421e-08,
16653,1.0723736410951148e-08,
16654,1.07120534681343e-08,
16655,1.070038322889447e-08,
16656,1.0688725767935147e-08,
16657,1.0677080966054332e-08,
16658,1.0665448831462417e-08,
16659,1.065382932139169e-08,
16660,1.0642222534788452e-08,
16661,1.0630628373153244e-08,
16662,1.0619046825539736e-08,
16663,1.060747790311533e-08,
16664,1.0595921592092368e-08,
16665,1.0584377890078118e-08,
16666,1.057284671320158e-08,
16667,1.0561328147486037e-08,
16668,1.0549822125628095e-08,
16669,1.0538328642596088e-08,
16670,1.0526847673706213e-08,
16671,1.0515379218590443e-08,
16672,1.0503923251889845e-08,
16673,1.0492479790956823e-08,
16674,1.0481048761446758e-08,
16675,1.046963020758114e-08,
16676,1.045822408215722e-08,
16677,1.0446830346760692e-08,
16678,1.0435449051767877e-08,
16679,1.042408015103792e-08,
16680,1.0412723623903354e-08,
16681,1.0401379515583635e-08,
16682,1.0390047768436503e-08,
16683,1.0378728334522629e-08,
16684,1.0367421238003324e-08,
16685,1.0356126490686324e-08,
16686,1.0344844054702694e-08,
16687,1.033357385834731e-08,
16688,1.0322315970183854e-08,
16689,1.0311070352602255e-08,
16690,1.0299836972033156e-08,
16691,1.028861583530641e-08,
16692,1.0277406937725837e-08,
16693,1.0266210216807842e-08,
16694,1.025502569457575e-08,
16695,1.02438533241475e-08,
16696,1.0232693171415607e-08,
16697,1.0221545186280388e-08,
16698,1.0210409319906333e-08,
16699,1.019928561625442e-08,
16700,1.0188174041918169e-08,
16701,1.0177074579196647e-08,
16702,1.0165987130987877e-08,
16703,1.015491180334917e-08,
16704,1.0143848595572735e-08,
16705,1.0132797408584446e-08,
16706,1.0121758288032086e-08,
16707,1.0110731157187081e-08,
16708,1.0099716026129601e-08,
16709,1.0088712912650574e-08,
16710,1.0077721762693122e-08,
16711,1.0066742580226184e-08,
16712,1.0055775352343177e-08,
16713,1.0044820100079585e-08,
16714,1.0033876782002032e-08,
16715,1.002294534536826e-08,
16716,1.0012025873873428e-08,
16717,1.0001118267033434e-08,
16718,9.990222567027089e-09,
